S 65352,65349,65356,65356,65359 10
S 0,0,0,1,1 5
S - 0
S 8321,8322,8323,8324 4
S 128105 2
S 128300 2
S 128105,8205,128300 2
C 65352 2
C 0 -1
C 1 -1
C 8321 1
C 10 -1
C 119 1
C 65352 2
C 173 0
C 4448 0
C 161 1
C 768 0
C 129393 2
C 4448 0
C 12644 0
C 65440 0
C 917504 0
S 183 1
S 903 1
S 168 1
S 713 1
C 4352 2
C 43388 2
C 4447 2
C 4448 0
C 55238 0
C 4520 0
C 55291 0
S 3406,3337 1
S 72329 0
C 65529 1
C 65530 1
C 65531 1
C 78896 1
C 78902 1
C 78908 1
C 769 0
C 8413 0
C 2507 1
C 2494 0
C 43258 0
S 60,824 1
S 61,824 1
S 62,824 1
S 61,769,824 1
S 61,824,769 1
S 61,65039,824 1
S 35,65039,824 2
S 35,824,65039 1
S 1720,824,1575 1
S 1720,824,65038,1575 1
S 1720,824,65039,1575 1
S 1720,65038,824,1575 1
S 1720,65039,824,1575 1
S 61,824,1575 2
C 35 1
C 65039 0
S 35,65039 2
S 97,35,65039,97 4
S 35,97,65039 2
S 97,65039 1
S 35,35,65039,97 4
S 42,65039 2
S 9209,65039 2
S 9410,65039 2
S 128755,65039 2
S 128768,65039 1
S 42,769,65039 1
S 42,8205,65039 1
S 42,65038,65039 1
C 65038 0
C 9800 2
S 9800,65038 1
S 9800,65038,65039 1
S 9800,65039,65038 2
S 127514,65038 2
S 769,65038 0
S 97,65038 1
S 98304,65038 2
S 9800,769,65038 2
S 9800,8205,65038 2
C 8232 1
C 8233 1
C 13 -1
C 10 -1
S 13 1
S 10 1
S 13,10 1
S 0 1
S 49,9,50,13,10,51,133,52 7
S 13,65039,10 2
S 13,8205,10 2
S 42218,42233 2
S 42218,42233,42236 2
S 42218,42233,65039,42236 2
S 42218,42233,8205,42236 2
S 42218,42233,42236,65039 2
S 42218,42233,769,42236 3
S 42218,42233,42233 3
S 42218,42236,42236 3
S 1488 1
S 1500 1
S 1488,1500 2
S 1488,8205,1500 1
S 1488,8205,8205,8205,8205,8205,8205,8205,1500 1
S 1488,1488,8205,1500 2
S 1488,1488,8205,8205,8205,8205,8205,8205,1500 2
S 1488,65039,8205,65039,1500,65039 1
S 1488,65038,8205,65038,1500,65038 1
S 1604 1
S 1720 1
S 1571 1
S 1575 1
S 1604,1571 1
S 1604,1575 1
S 1720,1571 1
S 1720,1575 1
S 1604,1631,1630,1571 1
S 1604,1631,1630,1575 1
S 1720,1631,1630,1571 1
S 1720,1631,1630,1575 1
S 1720,65038,1575 1
S 1720,65039,1575 1
S 1720,6069,1575 1
S 1604,1604,1571 2
S 1604,1604,1575 2
S 1720,1720,1571 2
S 1720,1720,1575 2
S 1604,8205,1571 2
S 1604,8205,1575 2
S 1720,8205,1571 2
S 1720,8205,1575 2
S 1604,125259,1571 3
S 1604,125259,1575 3
S 1720,125259,1571 3
S 1720,125259,1575 3
S 6677 1
S 6679 0
S 6672 1
S 6677,6679,8205,6672 1
S 6677,6679,8205,8205,8205,8205,6672 1
S 6677,6679,8205,824 1
S 6677,65038,6679,8205 1
S 6677,65039,6679,8205 1
S 6677,6679,65038,8205 1
S 6677,6679,65039,8205 1
S 6677,6679,8205,65038 1
S 6677,6679,8205,65039 1
S 6677,6069,8205,65038,6679,8205,65039,8205,65039 1
S 6677,6677,6679,8205,6672 2
S 6677,6677,6679,8205,8205,8205,8205,6672 2
S 6677,6679,6672 2
S 6677,8205,6672 2
S 6677,6672 2
S 6677,6679,6679,8205,6672 2
S 6677,6679,824,8205,6672 2
S 11599 1
S 11582 1
S 11647 1
S 11599,8205,11582 1
S 11599,11647,11582 1
S 11599,8205,11582 1
S 11599,65039,8205,11647,65038,8205,6069,11582 1
S 11599,769,11647,11582 3
S 11599,769,8205,11582 2
S 11599,11582 2
S 11599,11647,11647,11582 4
S 11647,11582 2
S 11647,11647,11622 3
S 11622,11647,11582 3
S 68658 1
S 68611 1
S 68658,68611 2
S 68658,8205,68611 1
S 68658,65039,8205,65038,68611 1
S 68658,11647,68611 3
S 68658,769,8205,68611 2
S 68611,8205,68658 2
S 8205,68658 1
S 6043 1
S 6020 1
S 6043,6020 2
S 6043,6098,6020 1
S 6052 2
S 6050,6054 2
S 6104 3
S 6100,6043,6100 3
S 128106 2
S 127995 2
S 128106,127995 2
S 128106,8205,8205,127995 4
S 129489,8205,129309,8205,129489 2
S 127470,127473,128330,65039,127477,127480 6
S 127477,127480,8205,128330,65039,8205,127470,127473 2
S 127470,127473,8205,128330,65039,8205,8205,127477,127480 4
S 127477,127480,8205,8205,128330,65039,8205,127470,127473 4
S 127462,127462,8205,127462,127462 2
S 127462,127462,8205,127462,127462,127462 3
S 127462,127462,8205,127462,127462,127462 3
S 127462,127462,8205,8205,127462,127462 4
S 127462,127462,8205,127462,8205,127462,127462 5
S 127462,127462,8205,127462,127462,8205,127462,127462 2
S 127462,127462,8205,127462,127462,127462,8205,127462,127462 5
S 127462,127462,8205,127462,127462,127462,127462,8205,127462,127462 4
S 127462,127462,8205,127462,127462,127462,127462,127462,8205,127462,127462 7
S 127462,127462,8205,127462,127462,127462,127462,127462,127462,8205,127462,127462 6
S 127462,127462,8205,127462,127462,127462,127462,127462,127462,127462,8205,127462,127462 9
S 127988,917607,917602,917623,917612,917619,917631 2
S 127988,917607,917602,917605,917614,917607,917631,8205,127988,917607,917602,917619,917603,917620,917631,8205,127988,917607,917602,917623,917612,917619,917631 2
S 127462,128106,8205,127999 3
S 127462,127999,8205,127999 3
C 127988 2
S 917553 0
S 917603 0
S 917631 0
S 127988,8205,9410,65039 2
S 127988,917553,8205,9410,65039 4
S 127988,917603,8205,9410,65039 4
S 127988,917631,8205,9410,65039 4
S 127988,917553,917631,8205,9410,65039 4
S 127988,917553,917553,917631,8205,9410,65039 4
S 127988,917553,917553,917553,917631,8205,9410,65039 2
S 127988,917553,917553,917553,917553,917631,8205,9410,65039 4
S 127988,917553,917553,917553,917603,917631,8205,9410,65039 2
S 127988,917553,917553,917553,917603,917603,917631,8205,9410,65039 2
S 127988,917553,917553,917553,917603,917603,917603,917631,8205,9410,65039 2
S 127988,917553,917553,917553,917603,917603,917603,917603,917631,8205,9410,65039 2
S 127988,917553,917553,917553,917603,917603,917603,917603,917603,917631,8205,9410,65039 4
S 127988,917603,917603,917631,8205,9410,65039 4
S 127988,917603,917603,917603,917631,8205,9410,65039 2
S 127988,917603,917603,917603,917603,917631,8205,9410,65039 2
S 127988,917603,917603,917603,917603,917603,917631,8205,9410,65039 2
S 127988,917603,917603,917603,917603,917603,917603,917631,8205,9410,65039 2
S 127988,917603,917603,917603,917603,917603,917603,917603,917631,8205,9410,65039 4
S 97,8205,127988,917607,917602,917623,917612,917619,917631 3
S 128106,8205,97 3
S 97,8205,97 2
S 42,65039 2
S 42,8419 1
S 42,65039,8419 2
S 42,65039 2
S 42,8419,65039 1
S 42,65039,8419,8205,128106 2
S 42,8419,65039,8205,128106 3
S 42,8419,8205,128106 3
S 42,65039,8205,128106 2
S 42,65039,8419,8419,8205,128106 4
S 42,65039,65039,8419,8205,128106 4
S 127462,128106,8205,127999,8205,128106,127995,8205,9410,65039,8205,42,65039,8205,127462,127462,8205,127988,917607,917602,917623,917612,917619,917631,8205,128106 3
S 9450 1
S 9750 1
S 10112 1
C 65024 0
C 65025 0
C 65026 0
S 2325 1
S 2359 1
S 2325,2381,2359 2
S 128512 2
S 128515 2
S 128516 2
S 128513 2
S 128518 2
S 128517 2
S 129315 2
S 128514 2
S 128578 2
S 128579 2
S 129760 2
S 128521 2
S 128522 2
S 128519 2
S 129392 2
S 128525 2
S 129321 2
S 128536 2
S 128535 2
S 9786,65039 2
S 128538 2
S 128537 2
S 129394 2
S 128523 2
S 128539 2
S 128540 2
S 129322 2
S 128541 2
S 129297 2
S 129303 2
S 129325 2
S 129762 2
S 129763 2
S 129323 2
S 129300 2
S 129761 2
S 129296 2
S 129320 2
S 128528 2
S 128529 2
S 128566 2
S 129765 2
S 128566,8205,127787,65039 2
S 128527 2
S 128530 2
S 128580 2
S 128556 2
S 128558,8205,128168 2
S 129317 2
S 129768 2
S 128578,8205,8596,65039 2
S 128578,8205,8597,65039 2
S 128524 2
S 128532 2
S 128554 2
S 129316 2
S 128564 2
S 129769 2
S 128567 2
S 129298 2
S 129301 2
S 129314 2
S 129326 2
S 129319 2
S 129397 2
S 129398 2
S 129396 2
S 128565 2
S 128565,8205,128171 2
S 129327 2
S 129312 2
S 129395 2
S 129400 2
S 128526 2
S 129299 2
S 129488 2
S 128533 2
S 129764 2
S 128543 2
S 128577 2
S 9785,65039 2
S 128558 2
S 128559 2
S 128562 2
S 128563 2
S 129770 2
S 129402 2
S 129401 2
S 128550 2
S 128551 2
S 128552 2
S 128560 2
S 128549 2
S 128546 2
S 128557 2
S 128561 2
S 128534 2
S 128547 2
S 128542 2
S 128531 2
S 128553 2
S 128555 2
S 129393 2
S 128548 2
S 128545 2
S 128544 2
S 129324 2
S 128520 2
S 128127 2
S 128128 2
S 9760,65039 2
S 128169 2
S 129313 2
S 128121 2
S 128122 2
S 128123 2
S 128125 2
S 128126 2
S 129302 2
S 128570 2
S 128568 2
S 128569 2
S 128571 2
S 128572 2
S 128573 2
S 128576 2
S 128575 2
S 128574 2
S 128584 2
S 128585 2
S 128586 2
S 128140 2
S 128152 2
S 128157 2
S 128150 2
S 128151 2
S 128147 2
S 128158 2
S 128149 2
S 128159 2
S 10083,65039 2
S 128148 2
S 10084,65039,8205,128293 2
S 10084,65039,8205,129657 2
S 10084,65039 2
S 129655 2
S 129505 2
S 128155 2
S 128154 2
S 128153 2
S 129653 2
S 128156 2
S 129294 2
S 128420 2
S 129654 2
S 129293 2
S 128139 2
S 128175 2
S 128162 2
S 129775 2
S 128165 2
S 128171 2
S 128166 2
S 128168 2
S 128371,65039 2
S 128172 2
S 128065,65039,8205,128488,65039 2
S 128488,65039 2
S 128495,65039 2
S 128173 2
S 128164 2
S 128075 2
S 128075,127995 2
S 128075,127996 2
S 128075,127997 2
S 128075,127998 2
S 128075,127999 2
S 129306 2
S 129306,127995 2
S 129306,127996 2
S 129306,127997 2
S 129306,127998 2
S 129306,127999 2
S 128400,65039 2
S 128400,127995 2
S 128400,127996 2
S 128400,127997 2
S 128400,127998 2
S 128400,127999 2
S 9995 2
S 9995,127995 2
S 9995,127996 2
S 9995,127997 2
S 9995,127998 2
S 9995,127999 2
S 128406 2
S 128406,127995 2
S 128406,127996 2
S 128406,127997 2
S 128406,127998 2
S 128406,127999 2
S 129777 2
S 129777,127995 2
S 129777,127996 2
S 129777,127997 2
S 129777,127998 2
S 129777,127999 2
S 129778 2
S 129778,127995 2
S 129778,127996 2
S 129778,127997 2
S 129778,127998 2
S 129778,127999 2
S 129779 2
S 129779,127995 2
S 129779,127996 2
S 129779,127997 2
S 129779,127998 2
S 129779,127999 2
S 129780 2
S 129780,127995 2
S 129780,127996 2
S 129780,127997 2
S 129780,127998 2
S 129780,127999 2
S 129783 2
S 129783,127995 2
S 129783,127996 2
S 129783,127997 2
S 129783,127998 2
S 129783,127999 2
S 129784 2
S 129784,127995 2
S 129784,127996 2
S 129784,127997 2
S 129784,127998 2
S 129784,127999 2
S 128076 2
S 128076,127995 2
S 128076,127996 2
S 128076,127997 2
S 128076,127998 2
S 128076,127999 2
S 129292 2
S 129292,127995 2
S 129292,127996 2
S 129292,127997 2
S 129292,127998 2
S 129292,127999 2
S 129295 2
S 129295,127995 2
S 129295,127996 2
S 129295,127997 2
S 129295,127998 2
S 129295,127999 2
S 9996,65039 2
S 9996,127995 2
S 9996,127996 2
S 9996,127997 2
S 9996,127998 2
S 9996,127999 2
S 129310 2
S 129310,127995 2
S 129310,127996 2
S 129310,127997 2
S 129310,127998 2
S 129310,127999 2
S 129776 2
S 129776,127995 2
S 129776,127996 2
S 129776,127997 2
S 129776,127998 2
S 129776,127999 2
S 129311 2
S 129311,127995 2
S 129311,127996 2
S 129311,127997 2
S 129311,127998 2
S 129311,127999 2
S 129304 2
S 129304,127995 2
S 129304,127996 2
S 129304,127997 2
S 129304,127998 2
S 129304,127999 2
S 129305 2
S 129305,127995 2
S 129305,127996 2
S 129305,127997 2
S 129305,127998 2
S 129305,127999 2
S 128072 2
S 128072,127995 2
S 128072,127996 2
S 128072,127997 2
S 128072,127998 2
S 128072,127999 2
S 128073 2
S 128073,127995 2
S 128073,127996 2
S 128073,127997 2
S 128073,127998 2
S 128073,127999 2
S 128070 2
S 128070,127995 2
S 128070,127996 2
S 128070,127997 2
S 128070,127998 2
S 128070,127999 2
S 128405 2
S 128405,127995 2
S 128405,127996 2
S 128405,127997 2
S 128405,127998 2
S 128405,127999 2
S 128071 2
S 128071,127995 2
S 128071,127996 2
S 128071,127997 2
S 128071,127998 2
S 128071,127999 2
S 9757,65039 2
S 9757,127995 2
S 9757,127996 2
S 9757,127997 2
S 9757,127998 2
S 9757,127999 2
S 129781 2
S 129781,127995 2
S 129781,127996 2
S 129781,127997 2
S 129781,127998 2
S 129781,127999 2
S 128077 2
S 128077,127995 2
S 128077,127996 2
S 128077,127997 2
S 128077,127998 2
S 128077,127999 2
S 128078 2
S 128078,127995 2
S 128078,127996 2
S 128078,127997 2
S 128078,127998 2
S 128078,127999 2
S 9994 2
S 9994,127995 2
S 9994,127996 2
S 9994,127997 2
S 9994,127998 2
S 9994,127999 2
S 128074 2
S 128074,127995 2
S 128074,127996 2
S 128074,127997 2
S 128074,127998 2
S 128074,127999 2
S 129307 2
S 129307,127995 2
S 129307,127996 2
S 129307,127997 2
S 129307,127998 2
S 129307,127999 2
S 129308 2
S 129308,127995 2
S 129308,127996 2
S 129308,127997 2
S 129308,127998 2
S 129308,127999 2
S 128079 2
S 128079,127995 2
S 128079,127996 2
S 128079,127997 2
S 128079,127998 2
S 128079,127999 2
S 128588 2
S 128588,127995 2
S 128588,127996 2
S 128588,127997 2
S 128588,127998 2
S 128588,127999 2
S 129782 2
S 129782,127995 2
S 129782,127996 2
S 129782,127997 2
S 129782,127998 2
S 129782,127999 2
S 128080 2
S 128080,127995 2
S 128080,127996 2
S 128080,127997 2
S 128080,127998 2
S 128080,127999 2
S 129330 2
S 129330,127995 2
S 129330,127996 2
S 129330,127997 2
S 129330,127998 2
S 129330,127999 2
S 129309 2
S 129309,127995 2
S 129309,127996 2
S 129309,127997 2
S 129309,127998 2
S 129309,127999 2
S 129777,127995,8205,129778,127996 2
S 129777,127995,8205,129778,127997 2
S 129777,127995,8205,129778,127998 2
S 129777,127995,8205,129778,127999 2
S 129777,127996,8205,129778,127995 2
S 129777,127996,8205,129778,127997 2
S 129777,127996,8205,129778,127998 2
S 129777,127996,8205,129778,127999 2
S 129777,127997,8205,129778,127995 2
S 129777,127997,8205,129778,127996 2
S 129777,127997,8205,129778,127998 2
S 129777,127997,8205,129778,127999 2
S 129777,127998,8205,129778,127995 2
S 129777,127998,8205,129778,127996 2
S 129777,127998,8205,129778,127997 2
S 129777,127998,8205,129778,127999 2
S 129777,127999,8205,129778,127995 2
S 129777,127999,8205,129778,127996 2
S 129777,127999,8205,129778,127997 2
S 129777,127999,8205,129778,127998 2
S 128591 2
S 128591,127995 2
S 128591,127996 2
S 128591,127997 2
S 128591,127998 2
S 128591,127999 2
S 9997,65039 2
S 9997,127995 2
S 9997,127996 2
S 9997,127997 2
S 9997,127998 2
S 9997,127999 2
S 128133 2
S 128133,127995 2
S 128133,127996 2
S 128133,127997 2
S 128133,127998 2
S 128133,127999 2
S 129331 2
S 129331,127995 2
S 129331,127996 2
S 129331,127997 2
S 129331,127998 2
S 129331,127999 2
S 128170 2
S 128170,127995 2
S 128170,127996 2
S 128170,127997 2
S 128170,127998 2
S 128170,127999 2
S 129470 2
S 129471 2
S 129461 2
S 129461,127995 2
S 129461,127996 2
S 129461,127997 2
S 129461,127998 2
S 129461,127999 2
S 129462 2
S 129462,127995 2
S 129462,127996 2
S 129462,127997 2
S 129462,127998 2
S 129462,127999 2
S 128066 2
S 128066,127995 2
S 128066,127996 2
S 128066,127997 2
S 128066,127998 2
S 128066,127999 2
S 129467 2
S 129467,127995 2
S 129467,127996 2
S 129467,127997 2
S 129467,127998 2
S 129467,127999 2
S 128067 2
S 128067,127995 2
S 128067,127996 2
S 128067,127997 2
S 128067,127998 2
S 128067,127999 2
S 129504 2
S 129728 2
S 129729 2
S 129463 2
S 129460 2
S 128064 2
S 128065,65039 2
S 128069 2
S 128068 2
S 129766 2
S 128118 2
S 128118,127995 2
S 128118,127996 2
S 128118,127997 2
S 128118,127998 2
S 128118,127999 2
S 129490 2
S 129490,127995 2
S 129490,127996 2
S 129490,127997 2
S 129490,127998 2
S 129490,127999 2
S 128102 2
S 128102,127995 2
S 128102,127996 2
S 128102,127997 2
S 128102,127998 2
S 128102,127999 2
S 128103 2
S 128103,127995 2
S 128103,127996 2
S 128103,127997 2
S 128103,127998 2
S 128103,127999 2
S 129489 2
S 129489,127995 2
S 129489,127996 2
S 129489,127997 2
S 129489,127998 2
S 129489,127999 2
S 128113 2
S 128113,127995 2
S 128113,127996 2
S 128113,127997 2
S 128113,127998 2
S 128113,127999 2
S 128104 2
S 128104,127995 2
S 128104,127996 2
S 128104,127997 2
S 128104,127998 2
S 128104,127999 2
S 129492 2
S 129492,127995 2
S 129492,127996 2
S 129492,127997 2
S 129492,127998 2
S 129492,127999 2
S 129492,8205,9794,65039 2
S 129492,127995,8205,9794,65039 2
S 129492,127996,8205,9794,65039 2
S 129492,127997,8205,9794,65039 2
S 129492,127998,8205,9794,65039 2
S 129492,127999,8205,9794,65039 2
S 129492,8205,9792,65039 2
S 129492,127995,8205,9792,65039 2
S 129492,127996,8205,9792,65039 2
S 129492,127997,8205,9792,65039 2
S 129492,127998,8205,9792,65039 2
S 129492,127999,8205,9792,65039 2
S 128104,8205,129456 2
S 128104,127995,8205,129456 2
S 128104,127996,8205,129456 2
S 128104,127997,8205,129456 2
S 128104,127998,8205,129456 2
S 128104,127999,8205,129456 2
S 128104,8205,129457 2
S 128104,127995,8205,129457 2
S 128104,127996,8205,129457 2
S 128104,127997,8205,129457 2
S 128104,127998,8205,129457 2
S 128104,127999,8205,129457 2
S 128104,8205,129459 2
S 128104,127995,8205,129459 2
S 128104,127996,8205,129459 2
S 128104,127997,8205,129459 2
S 128104,127998,8205,129459 2
S 128104,127999,8205,129459 2
S 128104,8205,129458 2
S 128104,127995,8205,129458 2
S 128104,127996,8205,129458 2
S 128104,127997,8205,129458 2
S 128104,127998,8205,129458 2
S 128104,127999,8205,129458 2
S 128105 2
S 128105,127995 2
S 128105,127996 2
S 128105,127997 2
S 128105,127998 2
S 128105,127999 2
S 128105,8205,129456 2
S 128105,127995,8205,129456 2
S 128105,127996,8205,129456 2
S 128105,127997,8205,129456 2
S 128105,127998,8205,129456 2
S 128105,127999,8205,129456 2
S 129489,8205,129456 2
S 129489,127995,8205,129456 2
S 129489,127996,8205,129456 2
S 129489,127997,8205,129456 2
S 129489,127998,8205,129456 2
S 129489,127999,8205,129456 2
S 128105,8205,129457 2
S 128105,127995,8205,129457 2
S 128105,127996,8205,129457 2
S 128105,127997,8205,129457 2
S 128105,127998,8205,129457 2
S 128105,127999,8205,129457 2
S 129489,8205,129457 2
S 129489,127995,8205,129457 2
S 129489,127996,8205,129457 2
S 129489,127997,8205,129457 2
S 129489,127998,8205,129457 2
S 129489,127999,8205,129457 2
S 128105,8205,129459 2
S 128105,127995,8205,129459 2
S 128105,127996,8205,129459 2
S 128105,127997,8205,129459 2
S 128105,127998,8205,129459 2
S 128105,127999,8205,129459 2
S 129489,8205,129459 2
S 129489,127995,8205,129459 2
S 129489,127996,8205,129459 2
S 129489,127997,8205,129459 2
S 129489,127998,8205,129459 2
S 129489,127999,8205,129459 2
S 128105,8205,129458 2
S 128105,127995,8205,129458 2
S 128105,127996,8205,129458 2
S 128105,127997,8205,129458 2
S 128105,127998,8205,129458 2
S 128105,127999,8205,129458 2
S 129489,8205,129458 2
S 129489,127995,8205,129458 2
S 129489,127996,8205,129458 2
S 129489,127997,8205,129458 2
S 129489,127998,8205,129458 2
S 129489,127999,8205,129458 2
S 128113,8205,9792,65039 2
S 128113,127995,8205,9792,65039 2
S 128113,127996,8205,9792,65039 2
S 128113,127997,8205,9792,65039 2
S 128113,127998,8205,9792,65039 2
S 128113,127999,8205,9792,65039 2
S 128113,8205,9794,65039 2
S 128113,127995,8205,9794,65039 2
S 128113,127996,8205,9794,65039 2
S 128113,127997,8205,9794,65039 2
S 128113,127998,8205,9794,65039 2
S 128113,127999,8205,9794,65039 2
S 129491 2
S 129491,127995 2
S 129491,127996 2
S 129491,127997 2
S 129491,127998 2
S 129491,127999 2
S 128116 2
S 128116,127995 2
S 128116,127996 2
S 128116,127997 2
S 128116,127998 2
S 128116,127999 2
S 128117 2
S 128117,127995 2
S 128117,127996 2
S 128117,127997 2
S 128117,127998 2
S 128117,127999 2
S 128589 2
S 128589,127995 2
S 128589,127996 2
S 128589,127997 2
S 128589,127998 2
S 128589,127999 2
S 128589,8205,9794,65039 2
S 128589,127995,8205,9794,65039 2
S 128589,127996,8205,9794,65039 2
S 128589,127997,8205,9794,65039 2
S 128589,127998,8205,9794,65039 2
S 128589,127999,8205,9794,65039 2
S 128589,8205,9792,65039 2
S 128589,127995,8205,9792,65039 2
S 128589,127996,8205,9792,65039 2
S 128589,127997,8205,9792,65039 2
S 128589,127998,8205,9792,65039 2
S 128589,127999,8205,9792,65039 2
S 128590 2
S 128590,127995 2
S 128590,127996 2
S 128590,127997 2
S 128590,127998 2
S 128590,127999 2
S 128590,8205,9794,65039 2
S 128590,127995,8205,9794,65039 2
S 128590,127996,8205,9794,65039 2
S 128590,127997,8205,9794,65039 2
S 128590,127998,8205,9794,65039 2
S 128590,127999,8205,9794,65039 2
S 128590,8205,9792,65039 2
S 128590,127995,8205,9792,65039 2
S 128590,127996,8205,9792,65039 2
S 128590,127997,8205,9792,65039 2
S 128590,127998,8205,9792,65039 2
S 128590,127999,8205,9792,65039 2
S 128581 2
S 128581,127995 2
S 128581,127996 2
S 128581,127997 2
S 128581,127998 2
S 128581,127999 2
S 128581,8205,9794,65039 2
S 128581,127995,8205,9794,65039 2
S 128581,127996,8205,9794,65039 2
S 128581,127997,8205,9794,65039 2
S 128581,127998,8205,9794,65039 2
S 128581,127999,8205,9794,65039 2
S 128581,8205,9792,65039 2
S 128581,127995,8205,9792,65039 2
S 128581,127996,8205,9792,65039 2
S 128581,127997,8205,9792,65039 2
S 128581,127998,8205,9792,65039 2
S 128581,127999,8205,9792,65039 2
S 128582 2
S 128582,127995 2
S 128582,127996 2
S 128582,127997 2
S 128582,127998 2
S 128582,127999 2
S 128582,8205,9794,65039 2
S 128582,127995,8205,9794,65039 2
S 128582,127996,8205,9794,65039 2
S 128582,127997,8205,9794,65039 2
S 128582,127998,8205,9794,65039 2
S 128582,127999,8205,9794,65039 2
S 128582,8205,9792,65039 2
S 128582,127995,8205,9792,65039 2
S 128582,127996,8205,9792,65039 2
S 128582,127997,8205,9792,65039 2
S 128582,127998,8205,9792,65039 2
S 128582,127999,8205,9792,65039 2
S 128129 2
S 128129,127995 2
S 128129,127996 2
S 128129,127997 2
S 128129,127998 2
S 128129,127999 2
S 128129,8205,9794,65039 2
S 128129,127995,8205,9794,65039 2
S 128129,127996,8205,9794,65039 2
S 128129,127997,8205,9794,65039 2
S 128129,127998,8205,9794,65039 2
S 128129,127999,8205,9794,65039 2
S 128129,8205,9792,65039 2
S 128129,127995,8205,9792,65039 2
S 128129,127996,8205,9792,65039 2
S 128129,127997,8205,9792,65039 2
S 128129,127998,8205,9792,65039 2
S 128129,127999,8205,9792,65039 2
S 128587 2
S 128587,127995 2
S 128587,127996 2
S 128587,127997 2
S 128587,127998 2
S 128587,127999 2
S 128587,8205,9794,65039 2
S 128587,127995,8205,9794,65039 2
S 128587,127996,8205,9794,65039 2
S 128587,127997,8205,9794,65039 2
S 128587,127998,8205,9794,65039 2
S 128587,127999,8205,9794,65039 2
S 128587,8205,9792,65039 2
S 128587,127995,8205,9792,65039 2
S 128587,127996,8205,9792,65039 2
S 128587,127997,8205,9792,65039 2
S 128587,127998,8205,9792,65039 2
S 128587,127999,8205,9792,65039 2
S 129487 2
S 129487,127995 2
S 129487,127996 2
S 129487,127997 2
S 129487,127998 2
S 129487,127999 2
S 129487,8205,9794,65039 2
S 129487,127995,8205,9794,65039 2
S 129487,127996,8205,9794,65039 2
S 129487,127997,8205,9794,65039 2
S 129487,127998,8205,9794,65039 2
S 129487,127999,8205,9794,65039 2
S 129487,8205,9792,65039 2
S 129487,127995,8205,9792,65039 2
S 129487,127996,8205,9792,65039 2
S 129487,127997,8205,9792,65039 2
S 129487,127998,8205,9792,65039 2
S 129487,127999,8205,9792,65039 2
S 128583 2
S 128583,127995 2
S 128583,127996 2
S 128583,127997 2
S 128583,127998 2
S 128583,127999 2
S 128583,8205,9794,65039 2
S 128583,127995,8205,9794,65039 2
S 128583,127996,8205,9794,65039 2
S 128583,127997,8205,9794,65039 2
S 128583,127998,8205,9794,65039 2
S 128583,127999,8205,9794,65039 2
S 128583,8205,9792,65039 2
S 128583,127995,8205,9792,65039 2
S 128583,127996,8205,9792,65039 2
S 128583,127997,8205,9792,65039 2
S 128583,127998,8205,9792,65039 2
S 128583,127999,8205,9792,65039 2
S 129318 2
S 129318,127995 2
S 129318,127996 2
S 129318,127997 2
S 129318,127998 2
S 129318,127999 2
S 129318,8205,9794,65039 2
S 129318,127995,8205,9794,65039 2
S 129318,127996,8205,9794,65039 2
S 129318,127997,8205,9794,65039 2
S 129318,127998,8205,9794,65039 2
S 129318,127999,8205,9794,65039 2
S 129318,8205,9792,65039 2
S 129318,127995,8205,9792,65039 2
S 129318,127996,8205,9792,65039 2
S 129318,127997,8205,9792,65039 2
S 129318,127998,8205,9792,65039 2
S 129318,127999,8205,9792,65039 2
S 129335 2
S 129335,127995 2
S 129335,127996 2
S 129335,127997 2
S 129335,127998 2
S 129335,127999 2
S 129335,8205,9794,65039 2
S 129335,127995,8205,9794,65039 2
S 129335,127996,8205,9794,65039 2
S 129335,127997,8205,9794,65039 2
S 129335,127998,8205,9794,65039 2
S 129335,127999,8205,9794,65039 2
S 129335,8205,9792,65039 2
S 129335,127995,8205,9792,65039 2
S 129335,127996,8205,9792,65039 2
S 129335,127997,8205,9792,65039 2
S 129335,127998,8205,9792,65039 2
S 129335,127999,8205,9792,65039 2
S 129489,8205,9877,65039 2
S 129489,127995,8205,9877,65039 2
S 129489,127996,8205,9877,65039 2
S 129489,127997,8205,9877,65039 2
S 129489,127998,8205,9877,65039 2
S 129489,127999,8205,9877,65039 2
S 128104,8205,9877,65039 2
S 128104,127995,8205,9877,65039 2
S 128104,127996,8205,9877,65039 2
S 128104,127997,8205,9877,65039 2
S 128104,127998,8205,9877,65039 2
S 128104,127999,8205,9877,65039 2
S 128105,8205,9877,65039 2
S 128105,127995,8205,9877,65039 2
S 128105,127996,8205,9877,65039 2
S 128105,127997,8205,9877,65039 2
S 128105,127998,8205,9877,65039 2
S 128105,127999,8205,9877,65039 2
S 129489,8205,127891 2
S 129489,127995,8205,127891 2
S 129489,127996,8205,127891 2
S 129489,127997,8205,127891 2
S 129489,127998,8205,127891 2
S 129489,127999,8205,127891 2
S 128104,8205,127891 2
S 128104,127995,8205,127891 2
S 128104,127996,8205,127891 2
S 128104,127997,8205,127891 2
S 128104,127998,8205,127891 2
S 128104,127999,8205,127891 2
S 128105,8205,127891 2
S 128105,127995,8205,127891 2
S 128105,127996,8205,127891 2
S 128105,127997,8205,127891 2
S 128105,127998,8205,127891 2
S 128105,127999,8205,127891 2
S 129489,8205,127979 2
S 129489,127995,8205,127979 2
S 129489,127996,8205,127979 2
S 129489,127997,8205,127979 2
S 129489,127998,8205,127979 2
S 129489,127999,8205,127979 2
S 128104,8205,127979 2
S 128104,127995,8205,127979 2
S 128104,127996,8205,127979 2
S 128104,127997,8205,127979 2
S 128104,127998,8205,127979 2
S 128104,127999,8205,127979 2
S 128105,8205,127979 2
S 128105,127995,8205,127979 2
S 128105,127996,8205,127979 2
S 128105,127997,8205,127979 2
S 128105,127998,8205,127979 2
S 128105,127999,8205,127979 2
S 129489,8205,9878,65039 2
S 129489,127995,8205,9878,65039 2
S 129489,127996,8205,9878,65039 2
S 129489,127997,8205,9878,65039 2
S 129489,127998,8205,9878,65039 2
S 129489,127999,8205,9878,65039 2
S 128104,8205,9878,65039 2
S 128104,127995,8205,9878,65039 2
S 128104,127996,8205,9878,65039 2
S 128104,127997,8205,9878,65039 2
S 128104,127998,8205,9878,65039 2
S 128104,127999,8205,9878,65039 2
S 128105,8205,9878,65039 2
S 128105,127995,8205,9878,65039 2
S 128105,127996,8205,9878,65039 2
S 128105,127997,8205,9878,65039 2
S 128105,127998,8205,9878,65039 2
S 128105,127999,8205,9878,65039 2
S 129489,8205,127806 2
S 129489,127995,8205,127806 2
S 129489,127996,8205,127806 2
S 129489,127997,8205,127806 2
S 129489,127998,8205,127806 2
S 129489,127999,8205,127806 2
S 128104,8205,127806 2
S 128104,127995,8205,127806 2
S 128104,127996,8205,127806 2
S 128104,127997,8205,127806 2
S 128104,127998,8205,127806 2
S 128104,127999,8205,127806 2
S 128105,8205,127806 2
S 128105,127995,8205,127806 2
S 128105,127996,8205,127806 2
S 128105,127997,8205,127806 2
S 128105,127998,8205,127806 2
S 128105,127999,8205,127806 2
S 129489,8205,127859 2
S 129489,127995,8205,127859 2
S 129489,127996,8205,127859 2
S 129489,127997,8205,127859 2
S 129489,127998,8205,127859 2
S 129489,127999,8205,127859 2
S 128104,8205,127859 2
S 128104,127995,8205,127859 2
S 128104,127996,8205,127859 2
S 128104,127997,8205,127859 2
S 128104,127998,8205,127859 2
S 128104,127999,8205,127859 2
S 128105,8205,127859 2
S 128105,127995,8205,127859 2
S 128105,127996,8205,127859 2
S 128105,127997,8205,127859 2
S 128105,127998,8205,127859 2
S 128105,127999,8205,127859 2
S 129489,8205,128295 2
S 129489,127995,8205,128295 2
S 129489,127996,8205,128295 2
S 129489,127997,8205,128295 2
S 129489,127998,8205,128295 2
S 129489,127999,8205,128295 2
S 128104,8205,128295 2
S 128104,127995,8205,128295 2
S 128104,127996,8205,128295 2
S 128104,127997,8205,128295 2
S 128104,127998,8205,128295 2
S 128104,127999,8205,128295 2
S 128105,8205,128295 2
S 128105,127995,8205,128295 2
S 128105,127996,8205,128295 2
S 128105,127997,8205,128295 2
S 128105,127998,8205,128295 2
S 128105,127999,8205,128295 2
S 129489,8205,127981 2
S 129489,127995,8205,127981 2
S 129489,127996,8205,127981 2
S 129489,127997,8205,127981 2
S 129489,127998,8205,127981 2
S 129489,127999,8205,127981 2
S 128104,8205,127981 2
S 128104,127995,8205,127981 2
S 128104,127996,8205,127981 2
S 128104,127997,8205,127981 2
S 128104,127998,8205,127981 2
S 128104,127999,8205,127981 2
S 128105,8205,127981 2
S 128105,127995,8205,127981 2
S 128105,127996,8205,127981 2
S 128105,127997,8205,127981 2
S 128105,127998,8205,127981 2
S 128105,127999,8205,127981 2
S 129489,8205,128188 2
S 129489,127995,8205,128188 2
S 129489,127996,8205,128188 2
S 129489,127997,8205,128188 2
S 129489,127998,8205,128188 2
S 129489,127999,8205,128188 2
S 128104,8205,128188 2
S 128104,127995,8205,128188 2
S 128104,127996,8205,128188 2
S 128104,127997,8205,128188 2
S 128104,127998,8205,128188 2
S 128104,127999,8205,128188 2
S 128105,8205,128188 2
S 128105,127995,8205,128188 2
S 128105,127996,8205,128188 2
S 128105,127997,8205,128188 2
S 128105,127998,8205,128188 2
S 128105,127999,8205,128188 2
S 129489,8205,128300 2
S 129489,127995,8205,128300 2
S 129489,127996,8205,128300 2
S 129489,127997,8205,128300 2
S 129489,127998,8205,128300 2
S 129489,127999,8205,128300 2
S 128104,8205,128300 2
S 128104,127995,8205,128300 2
S 128104,127996,8205,128300 2
S 128104,127997,8205,128300 2
S 128104,127998,8205,128300 2
S 128104,127999,8205,128300 2
S 128105,8205,128300 2
S 128105,127995,8205,128300 2
S 128105,127996,8205,128300 2
S 128105,127997,8205,128300 2
S 128105,127998,8205,128300 2
S 128105,127999,8205,128300 2
S 129489,8205,128187 2
S 129489,127995,8205,128187 2
S 129489,127996,8205,128187 2
S 129489,127997,8205,128187 2
S 129489,127998,8205,128187 2
S 129489,127999,8205,128187 2
S 128104,8205,128187 2
S 128104,127995,8205,128187 2
S 128104,127996,8205,128187 2
S 128104,127997,8205,128187 2
S 128104,127998,8205,128187 2
S 128104,127999,8205,128187 2
S 128105,8205,128187 2
S 128105,127995,8205,128187 2
S 128105,127996,8205,128187 2
S 128105,127997,8205,128187 2
S 128105,127998,8205,128187 2
S 128105,127999,8205,128187 2
S 129489,8205,127908 2
S 129489,127995,8205,127908 2
S 129489,127996,8205,127908 2
S 129489,127997,8205,127908 2
S 129489,127998,8205,127908 2
S 129489,127999,8205,127908 2
S 128104,8205,127908 2
S 128104,127995,8205,127908 2
S 128104,127996,8205,127908 2
S 128104,127997,8205,127908 2
S 128104,127998,8205,127908 2
S 128104,127999,8205,127908 2
S 128105,8205,127908 2
S 128105,127995,8205,127908 2
S 128105,127996,8205,127908 2
S 128105,127997,8205,127908 2
S 128105,127998,8205,127908 2
S 128105,127999,8205,127908 2
S 129489,8205,127912 2
S 129489,127995,8205,127912 2
S 129489,127996,8205,127912 2
S 129489,127997,8205,127912 2
S 129489,127998,8205,127912 2
S 129489,127999,8205,127912 2
S 128104,8205,127912 2
S 128104,127995,8205,127912 2
S 128104,127996,8205,127912 2
S 128104,127997,8205,127912 2
S 128104,127998,8205,127912 2
S 128104,127999,8205,127912 2
S 128105,8205,127912 2
S 128105,127995,8205,127912 2
S 128105,127996,8205,127912 2
S 128105,127997,8205,127912 2
S 128105,127998,8205,127912 2
S 128105,127999,8205,127912 2
S 129489,8205,9992,65039 2
S 129489,127995,8205,9992,65039 2
S 129489,127996,8205,9992,65039 2
S 129489,127997,8205,9992,65039 2
S 129489,127998,8205,9992,65039 2
S 129489,127999,8205,9992,65039 2
S 128104,8205,9992,65039 2
S 128104,127995,8205,9992,65039 2
S 128104,127996,8205,9992,65039 2
S 128104,127997,8205,9992,65039 2
S 128104,127998,8205,9992,65039 2
S 128104,127999,8205,9992,65039 2
S 128105,8205,9992,65039 2
S 128105,127995,8205,9992,65039 2
S 128105,127996,8205,9992,65039 2
S 128105,127997,8205,9992,65039 2
S 128105,127998,8205,9992,65039 2
S 128105,127999,8205,9992,65039 2
S 129489,8205,128640 2
S 129489,127995,8205,128640 2
S 129489,127996,8205,128640 2
S 129489,127997,8205,128640 2
S 129489,127998,8205,128640 2
S 129489,127999,8205,128640 2
S 128104,8205,128640 2
S 128104,127995,8205,128640 2
S 128104,127996,8205,128640 2
S 128104,127997,8205,128640 2
S 128104,127998,8205,128640 2
S 128104,127999,8205,128640 2
S 128105,8205,128640 2
S 128105,127995,8205,128640 2
S 128105,127996,8205,128640 2
S 128105,127997,8205,128640 2
S 128105,127998,8205,128640 2
S 128105,127999,8205,128640 2
S 129489,8205,128658 2
S 129489,127995,8205,128658 2
S 129489,127996,8205,128658 2
S 129489,127997,8205,128658 2
S 129489,127998,8205,128658 2
S 129489,127999,8205,128658 2
S 128104,8205,128658 2
S 128104,127995,8205,128658 2
S 128104,127996,8205,128658 2
S 128104,127997,8205,128658 2
S 128104,127998,8205,128658 2
S 128104,127999,8205,128658 2
S 128105,8205,128658 2
S 128105,127995,8205,128658 2
S 128105,127996,8205,128658 2
S 128105,127997,8205,128658 2
S 128105,127998,8205,128658 2
S 128105,127999,8205,128658 2
S 128110 2
S 128110,127995 2
S 128110,127996 2
S 128110,127997 2
S 128110,127998 2
S 128110,127999 2
S 128110,8205,9794,65039 2
S 128110,127995,8205,9794,65039 2
S 128110,127996,8205,9794,65039 2
S 128110,127997,8205,9794,65039 2
S 128110,127998,8205,9794,65039 2
S 128110,127999,8205,9794,65039 2
S 128110,8205,9792,65039 2
S 128110,127995,8205,9792,65039 2
S 128110,127996,8205,9792,65039 2
S 128110,127997,8205,9792,65039 2
S 128110,127998,8205,9792,65039 2
S 128110,127999,8205,9792,65039 2
S 128373,65039 2
S 128373,127995 2
S 128373,127996 2
S 128373,127997 2
S 128373,127998 2
S 128373,127999 2
S 128373,65039,8205,9794,65039 2
S 128373,127995,8205,9794,65039 2
S 128373,127996,8205,9794,65039 2
S 128373,127997,8205,9794,65039 2
S 128373,127998,8205,9794,65039 2
S 128373,127999,8205,9794,65039 2
S 128373,65039,8205,9792,65039 2
S 128373,127995,8205,9792,65039 2
S 128373,127996,8205,9792,65039 2
S 128373,127997,8205,9792,65039 2
S 128373,127998,8205,9792,65039 2
S 128373,127999,8205,9792,65039 2
S 128130 2
S 128130,127995 2
S 128130,127996 2
S 128130,127997 2
S 128130,127998 2
S 128130,127999 2
S 128130,8205,9794,65039 2
S 128130,127995,8205,9794,65039 2
S 128130,127996,8205,9794,65039 2
S 128130,127997,8205,9794,65039 2
S 128130,127998,8205,9794,65039 2
S 128130,127999,8205,9794,65039 2
S 128130,8205,9792,65039 2
S 128130,127995,8205,9792,65039 2
S 128130,127996,8205,9792,65039 2
S 128130,127997,8205,9792,65039 2
S 128130,127998,8205,9792,65039 2
S 128130,127999,8205,9792,65039 2
S 129399 2
S 129399,127995 2
S 129399,127996 2
S 129399,127997 2
S 129399,127998 2
S 129399,127999 2
S 128119 2
S 128119,127995 2
S 128119,127996 2
S 128119,127997 2
S 128119,127998 2
S 128119,127999 2
S 128119,8205,9794,65039 2
S 128119,127995,8205,9794,65039 2
S 128119,127996,8205,9794,65039 2
S 128119,127997,8205,9794,65039 2
S 128119,127998,8205,9794,65039 2
S 128119,127999,8205,9794,65039 2
S 128119,8205,9792,65039 2
S 128119,127995,8205,9792,65039 2
S 128119,127996,8205,9792,65039 2
S 128119,127997,8205,9792,65039 2
S 128119,127998,8205,9792,65039 2
S 128119,127999,8205,9792,65039 2
S 129733 2
S 129733,127995 2
S 129733,127996 2
S 129733,127997 2
S 129733,127998 2
S 129733,127999 2
S 129332 2
S 129332,127995 2
S 129332,127996 2
S 129332,127997 2
S 129332,127998 2
S 129332,127999 2
S 128120 2
S 128120,127995 2
S 128120,127996 2
S 128120,127997 2
S 128120,127998 2
S 128120,127999 2
S 128115 2
S 128115,127995 2
S 128115,127996 2
S 128115,127997 2
S 128115,127998 2
S 128115,127999 2
S 128115,8205,9794,65039 2
S 128115,127995,8205,9794,65039 2
S 128115,127996,8205,9794,65039 2
S 128115,127997,8205,9794,65039 2
S 128115,127998,8205,9794,65039 2
S 128115,127999,8205,9794,65039 2
S 128115,8205,9792,65039 2
S 128115,127995,8205,9792,65039 2
S 128115,127996,8205,9792,65039 2
S 128115,127997,8205,9792,65039 2
S 128115,127998,8205,9792,65039 2
S 128115,127999,8205,9792,65039 2
S 128114 2
S 128114,127995 2
S 128114,127996 2
S 128114,127997 2
S 128114,127998 2
S 128114,127999 2
S 129493 2
S 129493,127995 2
S 129493,127996 2
S 129493,127997 2
S 129493,127998 2
S 129493,127999 2
S 129333 2
S 129333,127995 2
S 129333,127996 2
S 129333,127997 2
S 129333,127998 2
S 129333,127999 2
S 129333,8205,9794,65039 2
S 129333,127995,8205,9794,65039 2
S 129333,127996,8205,9794,65039 2
S 129333,127997,8205,9794,65039 2
S 129333,127998,8205,9794,65039 2
S 129333,127999,8205,9794,65039 2
S 129333,8205,9792,65039 2
S 129333,127995,8205,9792,65039 2
S 129333,127996,8205,9792,65039 2
S 129333,127997,8205,9792,65039 2
S 129333,127998,8205,9792,65039 2
S 129333,127999,8205,9792,65039 2
S 128112 2
S 128112,127995 2
S 128112,127996 2
S 128112,127997 2
S 128112,127998 2
S 128112,127999 2
S 128112,8205,9794,65039 2
S 128112,127995,8205,9794,65039 2
S 128112,127996,8205,9794,65039 2
S 128112,127997,8205,9794,65039 2
S 128112,127998,8205,9794,65039 2
S 128112,127999,8205,9794,65039 2
S 128112,8205,9792,65039 2
S 128112,127995,8205,9792,65039 2
S 128112,127996,8205,9792,65039 2
S 128112,127997,8205,9792,65039 2
S 128112,127998,8205,9792,65039 2
S 128112,127999,8205,9792,65039 2
S 129328 2
S 129328,127995 2
S 129328,127996 2
S 129328,127997 2
S 129328,127998 2
S 129328,127999 2
S 129731 2
S 129731,127995 2
S 129731,127996 2
S 129731,127997 2
S 129731,127998 2
S 129731,127999 2
S 129732 2
S 129732,127995 2
S 129732,127996 2
S 129732,127997 2
S 129732,127998 2
S 129732,127999 2
S 129329 2
S 129329,127995 2
S 129329,127996 2
S 129329,127997 2
S 129329,127998 2
S 129329,127999 2
S 128105,8205,127868 2
S 128105,127995,8205,127868 2
S 128105,127996,8205,127868 2
S 128105,127997,8205,127868 2
S 128105,127998,8205,127868 2
S 128105,127999,8205,127868 2
S 128104,8205,127868 2
S 128104,127995,8205,127868 2
S 128104,127996,8205,127868 2
S 128104,127997,8205,127868 2
S 128104,127998,8205,127868 2
S 128104,127999,8205,127868 2
S 129489,8205,127868 2
S 129489,127995,8205,127868 2
S 129489,127996,8205,127868 2
S 129489,127997,8205,127868 2
S 129489,127998,8205,127868 2
S 129489,127999,8205,127868 2
S 128124 2
S 128124,127995 2
S 128124,127996 2
S 128124,127997 2
S 128124,127998 2
S 128124,127999 2
S 127877 2
S 127877,127995 2
S 127877,127996 2
S 127877,127997 2
S 127877,127998 2
S 127877,127999 2
S 129334 2
S 129334,127995 2
S 129334,127996 2
S 129334,127997 2
S 129334,127998 2
S 129334,127999 2
S 129489,8205,127876 2
S 129489,127995,8205,127876 2
S 129489,127996,8205,127876 2
S 129489,127997,8205,127876 2
S 129489,127998,8205,127876 2
S 129489,127999,8205,127876 2
S 129464 2
S 129464,127995 2
S 129464,127996 2
S 129464,127997 2
S 129464,127998 2
S 129464,127999 2
S 129464,8205,9794,65039 2
S 129464,127995,8205,9794,65039 2
S 129464,127996,8205,9794,65039 2
S 129464,127997,8205,9794,65039 2
S 129464,127998,8205,9794,65039 2
S 129464,127999,8205,9794,65039 2
S 129464,8205,9792,65039 2
S 129464,127995,8205,9792,65039 2
S 129464,127996,8205,9792,65039 2
S 129464,127997,8205,9792,65039 2
S 129464,127998,8205,9792,65039 2
S 129464,127999,8205,9792,65039 2
S 129465 2
S 129465,127995 2
S 129465,127996 2
S 129465,127997 2
S 129465,127998 2
S 129465,127999 2
S 129465,8205,9794,65039 2
S 129465,127995,8205,9794,65039 2
S 129465,127996,8205,9794,65039 2
S 129465,127997,8205,9794,65039 2
S 129465,127998,8205,9794,65039 2
S 129465,127999,8205,9794,65039 2
S 129465,8205,9792,65039 2
S 129465,127995,8205,9792,65039 2
S 129465,127996,8205,9792,65039 2
S 129465,127997,8205,9792,65039 2
S 129465,127998,8205,9792,65039 2
S 129465,127999,8205,9792,65039 2
S 129497 2
S 129497,127995 2
S 129497,127996 2
S 129497,127997 2
S 129497,127998 2
S 129497,127999 2
S 129497,8205,9794,65039 2
S 129497,127995,8205,9794,65039 2
S 129497,127996,8205,9794,65039 2
S 129497,127997,8205,9794,65039 2
S 129497,127998,8205,9794,65039 2
S 129497,127999,8205,9794,65039 2
S 129497,8205,9792,65039 2
S 129497,127995,8205,9792,65039 2
S 129497,127996,8205,9792,65039 2
S 129497,127997,8205,9792,65039 2
S 129497,127998,8205,9792,65039 2
S 129497,127999,8205,9792,65039 2
S 129498 2
S 129498,127995 2
S 129498,127996 2
S 129498,127997 2
S 129498,127998 2
S 129498,127999 2
S 129498,8205,9794,65039 2
S 129498,127995,8205,9794,65039 2
S 129498,127996,8205,9794,65039 2
S 129498,127997,8205,9794,65039 2
S 129498,127998,8205,9794,65039 2
S 129498,127999,8205,9794,65039 2
S 129498,8205,9792,65039 2
S 129498,127995,8205,9792,65039 2
S 129498,127996,8205,9792,65039 2
S 129498,127997,8205,9792,65039 2
S 129498,127998,8205,9792,65039 2
S 129498,127999,8205,9792,65039 2
S 129499 2
S 129499,127995 2
S 129499,127996 2
S 129499,127997 2
S 129499,127998 2
S 129499,127999 2
S 129499,8205,9794,65039 2
S 129499,127995,8205,9794,65039 2
S 129499,127996,8205,9794,65039 2
S 129499,127997,8205,9794,65039 2
S 129499,127998,8205,9794,65039 2
S 129499,127999,8205,9794,65039 2
S 129499,8205,9792,65039 2
S 129499,127995,8205,9792,65039 2
S 129499,127996,8205,9792,65039 2
S 129499,127997,8205,9792,65039 2
S 129499,127998,8205,9792,65039 2
S 129499,127999,8205,9792,65039 2
S 129500 2
S 129500,127995 2
S 129500,127996 2
S 129500,127997 2
S 129500,127998 2
S 129500,127999 2
S 129500,8205,9794,65039 2
S 129500,127995,8205,9794,65039 2
S 129500,127996,8205,9794,65039 2
S 129500,127997,8205,9794,65039 2
S 129500,127998,8205,9794,65039 2
S 129500,127999,8205,9794,65039 2
S 129500,8205,9792,65039 2
S 129500,127995,8205,9792,65039 2
S 129500,127996,8205,9792,65039 2
S 129500,127997,8205,9792,65039 2
S 129500,127998,8205,9792,65039 2
S 129500,127999,8205,9792,65039 2
S 129501 2
S 129501,127995 2
S 129501,127996 2
S 129501,127997 2
S 129501,127998 2
S 129501,127999 2
S 129501,8205,9794,65039 2
S 129501,127995,8205,9794,65039 2
S 129501,127996,8205,9794,65039 2
S 129501,127997,8205,9794,65039 2
S 129501,127998,8205,9794,65039 2
S 129501,127999,8205,9794,65039 2
S 129501,8205,9792,65039 2
S 129501,127995,8205,9792,65039 2
S 129501,127996,8205,9792,65039 2
S 129501,127997,8205,9792,65039 2
S 129501,127998,8205,9792,65039 2
S 129501,127999,8205,9792,65039 2
S 129502 2
S 129502,8205,9794,65039 2
S 129502,8205,9792,65039 2
S 129503 2
S 129503,8205,9794,65039 2
S 129503,8205,9792,65039 2
S 129484 2
S 129736 2
S 128134 2
S 128134,127995 2
S 128134,127996 2
S 128134,127997 2
S 128134,127998 2
S 128134,127999 2
S 128134,8205,9794,65039 2
S 128134,127995,8205,9794,65039 2
S 128134,127996,8205,9794,65039 2
S 128134,127997,8205,9794,65039 2
S 128134,127998,8205,9794,65039 2
S 128134,127999,8205,9794,65039 2
S 128134,8205,9792,65039 2
S 128134,127995,8205,9792,65039 2
S 128134,127996,8205,9792,65039 2
S 128134,127997,8205,9792,65039 2
S 128134,127998,8205,9792,65039 2
S 128134,127999,8205,9792,65039 2
S 128135 2
S 128135,127995 2
S 128135,127996 2
S 128135,127997 2
S 128135,127998 2
S 128135,127999 2
S 128135,8205,9794,65039 2
S 128135,127995,8205,9794,65039 2
S 128135,127996,8205,9794,65039 2
S 128135,127997,8205,9794,65039 2
S 128135,127998,8205,9794,65039 2
S 128135,127999,8205,9794,65039 2
S 128135,8205,9792,65039 2
S 128135,127995,8205,9792,65039 2
S 128135,127996,8205,9792,65039 2
S 128135,127997,8205,9792,65039 2
S 128135,127998,8205,9792,65039 2
S 128135,127999,8205,9792,65039 2
S 128694 2
S 128694,127995 2
S 128694,127996 2
S 128694,127997 2
S 128694,127998 2
S 128694,127999 2
S 128694,8205,9794,65039 2
S 128694,127995,8205,9794,65039 2
S 128694,127996,8205,9794,65039 2
S 128694,127997,8205,9794,65039 2
S 128694,127998,8205,9794,65039 2
S 128694,127999,8205,9794,65039 2
S 128694,8205,9792,65039 2
S 128694,127995,8205,9792,65039 2
S 128694,127996,8205,9792,65039 2
S 128694,127997,8205,9792,65039 2
S 128694,127998,8205,9792,65039 2
S 128694,127999,8205,9792,65039 2
S 128694,8205,10145,65039 2
S 128694,127995,8205,10145,65039 2
S 128694,127996,8205,10145,65039 2
S 128694,127997,8205,10145,65039 2
S 128694,127998,8205,10145,65039 2
S 128694,127999,8205,10145,65039 2
S 128694,8205,9792,65039,8205,10145,65039 2
S 128694,127995,8205,9792,65039,8205,10145,65039 2
S 128694,127996,8205,9792,65039,8205,10145,65039 2
S 128694,127997,8205,9792,65039,8205,10145,65039 2
S 128694,127998,8205,9792,65039,8205,10145,65039 2
S 128694,127999,8205,9792,65039,8205,10145,65039 2
S 128694,8205,9794,65039,8205,10145,65039 2
S 128694,127995,8205,9794,65039,8205,10145,65039 2
S 128694,127996,8205,9794,65039,8205,10145,65039 2
S 128694,127997,8205,9794,65039,8205,10145,65039 2
S 128694,127998,8205,9794,65039,8205,10145,65039 2
S 128694,127999,8205,9794,65039,8205,10145,65039 2
S 129485 2
S 129485,127995 2
S 129485,127996 2
S 129485,127997 2
S 129485,127998 2
S 129485,127999 2
S 129485,8205,9794,65039 2
S 129485,127995,8205,9794,65039 2
S 129485,127996,8205,9794,65039 2
S 129485,127997,8205,9794,65039 2
S 129485,127998,8205,9794,65039 2
S 129485,127999,8205,9794,65039 2
S 129485,8205,9792,65039 2
S 129485,127995,8205,9792,65039 2
S 129485,127996,8205,9792,65039 2
S 129485,127997,8205,9792,65039 2
S 129485,127998,8205,9792,65039 2
S 129485,127999,8205,9792,65039 2
S 129486 2
S 129486,127995 2
S 129486,127996 2
S 129486,127997 2
S 129486,127998 2
S 129486,127999 2
S 129486,8205,9794,65039 2
S 129486,127995,8205,9794,65039 2
S 129486,127996,8205,9794,65039 2
S 129486,127997,8205,9794,65039 2
S 129486,127998,8205,9794,65039 2
S 129486,127999,8205,9794,65039 2
S 129486,8205,9792,65039 2
S 129486,127995,8205,9792,65039 2
S 129486,127996,8205,9792,65039 2
S 129486,127997,8205,9792,65039 2
S 129486,127998,8205,9792,65039 2
S 129486,127999,8205,9792,65039 2
S 129486,8205,10145,65039 2
S 129486,127995,8205,10145,65039 2
S 129486,127996,8205,10145,65039 2
S 129486,127997,8205,10145,65039 2
S 129486,127998,8205,10145,65039 2
S 129486,127999,8205,10145,65039 2
S 129486,8205,9792,65039,8205,10145,65039 2
S 129486,127995,8205,9792,65039,8205,10145,65039 2
S 129486,127996,8205,9792,65039,8205,10145,65039 2
S 129486,127997,8205,9792,65039,8205,10145,65039 2
S 129486,127998,8205,9792,65039,8205,10145,65039 2
S 129486,127999,8205,9792,65039,8205,10145,65039 2
S 129486,8205,9794,65039,8205,10145,65039 2
S 129486,127995,8205,9794,65039,8205,10145,65039 2
S 129486,127996,8205,9794,65039,8205,10145,65039 2
S 129486,127997,8205,9794,65039,8205,10145,65039 2
S 129486,127998,8205,9794,65039,8205,10145,65039 2
S 129486,127999,8205,9794,65039,8205,10145,65039 2
S 129489,8205,129455 2
S 129489,127995,8205,129455 2
S 129489,127996,8205,129455 2
S 129489,127997,8205,129455 2
S 129489,127998,8205,129455 2
S 129489,127999,8205,129455 2
S 129489,8205,129455,8205,10145,65039 2
S 129489,127995,8205,129455,8205,10145,65039 2
S 129489,127996,8205,129455,8205,10145,65039 2
S 129489,127997,8205,129455,8205,10145,65039 2
S 129489,127998,8205,129455,8205,10145,65039 2
S 129489,127999,8205,129455,8205,10145,65039 2
S 128104,8205,129455 2
S 128104,127995,8205,129455 2
S 128104,127996,8205,129455 2
S 128104,127997,8205,129455 2
S 128104,127998,8205,129455 2
S 128104,127999,8205,129455 2
S 128104,8205,129455,8205,10145,65039 2
S 128104,127995,8205,129455,8205,10145,65039 2
S 128104,127996,8205,129455,8205,10145,65039 2
S 128104,127997,8205,129455,8205,10145,65039 2
S 128104,127998,8205,129455,8205,10145,65039 2
S 128104,127999,8205,129455,8205,10145,65039 2
S 128105,8205,129455 2
S 128105,127995,8205,129455 2
S 128105,127996,8205,129455 2
S 128105,127997,8205,129455 2
S 128105,127998,8205,129455 2
S 128105,127999,8205,129455 2
S 128105,8205,129455,8205,10145,65039 2
S 128105,127995,8205,129455,8205,10145,65039 2
S 128105,127996,8205,129455,8205,10145,65039 2
S 128105,127997,8205,129455,8205,10145,65039 2
S 128105,127998,8205,129455,8205,10145,65039 2
S 128105,127999,8205,129455,8205,10145,65039 2
S 129489,8205,129468 2
S 129489,127995,8205,129468 2
S 129489,127996,8205,129468 2
S 129489,127997,8205,129468 2
S 129489,127998,8205,129468 2
S 129489,127999,8205,129468 2
S 129489,8205,129468,8205,10145,65039 2
S 129489,127995,8205,129468,8205,10145,65039 2
S 129489,127996,8205,129468,8205,10145,65039 2
S 129489,127997,8205,129468,8205,10145,65039 2
S 129489,127998,8205,129468,8205,10145,65039 2
S 129489,127999,8205,129468,8205,10145,65039 2
S 128104,8205,129468 2
S 128104,127995,8205,129468 2
S 128104,127996,8205,129468 2
S 128104,127997,8205,129468 2
S 128104,127998,8205,129468 2
S 128104,127999,8205,129468 2
S 128104,8205,129468,8205,10145,65039 2
S 128104,127995,8205,129468,8205,10145,65039 2
S 128104,127996,8205,129468,8205,10145,65039 2
S 128104,127997,8205,129468,8205,10145,65039 2
S 128104,127998,8205,129468,8205,10145,65039 2
S 128104,127999,8205,129468,8205,10145,65039 2
S 128105,8205,129468 2
S 128105,127995,8205,129468 2
S 128105,127996,8205,129468 2
S 128105,127997,8205,129468 2
S 128105,127998,8205,129468 2
S 128105,127999,8205,129468 2
S 128105,8205,129468,8205,10145,65039 2
S 128105,127995,8205,129468,8205,10145,65039 2
S 128105,127996,8205,129468,8205,10145,65039 2
S 128105,127997,8205,129468,8205,10145,65039 2
S 128105,127998,8205,129468,8205,10145,65039 2
S 128105,127999,8205,129468,8205,10145,65039 2
S 129489,8205,129469 2
S 129489,127995,8205,129469 2
S 129489,127996,8205,129469 2
S 129489,127997,8205,129469 2
S 129489,127998,8205,129469 2
S 129489,127999,8205,129469 2
S 129489,8205,129469,8205,10145,65039 2
S 129489,127995,8205,129469,8205,10145,65039 2
S 129489,127996,8205,129469,8205,10145,65039 2
S 129489,127997,8205,129469,8205,10145,65039 2
S 129489,127998,8205,129469,8205,10145,65039 2
S 129489,127999,8205,129469,8205,10145,65039 2
S 128104,8205,129469 2
S 128104,127995,8205,129469 2
S 128104,127996,8205,129469 2
S 128104,127997,8205,129469 2
S 128104,127998,8205,129469 2
S 128104,127999,8205,129469 2
S 128104,8205,129469,8205,10145,65039 2
S 128104,127995,8205,129469,8205,10145,65039 2
S 128104,127996,8205,129469,8205,10145,65039 2
S 128104,127997,8205,129469,8205,10145,65039 2
S 128104,127998,8205,129469,8205,10145,65039 2
S 128104,127999,8205,129469,8205,10145,65039 2
S 128105,8205,129469 2
S 128105,127995,8205,129469 2
S 128105,127996,8205,129469 2
S 128105,127997,8205,129469 2
S 128105,127998,8205,129469 2
S 128105,127999,8205,129469 2
S 128105,8205,129469,8205,10145,65039 2
S 128105,127995,8205,129469,8205,10145,65039 2
S 128105,127996,8205,129469,8205,10145,65039 2
S 128105,127997,8205,129469,8205,10145,65039 2
S 128105,127998,8205,129469,8205,10145,65039 2
S 128105,127999,8205,129469,8205,10145,65039 2
S 127939 2
S 127939,127995 2
S 127939,127996 2
S 127939,127997 2
S 127939,127998 2
S 127939,127999 2
S 127939,8205,9794,65039 2
S 127939,127995,8205,9794,65039 2
S 127939,127996,8205,9794,65039 2
S 127939,127997,8205,9794,65039 2
S 127939,127998,8205,9794,65039 2
S 127939,127999,8205,9794,65039 2
S 127939,8205,9792,65039 2
S 127939,127995,8205,9792,65039 2
S 127939,127996,8205,9792,65039 2
S 127939,127997,8205,9792,65039 2
S 127939,127998,8205,9792,65039 2
S 127939,127999,8205,9792,65039 2
S 127939,8205,10145,65039 2
S 127939,127995,8205,10145,65039 2
S 127939,127996,8205,10145,65039 2
S 127939,127997,8205,10145,65039 2
S 127939,127998,8205,10145,65039 2
S 127939,127999,8205,10145,65039 2
S 127939,8205,9792,65039,8205,10145,65039 2
S 127939,127995,8205,9792,65039,8205,10145,65039 2
S 127939,127996,8205,9792,65039,8205,10145,65039 2
S 127939,127997,8205,9792,65039,8205,10145,65039 2
S 127939,127998,8205,9792,65039,8205,10145,65039 2
S 127939,127999,8205,9792,65039,8205,10145,65039 2
S 127939,8205,9794,65039,8205,10145,65039 2
S 127939,127995,8205,9794,65039,8205,10145,65039 2
S 127939,127996,8205,9794,65039,8205,10145,65039 2
S 127939,127997,8205,9794,65039,8205,10145,65039 2
S 127939,127998,8205,9794,65039,8205,10145,65039 2
S 127939,127999,8205,9794,65039,8205,10145,65039 2
S 129489,8205,129648 2
S 129489,127995,8205,129648 2
S 129489,127996,8205,129648 2
S 129489,127997,8205,129648 2
S 129489,127998,8205,129648 2
S 129489,127999,8205,129648 2
S 128131 2
S 128131,127995 2
S 128131,127996 2
S 128131,127997 2
S 128131,127998 2
S 128131,127999 2
S 128378 2
S 128378,127995 2
S 128378,127996 2
S 128378,127997 2
S 128378,127998 2
S 128378,127999 2
S 128372,65039 2
S 128372,127995 2
S 128372,127996 2
S 128372,127997 2
S 128372,127998 2
S 128372,127999 2
S 128111 2
S 128111,127995 2
S 128111,127996 2
S 128111,127997 2
S 128111,127998 2
S 128111,127999 2
S 128111,8205,9794,65039 2
S 128111,127995,8205,9794,65039 2
S 128111,127996,8205,9794,65039 2
S 128111,127997,8205,9794,65039 2
S 128111,127998,8205,9794,65039 2
S 128111,127999,8205,9794,65039 2
S 128111,8205,9792,65039 2
S 128111,127995,8205,9792,65039 2
S 128111,127996,8205,9792,65039 2
S 128111,127997,8205,9792,65039 2
S 128111,127998,8205,9792,65039 2
S 128111,127999,8205,9792,65039 2
S 129489,127995,8205,128048,8205,129489,127996 2
S 129489,127995,8205,128048,8205,129489,127997 2
S 129489,127995,8205,128048,8205,129489,127998 2
S 129489,127995,8205,128048,8205,129489,127999 2
S 129489,127996,8205,128048,8205,129489,127995 2
S 129489,127996,8205,128048,8205,129489,127997 2
S 129489,127996,8205,128048,8205,129489,127998 2
S 129489,127996,8205,128048,8205,129489,127999 2
S 129489,127997,8205,128048,8205,129489,127995 2
S 129489,127997,8205,128048,8205,129489,127996 2
S 129489,127997,8205,128048,8205,129489,127998 2
S 129489,127997,8205,128048,8205,129489,127999 2
S 129489,127998,8205,128048,8205,129489,127995 2
S 129489,127998,8205,128048,8205,129489,127996 2
S 129489,127998,8205,128048,8205,129489,127997 2
S 129489,127998,8205,128048,8205,129489,127999 2
S 129489,127999,8205,128048,8205,129489,127995 2
S 129489,127999,8205,128048,8205,129489,127996 2
S 129489,127999,8205,128048,8205,129489,127997 2
S 129489,127999,8205,128048,8205,129489,127998 2
S 128104,127995,8205,128048,8205,128104,127996 2
S 128104,127995,8205,128048,8205,128104,127997 2
S 128104,127995,8205,128048,8205,128104,127998 2
S 128104,127995,8205,128048,8205,128104,127999 2
S 128104,127996,8205,128048,8205,128104,127995 2
S 128104,127996,8205,128048,8205,128104,127997 2
S 128104,127996,8205,128048,8205,128104,127998 2
S 128104,127996,8205,128048,8205,128104,127999 2
S 128104,127997,8205,128048,8205,128104,127995 2
S 128104,127997,8205,128048,8205,128104,127996 2
S 128104,127997,8205,128048,8205,128104,127998 2
S 128104,127997,8205,128048,8205,128104,127999 2
S 128104,127998,8205,128048,8205,128104,127995 2
S 128104,127998,8205,128048,8205,128104,127996 2
S 128104,127998,8205,128048,8205,128104,127997 2
S 128104,127998,8205,128048,8205,128104,127999 2
S 128104,127999,8205,128048,8205,128104,127995 2
S 128104,127999,8205,128048,8205,128104,127996 2
S 128104,127999,8205,128048,8205,128104,127997 2
S 128104,127999,8205,128048,8205,128104,127998 2
S 128105,127995,8205,128048,8205,128105,127996 2
S 128105,127995,8205,128048,8205,128105,127997 2
S 128105,127995,8205,128048,8205,128105,127998 2
S 128105,127995,8205,128048,8205,128105,127999 2
S 128105,127996,8205,128048,8205,128105,127995 2
S 128105,127996,8205,128048,8205,128105,127997 2
S 128105,127996,8205,128048,8205,128105,127998 2
S 128105,127996,8205,128048,8205,128105,127999 2
S 128105,127997,8205,128048,8205,128105,127995 2
S 128105,127997,8205,128048,8205,128105,127996 2
S 128105,127997,8205,128048,8205,128105,127998 2
S 128105,127997,8205,128048,8205,128105,127999 2
S 128105,127998,8205,128048,8205,128105,127995 2
S 128105,127998,8205,128048,8205,128105,127996 2
S 128105,127998,8205,128048,8205,128105,127997 2
S 128105,127998,8205,128048,8205,128105,127999 2
S 128105,127999,8205,128048,8205,128105,127995 2
S 128105,127999,8205,128048,8205,128105,127996 2
S 128105,127999,8205,128048,8205,128105,127997 2
S 128105,127999,8205,128048,8205,128105,127998 2
S 129494 2
S 129494,127995 2
S 129494,127996 2
S 129494,127997 2
S 129494,127998 2
S 129494,127999 2
S 129494,8205,9794,65039 2
S 129494,127995,8205,9794,65039 2
S 129494,127996,8205,9794,65039 2
S 129494,127997,8205,9794,65039 2
S 129494,127998,8205,9794,65039 2
S 129494,127999,8205,9794,65039 2
S 129494,8205,9792,65039 2
S 129494,127995,8205,9792,65039 2
S 129494,127996,8205,9792,65039 2
S 129494,127997,8205,9792,65039 2
S 129494,127998,8205,9792,65039 2
S 129494,127999,8205,9792,65039 2
S 129495 2
S 129495,127995 2
S 129495,127996 2
S 129495,127997 2
S 129495,127998 2
S 129495,127999 2
S 129495,8205,9794,65039 2
S 129495,127995,8205,9794,65039 2
S 129495,127996,8205,9794,65039 2
S 129495,127997,8205,9794,65039 2
S 129495,127998,8205,9794,65039 2
S 129495,127999,8205,9794,65039 2
S 129495,8205,9792,65039 2
S 129495,127995,8205,9792,65039 2
S 129495,127996,8205,9792,65039 2
S 129495,127997,8205,9792,65039 2
S 129495,127998,8205,9792,65039 2
S 129495,127999,8205,9792,65039 2
S 129338 2
S 127943 2
S 127943,127995 2
S 127943,127996 2
S 127943,127997 2
S 127943,127998 2
S 127943,127999 2
S 9975,65039 2
S 127938 2
S 127938,127995 2
S 127938,127996 2
S 127938,127997 2
S 127938,127998 2
S 127938,127999 2
S 127948,65039 2
S 127948,127995 2
S 127948,127996 2
S 127948,127997 2
S 127948,127998 2
S 127948,127999 2
S 127948,65039,8205,9794,65039 2
S 127948,127995,8205,9794,65039 2
S 127948,127996,8205,9794,65039 2
S 127948,127997,8205,9794,65039 2
S 127948,127998,8205,9794,65039 2
S 127948,127999,8205,9794,65039 2
S 127948,65039,8205,9792,65039 2
S 127948,127995,8205,9792,65039 2
S 127948,127996,8205,9792,65039 2
S 127948,127997,8205,9792,65039 2
S 127948,127998,8205,9792,65039 2
S 127948,127999,8205,9792,65039 2
S 127940 2
S 127940,127995 2
S 127940,127996 2
S 127940,127997 2
S 127940,127998 2
S 127940,127999 2
S 127940,8205,9794,65039 2
S 127940,127995,8205,9794,65039 2
S 127940,127996,8205,9794,65039 2
S 127940,127997,8205,9794,65039 2
S 127940,127998,8205,9794,65039 2
S 127940,127999,8205,9794,65039 2
S 127940,8205,9792,65039 2
S 127940,127995,8205,9792,65039 2
S 127940,127996,8205,9792,65039 2
S 127940,127997,8205,9792,65039 2
S 127940,127998,8205,9792,65039 2
S 127940,127999,8205,9792,65039 2
S 128675 2
S 128675,127995 2
S 128675,127996 2
S 128675,127997 2
S 128675,127998 2
S 128675,127999 2
S 128675,8205,9794,65039 2
S 128675,127995,8205,9794,65039 2
S 128675,127996,8205,9794,65039 2
S 128675,127997,8205,9794,65039 2
S 128675,127998,8205,9794,65039 2
S 128675,127999,8205,9794,65039 2
S 128675,8205,9792,65039 2
S 128675,127995,8205,9792,65039 2
S 128675,127996,8205,9792,65039 2
S 128675,127997,8205,9792,65039 2
S 128675,127998,8205,9792,65039 2
S 128675,127999,8205,9792,65039 2
S 127946 2
S 127946,127995 2
S 127946,127996 2
S 127946,127997 2
S 127946,127998 2
S 127946,127999 2
S 127946,8205,9794,65039 2
S 127946,127995,8205,9794,65039 2
S 127946,127996,8205,9794,65039 2
S 127946,127997,8205,9794,65039 2
S 127946,127998,8205,9794,65039 2
S 127946,127999,8205,9794,65039 2
S 127946,8205,9792,65039 2
S 127946,127995,8205,9792,65039 2
S 127946,127996,8205,9792,65039 2
S 127946,127997,8205,9792,65039 2
S 127946,127998,8205,9792,65039 2
S 127946,127999,8205,9792,65039 2
S 9977,65039 2
S 9977,127995 2
S 9977,127996 2
S 9977,127997 2
S 9977,127998 2
S 9977,127999 2
S 9977,65039,8205,9794,65039 2
S 9977,127995,8205,9794,65039 2
S 9977,127996,8205,9794,65039 2
S 9977,127997,8205,9794,65039 2
S 9977,127998,8205,9794,65039 2
S 9977,127999,8205,9794,65039 2
S 9977,65039,8205,9792,65039 2
S 9977,127995,8205,9792,65039 2
S 9977,127996,8205,9792,65039 2
S 9977,127997,8205,9792,65039 2
S 9977,127998,8205,9792,65039 2
S 9977,127999,8205,9792,65039 2
S 127947,65039 2
S 127947,127995 2
S 127947,127996 2
S 127947,127997 2
S 127947,127998 2
S 127947,127999 2
S 127947,65039,8205,9794,65039 2
S 127947,127995,8205,9794,65039 2
S 127947,127996,8205,9794,65039 2
S 127947,127997,8205,9794,65039 2
S 127947,127998,8205,9794,65039 2
S 127947,127999,8205,9794,65039 2
S 127947,65039,8205,9792,65039 2
S 127947,127995,8205,9792,65039 2
S 127947,127996,8205,9792,65039 2
S 127947,127997,8205,9792,65039 2
S 127947,127998,8205,9792,65039 2
S 127947,127999,8205,9792,65039 2
S 128692 2
S 128692,127995 2
S 128692,127996 2
S 128692,127997 2
S 128692,127998 2
S 128692,127999 2
S 128692,8205,9794,65039 2
S 128692,127995,8205,9794,65039 2
S 128692,127996,8205,9794,65039 2
S 128692,127997,8205,9794,65039 2
S 128692,127998,8205,9794,65039 2
S 128692,127999,8205,9794,65039 2
S 128692,8205,9792,65039 2
S 128692,127995,8205,9792,65039 2
S 128692,127996,8205,9792,65039 2
S 128692,127997,8205,9792,65039 2
S 128692,127998,8205,9792,65039 2
S 128692,127999,8205,9792,65039 2
S 128693 2
S 128693,127995 2
S 128693,127996 2
S 128693,127997 2
S 128693,127998 2
S 128693,127999 2
S 128693,8205,9794,65039 2
S 128693,127995,8205,9794,65039 2
S 128693,127996,8205,9794,65039 2
S 128693,127997,8205,9794,65039 2
S 128693,127998,8205,9794,65039 2
S 128693,127999,8205,9794,65039 2
S 128693,8205,9792,65039 2
S 128693,127995,8205,9792,65039 2
S 128693,127996,8205,9792,65039 2
S 128693,127997,8205,9792,65039 2
S 128693,127998,8205,9792,65039 2
S 128693,127999,8205,9792,65039 2
S 129336 2
S 129336,127995 2
S 129336,127996 2
S 129336,127997 2
S 129336,127998 2
S 129336,127999 2
S 129336,8205,9794,65039 2
S 129336,127995,8205,9794,65039 2
S 129336,127996,8205,9794,65039 2
S 129336,127997,8205,9794,65039 2
S 129336,127998,8205,9794,65039 2
S 129336,127999,8205,9794,65039 2
S 129336,8205,9792,65039 2
S 129336,127995,8205,9792,65039 2
S 129336,127996,8205,9792,65039 2
S 129336,127997,8205,9792,65039 2
S 129336,127998,8205,9792,65039 2
S 129336,127999,8205,9792,65039 2
S 129340 2
S 129340,127995 2
S 129340,127996 2
S 129340,127997 2
S 129340,127998 2
S 129340,127999 2
S 129340,8205,9794,65039 2
S 129340,127995,8205,9794,65039 2
S 129340,127996,8205,9794,65039 2
S 129340,127997,8205,9794,65039 2
S 129340,127998,8205,9794,65039 2
S 129340,127999,8205,9794,65039 2
S 129340,8205,9792,65039 2
S 129340,127995,8205,9792,65039 2
S 129340,127996,8205,9792,65039 2
S 129340,127997,8205,9792,65039 2
S 129340,127998,8205,9792,65039 2
S 129340,127999,8205,9792,65039 2
S 129489,127995,8205,129775,8205,129489,127996 2
S 129489,127995,8205,129775,8205,129489,127997 2
S 129489,127995,8205,129775,8205,129489,127998 2
S 129489,127995,8205,129775,8205,129489,127999 2
S 129489,127996,8205,129775,8205,129489,127995 2
S 129489,127996,8205,129775,8205,129489,127997 2
S 129489,127996,8205,129775,8205,129489,127998 2
S 129489,127996,8205,129775,8205,129489,127999 2
S 129489,127997,8205,129775,8205,129489,127995 2
S 129489,127997,8205,129775,8205,129489,127996 2
S 129489,127997,8205,129775,8205,129489,127998 2
S 129489,127997,8205,129775,8205,129489,127999 2
S 129489,127998,8205,129775,8205,129489,127995 2
S 129489,127998,8205,129775,8205,129489,127996 2
S 129489,127998,8205,129775,8205,129489,127997 2
S 129489,127998,8205,129775,8205,129489,127999 2
S 129489,127999,8205,129775,8205,129489,127995 2
S 129489,127999,8205,129775,8205,129489,127996 2
S 129489,127999,8205,129775,8205,129489,127997 2
S 129489,127999,8205,129775,8205,129489,127998 2
S 128104,127995,8205,129775,8205,128104,127996 2
S 128104,127995,8205,129775,8205,128104,127997 2
S 128104,127995,8205,129775,8205,128104,127998 2
S 128104,127995,8205,129775,8205,128104,127999 2
S 128104,127996,8205,129775,8205,128104,127995 2
S 128104,127996,8205,129775,8205,128104,127997 2
S 128104,127996,8205,129775,8205,128104,127998 2
S 128104,127996,8205,129775,8205,128104,127999 2
S 128104,127997,8205,129775,8205,128104,127995 2
S 128104,127997,8205,129775,8205,128104,127996 2
S 128104,127997,8205,129775,8205,128104,127998 2
S 128104,127997,8205,129775,8205,128104,127999 2
S 128104,127998,8205,129775,8205,128104,127995 2
S 128104,127998,8205,129775,8205,128104,127996 2
S 128104,127998,8205,129775,8205,128104,127997 2
S 128104,127998,8205,129775,8205,128104,127999 2
S 128104,127999,8205,129775,8205,128104,127995 2
S 128104,127999,8205,129775,8205,128104,127996 2
S 128104,127999,8205,129775,8205,128104,127997 2
S 128104,127999,8205,129775,8205,128104,127998 2
S 128105,127995,8205,129775,8205,128105,127996 2
S 128105,127995,8205,129775,8205,128105,127997 2
S 128105,127995,8205,129775,8205,128105,127998 2
S 128105,127995,8205,129775,8205,128105,127999 2
S 128105,127996,8205,129775,8205,128105,127995 2
S 128105,127996,8205,129775,8205,128105,127997 2
S 128105,127996,8205,129775,8205,128105,127998 2
S 128105,127996,8205,129775,8205,128105,127999 2
S 128105,127997,8205,129775,8205,128105,127995 2
S 128105,127997,8205,129775,8205,128105,127996 2
S 128105,127997,8205,129775,8205,128105,127998 2
S 128105,127997,8205,129775,8205,128105,127999 2
S 128105,127998,8205,129775,8205,128105,127995 2
S 128105,127998,8205,129775,8205,128105,127996 2
S 128105,127998,8205,129775,8205,128105,127997 2
S 128105,127998,8205,129775,8205,128105,127999 2
S 128105,127999,8205,129775,8205,128105,127995 2
S 128105,127999,8205,129775,8205,128105,127996 2
S 128105,127999,8205,129775,8205,128105,127997 2
S 128105,127999,8205,129775,8205,128105,127998 2
S 129341 2
S 129341,127995 2
S 129341,127996 2
S 129341,127997 2
S 129341,127998 2
S 129341,127999 2
S 129341,8205,9794,65039 2
S 129341,127995,8205,9794,65039 2
S 129341,127996,8205,9794,65039 2
S 129341,127997,8205,9794,65039 2
S 129341,127998,8205,9794,65039 2
S 129341,127999,8205,9794,65039 2
S 129341,8205,9792,65039 2
S 129341,127995,8205,9792,65039 2
S 129341,127996,8205,9792,65039 2
S 129341,127997,8205,9792,65039 2
S 129341,127998,8205,9792,65039 2
S 129341,127999,8205,9792,65039 2
S 129342 2
S 129342,127995 2
S 129342,127996 2
S 129342,127997 2
S 129342,127998 2
S 129342,127999 2
S 129342,8205,9794,65039 2
S 129342,127995,8205,9794,65039 2
S 129342,127996,8205,9794,65039 2
S 129342,127997,8205,9794,65039 2
S 129342,127998,8205,9794,65039 2
S 129342,127999,8205,9794,65039 2
S 129342,8205,9792,65039 2
S 129342,127995,8205,9792,65039 2
S 129342,127996,8205,9792,65039 2
S 129342,127997,8205,9792,65039 2
S 129342,127998,8205,9792,65039 2
S 129342,127999,8205,9792,65039 2
S 129337 2
S 129337,127995 2
S 129337,127996 2
S 129337,127997 2
S 129337,127998 2
S 129337,127999 2
S 129337,8205,9794,65039 2
S 129337,127995,8205,9794,65039 2
S 129337,127996,8205,9794,65039 2
S 129337,127997,8205,9794,65039 2
S 129337,127998,8205,9794,65039 2
S 129337,127999,8205,9794,65039 2
S 129337,8205,9792,65039 2
S 129337,127995,8205,9792,65039 2
S 129337,127996,8205,9792,65039 2
S 129337,127997,8205,9792,65039 2
S 129337,127998,8205,9792,65039 2
S 129337,127999,8205,9792,65039 2
S 129496 2
S 129496,127995 2
S 129496,127996 2
S 129496,127997 2
S 129496,127998 2
S 129496,127999 2
S 129496,8205,9794,65039 2
S 129496,127995,8205,9794,65039 2
S 129496,127996,8205,9794,65039 2
S 129496,127997,8205,9794,65039 2
S 129496,127998,8205,9794,65039 2
S 129496,127999,8205,9794,65039 2
S 129496,8205,9792,65039 2
S 129496,127995,8205,9792,65039 2
S 129496,127996,8205,9792,65039 2
S 129496,127997,8205,9792,65039 2
S 129496,127998,8205,9792,65039 2
S 129496,127999,8205,9792,65039 2
S 128704 2
S 128704,127995 2
S 128704,127996 2
S 128704,127997 2
S 128704,127998 2
S 128704,127999 2
S 128716 2
S 128716,127995 2
S 128716,127996 2
S 128716,127997 2
S 128716,127998 2
S 128716,127999 2
S 129489,8205,129309,8205,129489 2
S 129489,127995,8205,129309,8205,129489,127995 2
S 129489,127995,8205,129309,8205,129489,127996 2
S 129489,127995,8205,129309,8205,129489,127997 2
S 129489,127995,8205,129309,8205,129489,127998 2
S 129489,127995,8205,129309,8205,129489,127999 2
S 129489,127996,8205,129309,8205,129489,127995 2
S 129489,127996,8205,129309,8205,129489,127996 2
S 129489,127996,8205,129309,8205,129489,127997 2
S 129489,127996,8205,129309,8205,129489,127998 2
S 129489,127996,8205,129309,8205,129489,127999 2
S 129489,127997,8205,129309,8205,129489,127995 2
S 129489,127997,8205,129309,8205,129489,127996 2
S 129489,127997,8205,129309,8205,129489,127997 2
S 129489,127997,8205,129309,8205,129489,127998 2
S 129489,127997,8205,129309,8205,129489,127999 2
S 129489,127998,8205,129309,8205,129489,127995 2
S 129489,127998,8205,129309,8205,129489,127996 2
S 129489,127998,8205,129309,8205,129489,127997 2
S 129489,127998,8205,129309,8205,129489,127998 2
S 129489,127998,8205,129309,8205,129489,127999 2
S 129489,127999,8205,129309,8205,129489,127995 2
S 129489,127999,8205,129309,8205,129489,127996 2
S 129489,127999,8205,129309,8205,129489,127997 2
S 129489,127999,8205,129309,8205,129489,127998 2
S 129489,127999,8205,129309,8205,129489,127999 2
S 128109 2
S 128109,127995 2
S 128105,127995,8205,129309,8205,128105,127996 2
S 128105,127995,8205,129309,8205,128105,127997 2
S 128105,127995,8205,129309,8205,128105,127998 2
S 128105,127995,8205,129309,8205,128105,127999 2
S 128105,127996,8205,129309,8205,128105,127995 2
S 128109,127996 2
S 128105,127996,8205,129309,8205,128105,127997 2
S 128105,127996,8205,129309,8205,128105,127998 2
S 128105,127996,8205,129309,8205,128105,127999 2
S 128105,127997,8205,129309,8205,128105,127995 2
S 128105,127997,8205,129309,8205,128105,127996 2
S 128109,127997 2
S 128105,127997,8205,129309,8205,128105,127998 2
S 128105,127997,8205,129309,8205,128105,127999 2
S 128105,127998,8205,129309,8205,128105,127995 2
S 128105,127998,8205,129309,8205,128105,127996 2
S 128105,127998,8205,129309,8205,128105,127997 2
S 128109,127998 2
S 128105,127998,8205,129309,8205,128105,127999 2
S 128105,127999,8205,129309,8205,128105,127995 2
S 128105,127999,8205,129309,8205,128105,127996 2
S 128105,127999,8205,129309,8205,128105,127997 2
S 128105,127999,8205,129309,8205,128105,127998 2
S 128109,127999 2
S 128107 2
S 128107,127995 2
S 128105,127995,8205,129309,8205,128104,127996 2
S 128105,127995,8205,129309,8205,128104,127997 2
S 128105,127995,8205,129309,8205,128104,127998 2
S 128105,127995,8205,129309,8205,128104,127999 2
S 128105,127996,8205,129309,8205,128104,127995 2
S 128107,127996 2
S 128105,127996,8205,129309,8205,128104,127997 2
S 128105,127996,8205,129309,8205,128104,127998 2
S 128105,127996,8205,129309,8205,128104,127999 2
S 128105,127997,8205,129309,8205,128104,127995 2
S 128105,127997,8205,129309,8205,128104,127996 2
S 128107,127997 2
S 128105,127997,8205,129309,8205,128104,127998 2
S 128105,127997,8205,129309,8205,128104,127999 2
S 128105,127998,8205,129309,8205,128104,127995 2
S 128105,127998,8205,129309,8205,128104,127996 2
S 128105,127998,8205,129309,8205,128104,127997 2
S 128107,127998 2
S 128105,127998,8205,129309,8205,128104,127999 2
S 128105,127999,8205,129309,8205,128104,127995 2
S 128105,127999,8205,129309,8205,128104,127996 2
S 128105,127999,8205,129309,8205,128104,127997 2
S 128105,127999,8205,129309,8205,128104,127998 2
S 128107,127999 2
S 128108 2
S 128108,127995 2
S 128104,127995,8205,129309,8205,128104,127996 2
S 128104,127995,8205,129309,8205,128104,127997 2
S 128104,127995,8205,129309,8205,128104,127998 2
S 128104,127995,8205,129309,8205,128104,127999 2
S 128104,127996,8205,129309,8205,128104,127995 2
S 128108,127996 2
S 128104,127996,8205,129309,8205,128104,127997 2
S 128104,127996,8205,129309,8205,128104,127998 2
S 128104,127996,8205,129309,8205,128104,127999 2
S 128104,127997,8205,129309,8205,128104,127995 2
S 128104,127997,8205,129309,8205,128104,127996 2
S 128108,127997 2
S 128104,127997,8205,129309,8205,128104,127998 2
S 128104,127997,8205,129309,8205,128104,127999 2
S 128104,127998,8205,129309,8205,128104,127995 2
S 128104,127998,8205,129309,8205,128104,127996 2
S 128104,127998,8205,129309,8205,128104,127997 2
S 128108,127998 2
S 128104,127998,8205,129309,8205,128104,127999 2
S 128104,127999,8205,129309,8205,128104,127995 2
S 128104,127999,8205,129309,8205,128104,127996 2
S 128104,127999,8205,129309,8205,128104,127997 2
S 128104,127999,8205,129309,8205,128104,127998 2
S 128108,127999 2
S 128143 2
S 128143,127995 2
S 128143,127996 2
S 128143,127997 2
S 128143,127998 2
S 128143,127999 2
S 129489,127995,8205,10084,65039,8205,128139,8205,129489,127996 2
S 129489,127995,8205,10084,65039,8205,128139,8205,129489,127997 2
S 129489,127995,8205,10084,65039,8205,128139,8205,129489,127998 2
S 129489,127995,8205,10084,65039,8205,128139,8205,129489,127999 2
S 129489,127996,8205,10084,65039,8205,128139,8205,129489,127995 2
S 129489,127996,8205,10084,65039,8205,128139,8205,129489,127997 2
S 129489,127996,8205,10084,65039,8205,128139,8205,129489,127998 2
S 129489,127996,8205,10084,65039,8205,128139,8205,129489,127999 2
S 129489,127997,8205,10084,65039,8205,128139,8205,129489,127995 2
S 129489,127997,8205,10084,65039,8205,128139,8205,129489,127996 2
S 129489,127997,8205,10084,65039,8205,128139,8205,129489,127998 2
S 129489,127997,8205,10084,65039,8205,128139,8205,129489,127999 2
S 129489,127998,8205,10084,65039,8205,128139,8205,129489,127995 2
S 129489,127998,8205,10084,65039,8205,128139,8205,129489,127996 2
S 129489,127998,8205,10084,65039,8205,128139,8205,129489,127997 2
S 129489,127998,8205,10084,65039,8205,128139,8205,129489,127999 2
S 129489,127999,8205,10084,65039,8205,128139,8205,129489,127995 2
S 129489,127999,8205,10084,65039,8205,128139,8205,129489,127996 2
S 129489,127999,8205,10084,65039,8205,128139,8205,129489,127997 2
S 129489,127999,8205,10084,65039,8205,128139,8205,129489,127998 2
S 128105,8205,10084,65039,8205,128139,8205,128104 2
S 128105,127995,8205,10084,65039,8205,128139,8205,128104,127995 2
S 128105,127995,8205,10084,65039,8205,128139,8205,128104,127996 2
S 128105,127995,8205,10084,65039,8205,128139,8205,128104,127997 2
S 128105,127995,8205,10084,65039,8205,128139,8205,128104,127998 2
S 128105,127995,8205,10084,65039,8205,128139,8205,128104,127999 2
S 128105,127996,8205,10084,65039,8205,128139,8205,128104,127995 2
S 128105,127996,8205,10084,65039,8205,128139,8205,128104,127996 2
S 128105,127996,8205,10084,65039,8205,128139,8205,128104,127997 2
S 128105,127996,8205,10084,65039,8205,128139,8205,128104,127998 2
S 128105,127996,8205,10084,65039,8205,128139,8205,128104,127999 2
S 128105,127997,8205,10084,65039,8205,128139,8205,128104,127995 2
S 128105,127997,8205,10084,65039,8205,128139,8205,128104,127996 2
S 128105,127997,8205,10084,65039,8205,128139,8205,128104,127997 2
S 128105,127997,8205,10084,65039,8205,128139,8205,128104,127998 2
S 128105,127997,8205,10084,65039,8205,128139,8205,128104,127999 2
S 128105,127998,8205,10084,65039,8205,128139,8205,128104,127995 2
S 128105,127998,8205,10084,65039,8205,128139,8205,128104,127996 2
S 128105,127998,8205,10084,65039,8205,128139,8205,128104,127997 2
S 128105,127998,8205,10084,65039,8205,128139,8205,128104,127998 2
S 128105,127998,8205,10084,65039,8205,128139,8205,128104,127999 2
S 128105,127999,8205,10084,65039,8205,128139,8205,128104,127995 2
S 128105,127999,8205,10084,65039,8205,128139,8205,128104,127996 2
S 128105,127999,8205,10084,65039,8205,128139,8205,128104,127997 2
S 128105,127999,8205,10084,65039,8205,128139,8205,128104,127998 2
S 128105,127999,8205,10084,65039,8205,128139,8205,128104,127999 2
S 128104,8205,10084,65039,8205,128139,8205,128104 2
S 128104,127995,8205,10084,65039,8205,128139,8205,128104,127995 2
S 128104,127995,8205,10084,65039,8205,128139,8205,128104,127996 2
S 128104,127995,8205,10084,65039,8205,128139,8205,128104,127997 2
S 128104,127995,8205,10084,65039,8205,128139,8205,128104,127998 2
S 128104,127995,8205,10084,65039,8205,128139,8205,128104,127999 2
S 128104,127996,8205,10084,65039,8205,128139,8205,128104,127995 2
S 128104,127996,8205,10084,65039,8205,128139,8205,128104,127996 2
S 128104,127996,8205,10084,65039,8205,128139,8205,128104,127997 2
S 128104,127996,8205,10084,65039,8205,128139,8205,128104,127998 2
S 128104,127996,8205,10084,65039,8205,128139,8205,128104,127999 2
S 128104,127997,8205,10084,65039,8205,128139,8205,128104,127995 2
S 128104,127997,8205,10084,65039,8205,128139,8205,128104,127996 2
S 128104,127997,8205,10084,65039,8205,128139,8205,128104,127997 2
S 128104,127997,8205,10084,65039,8205,128139,8205,128104,127998 2
S 128104,127997,8205,10084,65039,8205,128139,8205,128104,127999 2
S 128104,127998,8205,10084,65039,8205,128139,8205,128104,127995 2
S 128104,127998,8205,10084,65039,8205,128139,8205,128104,127996 2
S 128104,127998,8205,10084,65039,8205,128139,8205,128104,127997 2
S 128104,127998,8205,10084,65039,8205,128139,8205,128104,127998 2
S 128104,127998,8205,10084,65039,8205,128139,8205,128104,127999 2
S 128104,127999,8205,10084,65039,8205,128139,8205,128104,127995 2
S 128104,127999,8205,10084,65039,8205,128139,8205,128104,127996 2
S 128104,127999,8205,10084,65039,8205,128139,8205,128104,127997 2
S 128104,127999,8205,10084,65039,8205,128139,8205,128104,127998 2
S 128104,127999,8205,10084,65039,8205,128139,8205,128104,127999 2
S 128105,8205,10084,65039,8205,128139,8205,128105 2
S 128105,127995,8205,10084,65039,8205,128139,8205,128105,127995 2
S 128105,127995,8205,10084,65039,8205,128139,8205,128105,127996 2
S 128105,127995,8205,10084,65039,8205,128139,8205,128105,127997 2
S 128105,127995,8205,10084,65039,8205,128139,8205,128105,127998 2
S 128105,127995,8205,10084,65039,8205,128139,8205,128105,127999 2
S 128105,127996,8205,10084,65039,8205,128139,8205,128105,127995 2
S 128105,127996,8205,10084,65039,8205,128139,8205,128105,127996 2
S 128105,127996,8205,10084,65039,8205,128139,8205,128105,127997 2
S 128105,127996,8205,10084,65039,8205,128139,8205,128105,127998 2
S 128105,127996,8205,10084,65039,8205,128139,8205,128105,127999 2
S 128105,127997,8205,10084,65039,8205,128139,8205,128105,127995 2
S 128105,127997,8205,10084,65039,8205,128139,8205,128105,127996 2
S 128105,127997,8205,10084,65039,8205,128139,8205,128105,127997 2
S 128105,127997,8205,10084,65039,8205,128139,8205,128105,127998 2
S 128105,127997,8205,10084,65039,8205,128139,8205,128105,127999 2
S 128105,127998,8205,10084,65039,8205,128139,8205,128105,127995 2
S 128105,127998,8205,10084,65039,8205,128139,8205,128105,127996 2
S 128105,127998,8205,10084,65039,8205,128139,8205,128105,127997 2
S 128105,127998,8205,10084,65039,8205,128139,8205,128105,127998 2
S 128105,127998,8205,10084,65039,8205,128139,8205,128105,127999 2
S 128105,127999,8205,10084,65039,8205,128139,8205,128105,127995 2
S 128105,127999,8205,10084,65039,8205,128139,8205,128105,127996 2
S 128105,127999,8205,10084,65039,8205,128139,8205,128105,127997 2
S 128105,127999,8205,10084,65039,8205,128139,8205,128105,127998 2
S 128105,127999,8205,10084,65039,8205,128139,8205,128105,127999 2
S 128145 2
S 128145,127995 2
S 128145,127996 2
S 128145,127997 2
S 128145,127998 2
S 128145,127999 2
S 129489,127995,8205,10084,65039,8205,129489,127996 2
S 129489,127995,8205,10084,65039,8205,129489,127997 2
S 129489,127995,8205,10084,65039,8205,129489,127998 2
S 129489,127995,8205,10084,65039,8205,129489,127999 2
S 129489,127996,8205,10084,65039,8205,129489,127995 2
S 129489,127996,8205,10084,65039,8205,129489,127997 2
S 129489,127996,8205,10084,65039,8205,129489,127998 2
S 129489,127996,8205,10084,65039,8205,129489,127999 2
S 129489,127997,8205,10084,65039,8205,129489,127995 2
S 129489,127997,8205,10084,65039,8205,129489,127996 2
S 129489,127997,8205,10084,65039,8205,129489,127998 2
S 129489,127997,8205,10084,65039,8205,129489,127999 2
S 129489,127998,8205,10084,65039,8205,129489,127995 2
S 129489,127998,8205,10084,65039,8205,129489,127996 2
S 129489,127998,8205,10084,65039,8205,129489,127997 2
S 129489,127998,8205,10084,65039,8205,129489,127999 2
S 129489,127999,8205,10084,65039,8205,129489,127995 2
S 129489,127999,8205,10084,65039,8205,129489,127996 2
S 129489,127999,8205,10084,65039,8205,129489,127997 2
S 129489,127999,8205,10084,65039,8205,129489,127998 2
S 128105,8205,10084,65039,8205,128104 2
S 128105,127995,8205,10084,65039,8205,128104,127995 2
S 128105,127995,8205,10084,65039,8205,128104,127996 2
S 128105,127995,8205,10084,65039,8205,128104,127997 2
S 128105,127995,8205,10084,65039,8205,128104,127998 2
S 128105,127995,8205,10084,65039,8205,128104,127999 2
S 128105,127996,8205,10084,65039,8205,128104,127995 2
S 128105,127996,8205,10084,65039,8205,128104,127996 2
S 128105,127996,8205,10084,65039,8205,128104,127997 2
S 128105,127996,8205,10084,65039,8205,128104,127998 2
S 128105,127996,8205,10084,65039,8205,128104,127999 2
S 128105,127997,8205,10084,65039,8205,128104,127995 2
S 128105,127997,8205,10084,65039,8205,128104,127996 2
S 128105,127997,8205,10084,65039,8205,128104,127997 2
S 128105,127997,8205,10084,65039,8205,128104,127998 2
S 128105,127997,8205,10084,65039,8205,128104,127999 2
S 128105,127998,8205,10084,65039,8205,128104,127995 2
S 128105,127998,8205,10084,65039,8205,128104,127996 2
S 128105,127998,8205,10084,65039,8205,128104,127997 2
S 128105,127998,8205,10084,65039,8205,128104,127998 2
S 128105,127998,8205,10084,65039,8205,128104,127999 2
S 128105,127999,8205,10084,65039,8205,128104,127995 2
S 128105,127999,8205,10084,65039,8205,128104,127996 2
S 128105,127999,8205,10084,65039,8205,128104,127997 2
S 128105,127999,8205,10084,65039,8205,128104,127998 2
S 128105,127999,8205,10084,65039,8205,128104,127999 2
S 128104,8205,10084,65039,8205,128104 2
S 128104,127995,8205,10084,65039,8205,128104,127995 2
S 128104,127995,8205,10084,65039,8205,128104,127996 2
S 128104,127995,8205,10084,65039,8205,128104,127997 2
S 128104,127995,8205,10084,65039,8205,128104,127998 2
S 128104,127995,8205,10084,65039,8205,128104,127999 2
S 128104,127996,8205,10084,65039,8205,128104,127995 2
S 128104,127996,8205,10084,65039,8205,128104,127996 2
S 128104,127996,8205,10084,65039,8205,128104,127997 2
S 128104,127996,8205,10084,65039,8205,128104,127998 2
S 128104,127996,8205,10084,65039,8205,128104,127999 2
S 128104,127997,8205,10084,65039,8205,128104,127995 2
S 128104,127997,8205,10084,65039,8205,128104,127996 2
S 128104,127997,8205,10084,65039,8205,128104,127997 2
S 128104,127997,8205,10084,65039,8205,128104,127998 2
S 128104,127997,8205,10084,65039,8205,128104,127999 2
S 128104,127998,8205,10084,65039,8205,128104,127995 2
S 128104,127998,8205,10084,65039,8205,128104,127996 2
S 128104,127998,8205,10084,65039,8205,128104,127997 2
S 128104,127998,8205,10084,65039,8205,128104,127998 2
S 128104,127998,8205,10084,65039,8205,128104,127999 2
S 128104,127999,8205,10084,65039,8205,128104,127995 2
S 128104,127999,8205,10084,65039,8205,128104,127996 2
S 128104,127999,8205,10084,65039,8205,128104,127997 2
S 128104,127999,8205,10084,65039,8205,128104,127998 2
S 128104,127999,8205,10084,65039,8205,128104,127999 2
S 128105,8205,10084,65039,8205,128105 2
S 128105,127995,8205,10084,65039,8205,128105,127995 2
S 128105,127995,8205,10084,65039,8205,128105,127996 2
S 128105,127995,8205,10084,65039,8205,128105,127997 2
S 128105,127995,8205,10084,65039,8205,128105,127998 2
S 128105,127995,8205,10084,65039,8205,128105,127999 2
S 128105,127996,8205,10084,65039,8205,128105,127995 2
S 128105,127996,8205,10084,65039,8205,128105,127996 2
S 128105,127996,8205,10084,65039,8205,128105,127997 2
S 128105,127996,8205,10084,65039,8205,128105,127998 2
S 128105,127996,8205,10084,65039,8205,128105,127999 2
S 128105,127997,8205,10084,65039,8205,128105,127995 2
S 128105,127997,8205,10084,65039,8205,128105,127996 2
S 128105,127997,8205,10084,65039,8205,128105,127997 2
S 128105,127997,8205,10084,65039,8205,128105,127998 2
S 128105,127997,8205,10084,65039,8205,128105,127999 2
S 128105,127998,8205,10084,65039,8205,128105,127995 2
S 128105,127998,8205,10084,65039,8205,128105,127996 2
S 128105,127998,8205,10084,65039,8205,128105,127997 2
S 128105,127998,8205,10084,65039,8205,128105,127998 2
S 128105,127998,8205,10084,65039,8205,128105,127999 2
S 128105,127999,8205,10084,65039,8205,128105,127995 2
S 128105,127999,8205,10084,65039,8205,128105,127996 2
S 128105,127999,8205,10084,65039,8205,128105,127997 2
S 128105,127999,8205,10084,65039,8205,128105,127998 2
S 128105,127999,8205,10084,65039,8205,128105,127999 2
S 128104,8205,128105,8205,128102 2
S 128104,8205,128105,8205,128103 2
S 128104,8205,128105,8205,128103,8205,128102 2
S 128104,8205,128105,8205,128102,8205,128102 2
S 128104,8205,128105,8205,128103,8205,128103 2
S 128104,8205,128104,8205,128102 2
S 128104,8205,128104,8205,128103 2
S 128104,8205,128104,8205,128103,8205,128102 2
S 128104,8205,128104,8205,128102,8205,128102 2
S 128104,8205,128104,8205,128103,8205,128103 2
S 128105,8205,128105,8205,128102 2
S 128105,8205,128105,8205,128103 2
S 128105,8205,128105,8205,128103,8205,128102 2
S 128105,8205,128105,8205,128102,8205,128102 2
S 128105,8205,128105,8205,128103,8205,128103 2
S 128104,8205,128102 2
S 128104,8205,128102,8205,128102 2
S 128104,8205,128103 2
S 128104,8205,128103,8205,128102 2
S 128104,8205,128103,8205,128103 2
S 128105,8205,128102 2
S 128105,8205,128102,8205,128102 2
S 128105,8205,128103 2
S 128105,8205,128103,8205,128102 2
S 128105,8205,128103,8205,128103 2
S 128483,65039 2
S 128100 2
S 128101 2
S 129730 2
S 128106 2
S 129489,8205,129489,8205,129490 2
S 129489,8205,129489,8205,129490,8205,129490 2
S 129489,8205,129490 2
S 129489,8205,129490,8205,129490 2
S 128099 2
S 129734 2
S 127995 2
S 127996 2
S 127997 2
S 127998 2
S 127999 2
S 129456 2
S 129457 2
S 129459 2
S 129458 2
S 128053 2
S 128018 2
S 129421 2
S 129447 2
S 128054 2
S 128021 2
S 129454 2
S 128021,8205,129466 2
S 128041 2
S 128058 2
S 129418 2
S 129437 2
S 128049 2
S 128008 2
S 128008,8205,11035 2
S 129409 2
S 128047 2
S 128005 2
S 128006 2
S 128052 2
S 129742 2
S 129743 2
S 128014 2
S 129412 2
S 129427 2
S 129420 2
S 129452 2
S 128046 2
S 128002 2
S 128003 2
S 128004 2
S 128055 2
S 128022 2
S 128023 2
S 128061 2
S 128015 2
S 128017 2
S 128016 2
S 128042 2
S 128043 2
S 129433 2
S 129426 2
S 128024 2
S 129443 2
S 129423 2
S 129435 2
S 128045 2
S 128001 2
S 128000 2
S 128057 2
S 128048 2
S 128007 2
S 128063,65039 2
S 129451 2
S 129428 2
S 129415 2
S 128059 2
S 128059,8205,10052,65039 2
S 128040 2
S 128060 2
S 129445 2
S 129446 2
S 129448 2
S 129432 2
S 129441 2
S 128062 2
S 129411 2
S 128020 2
S 128019 2
S 128035 2
S 128036 2
S 128037 2
S 128038 2
S 128039 2
S 128330,65039 2
S 129413 2
S 129414 2
S 129442 2
S 129417 2
S 129444 2
S 129718 2
S 129449 2
S 129434 2
S 129436 2
S 129725 2
S 128038,8205,11035 2
S 129727 2
S 128038,8205,128293 2
S 128056 2
S 128010 2
S 128034 2
S 129422 2
S 128013 2
S 128050 2
S 128009 2
S 129429 2
S 129430 2
S 128051 2
S 128011 2
S 128044 2
S 129741 2
S 129453 2
S 128031 2
S 128032 2
S 128033 2
S 129416 2
S 128025 2
S 128026 2
S 129720 2
S 129724 2
S 129408 2
S 129438 2
S 129424 2
S 129425 2
S 129450 2
S 128012 2
S 129419 2
S 128027 2
S 128028 2
S 128029 2
S 129714 2
S 128030 2
S 129431 2
S 129715 2
S 128375,65039 2
S 128376,65039 2
S 129410 2
S 129439 2
S 129712 2
S 129713 2
S 129440 2
S 128144 2
S 127800 2
S 128174 2
S 129719 2
S 127989,65039 2
S 127801 2
S 129344 2
S 127802 2
S 127803 2
S 127804 2
S 127799 2
S 129723 2
S 127793 2
S 129716 2
S 127794 2
S 127795 2
S 127796 2
S 127797 2
S 127806 2
S 127807 2
S 9752,65039 2
S 127808 2
S 127809 2
S 127810 2
S 127811 2
S 129721 2
S 129722 2
S 127812 2
S 129726 2
S 127815 2
S 127816 2
S 127817 2
S 127818 2
S 127819 2
S 127819,8205,129001 2
S 127820 2
S 127821 2
S 129389 2
S 127822 2
S 127823 2
S 127824 2
S 127825 2
S 127826 2
S 127827 2
S 129744 2
S 129373 2
S 127813 2
S 129746 2
S 129381 2
S 129361 2
S 127814 2
S 129364 2
S 129365 2
S 127805 2
S 127798,65039 2
S 129745 2
S 129362 2
S 129388 2
S 129382 2
S 129476 2
S 129477 2
S 129372 2
S 129752 2
S 127792 2
S 129754 2
S 129755 2
S 127812,8205,129003 2
S 129756 2
S 127838 2
S 129360 2
S 129366 2
S 129747 2
S 129384 2
S 129391 2
S 129374 2
S 129479 2
S 129472 2
S 127830 2
S 127831 2
S 129385 2
S 129363 2
S 127828 2
S 127839 2
S 127829 2
S 127789 2
S 129386 2
S 127790 2
S 127791 2
S 129748 2
S 129369 2
S 129478 2
S 129370 2
S 127859 2
S 129368 2
S 127858 2
S 129749 2
S 129379 2
S 129367 2
S 127871 2
S 129480 2
S 129474 2
S 129387 2
S 127857 2
S 127832 2
S 127833 2
S 127834 2
S 127835 2
S 127836 2
S 127837 2
S 127840 2
S 127842 2
S 127843 2
S 127844 2
S 127845 2
S 129390 2
S 127841 2
S 129375 2
S 129376 2
S 129377 2
S 127846 2
S 127847 2
S 127848 2
S 127849 2
S 127850 2
S 127874 2
S 127856 2
S 129473 2
S 129383 2
S 127851 2
S 127852 2
S 127853 2
S 127854 2
S 127855 2
S 127868 2
S 129371 2
S 9749 2
S 129750 2
S 127861 2
S 127862 2
S 127870 2
S 127863 2
S 127864 2
S 127865 2
S 127866 2
S 127867 2
S 129346 2
S 129347 2
S 129751 2
S 129380 2
S 129483 2
S 129475 2
S 129481 2
S 129482 2
S 129378 2
S 127869,65039 2
S 127860 2
S 129348 2
S 128298 2
S 129753 2
S 127994 2
S 127757 2
S 127758 2
S 127759 2
S 127760 2
S 128506,65039 2
S 128510 2
S 129517 2
S 127956,65039 2
S 9968,65039 2
S 128728 2
S 127755 2
S 128507 2
S 127957,65039 2
S 127958,65039 2
S 127964,65039 2
S 127965,65039 2
S 127966,65039 2
S 127967,65039 2
S 127963,65039 2
S 127959,65039 2
S 129521 2
S 129704 2
S 129717 2
S 128726 2
S 127960,65039 2
S 127962,65039 2
S 127968 2
S 127969 2
S 127970 2
S 127971 2
S 127972 2
S 127973 2
S 127974 2
S 127976 2
S 127977 2
S 127978 2
S 127979 2
S 127980 2
S 127981 2
S 127983 2
S 127984 2
S 128146 2
S 128508 2
S 128509 2
S 9962 2
S 128332 2
S 128725 2
S 128333 2
S 9961,65039 2
S 128331 2
S 9970 2
S 9978 2
S 127745 2
S 127747 2
S 127961,65039 2
S 127748 2
S 127749 2
S 127750 2
S 127751 2
S 127753 2
S 9832,65039 2
S 127904 2
S 128733 2
S 127905 2
S 127906 2
S 128136 2
S 127914 2
S 128642 2
S 128643 2
S 128644 2
S 128645 2
S 128646 2
S 128647 2
S 128648 2
S 128649 2
S 128650 2
S 128669 2
S 128670 2
S 128651 2
S 128652 2
S 128653 2
S 128654 2
S 128656 2
S 128657 2
S 128658 2
S 128659 2
S 128660 2
S 128661 2
S 128662 2
S 128663 2
S 128664 2
S 128665 2
S 128763 2
S 128666 2
S 128667 2
S 128668 2
S 127950,65039 2
S 127949,65039 2
S 128757 2
S 129469 2
S 129468 2
S 128762 2
S 128690 2
S 128756 2
S 128761 2
S 128764 2
S 128655 2
S 128739,65039 2
S 128740,65039 2
S 128738,65039 2
S 9981 2
S 128734 2
S 128680 2
S 128677 2
S 128678 2
S 128721 2
S 128679 2
S 9875 2
S 128735 2
S 9973 2
S 128758 2
S 128676 2
S 128755,65039 2
S 9972,65039 2
S 128741,65039 2
S 128674 2
S 9992,65039 2
S 128745,65039 2
S 128747 2
S 128748 2
S 129666 2
S 128186 2
S 128641 2
S 128671 2
S 128672 2
S 128673 2
S 128752,65039 2
S 128640 2
S 128760 2
S 128718,65039 2
S 129523 2
S 8987 2
S 9203 2
S 8986 2
S 9200 2
S 9201,65039 2
S 9202,65039 2
S 128368,65039 2
S 128347 2
S 128359 2
S 128336 2
S 128348 2
S 128337 2
S 128349 2
S 128338 2
S 128350 2
S 128339 2
S 128351 2
S 128340 2
S 128352 2
S 128341 2
S 128353 2
S 128342 2
S 128354 2
S 128343 2
S 128355 2
S 128344 2
S 128356 2
S 128345 2
S 128357 2
S 128346 2
S 128358 2
S 127761 2
S 127762 2
S 127763 2
S 127764 2
S 127765 2
S 127766 2
S 127767 2
S 127768 2
S 127769 2
S 127770 2
S 127771 2
S 127772 2
S 127777,65039 2
S 9728,65039 2
S 127773 2
S 127774 2
S 129680 2
S 11088 2
S 127775 2
S 127776 2
S 127756 2
S 9729,65039 2
S 9925 2
S 9928,65039 2
S 127780,65039 2
S 127781,65039 2
S 127782,65039 2
S 127783,65039 2
S 127784,65039 2
S 127785,65039 2
S 127786,65039 2
S 127787,65039 2
S 127788,65039 2
S 127744 2
S 127752 2
S 127746 2
S 9730,65039 2
S 9748 2
S 9969,65039 2
S 9889 2
S 10052,65039 2
S 9731,65039 2
S 9924 2
S 9732,65039 2
S 128293 2
S 128167 2
S 127754 2
S 127875 2
S 127876 2
S 127878 2
S 127879 2
S 129512 2
S 10024 2
S 127880 2
S 127881 2
S 127882 2
S 127883 2
S 127885 2
S 127886 2
S 127887 2
S 127888 2
S 127889 2
S 129511 2
S 127872 2
S 127873 2
S 127895,65039 2
S 127903,65039 2
S 127915 2
S 127894,65039 2
S 127942 2
S 127941 2
S 129351 2
S 129352 2
S 129353 2
S 9917 2
S 9918 2
S 129358 2
S 127936 2
S 127952 2
S 127944 2
S 127945 2
S 127934 2
S 129359 2
S 127923 2
S 127951 2
S 127953 2
S 127954 2
S 129357 2
S 127955 2
S 127992 2
S 129354 2
S 129355 2
S 129349 2
S 9971 2
S 9976,65039 2
S 127907 2
S 129343 2
S 127933 2
S 127935 2
S 128759 2
S 129356 2
S 127919 2
S 129664 2
S 129665 2
S 128299 2
S 127921 2
S 128302 2
S 129668 2
S 127918 2
S 128377,65039 2
S 127920 2
S 127922 2
S 129513 2
S 129528 2
S 129669 2
S 129705 2
S 129670 2
S 9824,65039 2
S 9829,65039 2
S 9830,65039 2
S 9827,65039 2
S 9823,65039 2
S 127183 2
S 126980 2
S 127924 2
S 127917 2
S 128444,65039 2
S 127912 2
S 129525 2
S 129697 2
S 129526 2
S 129698 2
S 128083 2
S 128374,65039 2
S 129405 2
S 129404 2
S 129466 2
S 128084 2
S 128085 2
S 128086 2
S 129507 2
S 129508 2
S 129509 2
S 129510 2
S 128087 2
S 128088 2
S 129403 2
S 129649 2
S 129650 2
S 129651 2
S 128089 2
S 128090 2
S 129709 2
S 128091 2
S 128092 2
S 128093 2
S 128717,65039 2
S 127890 2
S 129652 2
S 128094 2
S 128095 2
S 129406 2
S 129407 2
S 128096 2
S 128097 2
S 129648 2
S 128098 2
S 129710 2
S 128081 2
S 128082 2
S 127913 2
S 127891 2
S 129506 2
S 129686 2
S 9937,65039 2
S 128255 2
S 128132 2
S 128141 2
S 128142 2
S 128263 2
S 128264 2
S 128265 2
S 128266 2
S 128226 2
S 128227 2
S 128239 2
S 128276 2
S 128277 2
S 127932 2
S 127925 2
S 127926 2
S 127897,65039 2
S 127898,65039 2
S 127899,65039 2
S 127908 2
S 127911 2
S 128251 2
S 127927 2
S 127930 2
S 129674 2
S 129687 2
S 127928 2
S 127929 2
S 127931 2
S 129685 2
S 129345 2
S 129688 2
S 129671 2
S 129672 2
S 129673 2
S 128241 2
S 128242 2
S 9742,65039 2
S 128222 2
S 128223 2
S 128224 2
S 128267 2
S 129707 2
S 128268 2
S 128187 2
S 128421,65039 2
S 128424,65039 2
S 9000,65039 2
S 128433,65039 2
S 128434,65039 2
S 128189 2
S 128190 2
S 128191 2
S 128192 2
S 129518 2
S 127909 2
S 127902,65039 2
S 128253,65039 2
S 127916 2
S 128250 2
S 128247 2
S 128248 2
S 128249 2
S 128252 2
S 128269 2
S 128270 2
S 128367,65039 2
S 128161 2
S 128294 2
S 127982 2
S 129684 2
S 128212 2
S 128213 2
S 128214 2
S 128215 2
S 128216 2
S 128217 2
S 128218 2
S 128211 2
S 128210 2
S 128195 2
S 128220 2
S 128196 2
S 128240 2
S 128478,65039 2
S 128209 2
S 128278 2
S 127991,65039 2
S 129689 2
S 128176 2
S 129678 2
S 128180 2
S 128181 2
S 128182 2
S 128183 2
S 128184 2
S 128179 2
S 129534 2
S 128185 2
S 9993,65039 2
S 128231 2
S 128232 2
S 128233 2
S 128228 2
S 128229 2
S 128230 2
S 128235 2
S 128234 2
S 128236 2
S 128237 2
S 128238 2
S 128499,65039 2
S 9999,65039 2
S 10002,65039 2
S 128395,65039 2
S 128394,65039 2
S 128396,65039 2
S 128397,65039 2
S 128221 2
S 128188 2
S 128193 2
S 128194 2
S 128450,65039 2
S 128197 2
S 128198 2
S 128466,65039 2
S 128467,65039 2
S 128199 2
S 128200 2
S 128201 2
S 128202 2
S 128203 2
S 128204 2
S 128205 2
S 128206 2
S 128391,65039 2
S 128207 2
S 128208 2
S 9986,65039 2
S 128451,65039 2
S 128452,65039 2
S 128465,65039 2
S 128274 2
S 128275 2
S 128271 2
S 128272 2
S 128273 2
S 128477,65039 2
S 128296 2
S 129683 2
S 9935,65039 2
S 9874,65039 2
S 128736,65039 2
S 128481,65039 2
S 9876,65039 2
S 128163 2
S 129667 2
S 127993 2
S 128737,65039 2
S 129690 2
S 128295 2
S 129691 2
S 128297 2
S 9881,65039 2
S 128476,65039 2
S 9878,65039 2
S 129455 2
S 128279 2
S 9939,65039,8205,128165 2
S 9939,65039 2
S 129693 2
S 129520 2
S 129522 2
S 129692 2
S 129679 2
S 9879,65039 2
S 129514 2
S 129515 2
S 129516 2
S 128300 2
S 128301 2
S 128225 2
S 128137 2
S 129656 2
S 128138 2
S 129657 2
S 129660 2
S 129658 2
S 129659 2
S 128682 2
S 128727 2
S 129694 2
S 129695 2
S 128719,65039 2
S 128715,65039 2
S 129681 2
S 128701 2
S 129696 2
S 128703 2
S 128705 2
S 129700 2
S 129682 2
S 129524 2
S 129527 2
S 129529 2
S 129530 2
S 129531 2
S 129699 2
S 129532 2
S 129767 2
S 129701 2
S 129533 2
S 129519 2
S 128722 2
S 128684 2
S 9904,65039 2
S 129702 2
S 9905,65039 2
S 129535 2
S 129708 2
S 128511 2
S 129703 2
S 129706 2
S 127975 2
S 128686 2
S 128688 2
S 9855 2
S 128697 2
S 128698 2
S 128699 2
S 128700 2
S 128702 2
S 128706 2
S 128707 2
S 128708 2
S 128709 2
S 9888,65039 2
S 128696 2
S 9940 2
S 128683 2
S 128691 2
S 128685 2
S 128687 2
S 128689 2
S 128695 2
S 128245 2
S 128286 2
S 9762,65039 2
S 9763,65039 2
S 11014,65039 2
S 8599,65039 2
S 10145,65039 2
S 8600,65039 2
S 11015,65039 2
S 8601,65039 2
S 11013,65039 2
S 8598,65039 2
S 8597,65039 2
S 8596,65039 2
S 8617,65039 2
S 8618,65039 2
S 10548,65039 2
S 10549,65039 2
S 128259 2
S 128260 2
S 128281 2
S 128282 2
S 128283 2
S 128284 2
S 128285 2
S 128720 2
S 9883,65039 2
S 128329,65039 2
S 10017,65039 2
S 9784,65039 2
S 9775,65039 2
S 10013,65039 2
S 9766,65039 2
S 9770,65039 2
S 9774,65039 2
S 128334 2
S 128303 2
S 129711 2
S 9800 2
S 9801 2
S 9802 2
S 9803 2
S 9804 2
S 9805 2
S 9806 2
S 9807 2
S 9808 2
S 9809 2
S 9810 2
S 9811 2
S 9934 2
S 128256 2
S 128257 2
S 128258 2
S 9654,65039 2
S 9193 2
S 9197,65039 2
S 9199,65039 2
S 9664,65039 2
S 9194 2
S 9198,65039 2
S 128316 2
S 9195 2
S 128317 2
S 9196 2
S 9208,65039 2
S 9209,65039 2
S 9210,65039 2
S 9167,65039 2
S 127910 2
S 128261 2
S 128262 2
S 128246 2
S 128732 2
S 128243 2
S 128244 2
S 9792,65039 2
S 9794,65039 2
S 9895,65039 2
S 10006,65039 2
S 10133 2
S 10134 2
S 10135 2
S 129008 2
S 9854,65039 2
S 8252,65039 2
S 8265,65039 2
S 10067 2
S 10068 2
S 10069 2
S 10071 2
S 12336,65039 2
S 128177 2
S 128178 2
S 9877,65039 2
S 9851,65039 2
S 9884,65039 2
S 128305 2
S 128219 2
S 128304 2
S 11093 2
S 9989 2
S 9745,65039 2
S 10004,65039 2
S 10060 2
S 10062 2
S 10160 2
S 10175 2
S 12349,65039 2
S 10035,65039 2
S 10036,65039 2
S 10055,65039 2
S 169,65039 2
S 174,65039 2
S 8482,65039 2
S 129759 2
S 35,65039,8419 2
S 42,65039,8419 2
S 48,65039,8419 2
S 49,65039,8419 2
S 50,65039,8419 2
S 51,65039,8419 2
S 52,65039,8419 2
S 53,65039,8419 2
S 54,65039,8419 2
S 55,65039,8419 2
S 56,65039,8419 2
S 57,65039,8419 2
S 128287 2
S 128288 2
S 128289 2
S 128290 2
S 128291 2
S 128292 2
S 127344,65039 2
S 127374 2
S 127345,65039 2
S 127377 2
S 127378 2
S 127379 2
S 8505,65039 2
S 127380 2
S 9410,65039 2
S 127381 2
S 127382 2
S 127358,65039 2
S 127383 2
S 127359,65039 2
S 127384 2
S 127385 2
S 127386 2
S 127489 2
S 127490,65039 2
S 127543,65039 2
S 127542 2
S 127535 2
S 127568 2
S 127545 2
S 127514 2
S 127538 2
S 127569 2
S 127544 2
S 127540 2
S 127539 2
S 12951,65039 2
S 12953,65039 2
S 127546 2
S 127541 2
S 128308 2
S 128992 2
S 128993 2
S 128994 2
S 128309 2
S 128995 2
S 128996 2
S 9899 2
S 9898 2
S 128997 2
S 128999 2
S 129000 2
S 129001 2
S 128998 2
S 129002 2
S 129003 2
S 11035 2
S 11036 2
S 9724,65039 2
S 9723,65039 2
S 9726 2
S 9725 2
S 9642,65039 2
S 9643,65039 2
S 128310 2
S 128311 2
S 128312 2
S 128313 2
S 128314 2
S 128315 2
S 128160 2
S 128280 2
S 128307 2
S 128306 2
S 127937 2
S 128681 2
S 127884 2
S 127988 2
S 127987,65039 2
S 127987,65039,8205,127752 2
S 127987,65039,8205,9895,65039 2
S 127988,8205,9760,65039 2
S 127462,127464 2
S 127462,127465 2
S 127462,127466 2
S 127462,127467 2
S 127462,127468 2
S 127462,127470 2
S 127462,127473 2
S 127462,127474 2
S 127462,127476 2
S 127462,127478 2
S 127462,127479 2
S 127462,127480 2
S 127462,127481 2
S 127462,127482 2
S 127462,127484 2
S 127462,127485 2
S 127462,127487 2
S 127463,127462 2
S 127463,127463 2
S 127463,127465 2
S 127463,127466 2
S 127463,127467 2
S 127463,127468 2
S 127463,127469 2
S 127463,127470 2
S 127463,127471 2
S 127463,127473 2
S 127463,127474 2
S 127463,127475 2
S 127463,127476 2
S 127463,127478 2
S 127463,127479 2
S 127463,127480 2
S 127463,127481 2
S 127463,127483 2
S 127463,127484 2
S 127463,127486 2
S 127463,127487 2
S 127464,127462 2
S 127464,127464 2
S 127464,127465 2
S 127464,127467 2
S 127464,127468 2
S 127464,127469 2
S 127464,127470 2
S 127464,127472 2
S 127464,127473 2
S 127464,127474 2
S 127464,127475 2
S 127464,127476 2
S 127464,127477 2
S 127464,127478 2
S 127464,127479 2
S 127464,127482 2
S 127464,127483 2
S 127464,127484 2
S 127464,127485 2
S 127464,127486 2
S 127464,127487 2
S 127465,127466 2
S 127465,127468 2
S 127465,127471 2
S 127465,127472 2
S 127465,127474 2
S 127465,127476 2
S 127465,127487 2
S 127466,127462 2
S 127466,127464 2
S 127466,127466 2
S 127466,127468 2
S 127466,127469 2
S 127466,127479 2
S 127466,127480 2
S 127466,127481 2
S 127466,127482 2
S 127467,127470 2
S 127467,127471 2
S 127467,127472 2
S 127467,127474 2
S 127467,127476 2
S 127467,127479 2
S 127468,127462 2
S 127468,127463 2
S 127468,127465 2
S 127468,127466 2
S 127468,127467 2
S 127468,127468 2
S 127468,127469 2
S 127468,127470 2
S 127468,127473 2
S 127468,127474 2
S 127468,127475 2
S 127468,127477 2
S 127468,127478 2
S 127468,127479 2
S 127468,127480 2
S 127468,127481 2
S 127468,127482 2
S 127468,127484 2
S 127468,127486 2
S 127469,127472 2
S 127469,127474 2
S 127469,127475 2
S 127469,127479 2
S 127469,127481 2
S 127469,127482 2
S 127470,127464 2
S 127470,127465 2
S 127470,127466 2
S 127470,127473 2
S 127470,127474 2
S 127470,127475 2
S 127470,127476 2
S 127470,127478 2
S 127470,127479 2
S 127470,127480 2
S 127470,127481 2
S 127471,127466 2
S 127471,127474 2
S 127471,127476 2
S 127471,127477 2
S 127472,127466 2
S 127472,127468 2
S 127472,127469 2
S 127472,127470 2
S 127472,127474 2
S 127472,127475 2
S 127472,127477 2
S 127472,127479 2
S 127472,127484 2
S 127472,127486 2
S 127472,127487 2
S 127473,127462 2
S 127473,127463 2
S 127473,127464 2
S 127473,127470 2
S 127473,127472 2
S 127473,127479 2
S 127473,127480 2
S 127473,127481 2
S 127473,127482 2
S 127473,127483 2
S 127473,127486 2
S 127474,127462 2
S 127474,127464 2
S 127474,127465 2
S 127474,127466 2
S 127474,127467 2
S 127474,127468 2
S 127474,127469 2
S 127474,127472 2
S 127474,127473 2
S 127474,127474 2
S 127474,127475 2
S 127474,127476 2
S 127474,127477 2
S 127474,127478 2
S 127474,127479 2
S 127474,127480 2
S 127474,127481 2
S 127474,127482 2
S 127474,127483 2
S 127474,127484 2
S 127474,127485 2
S 127474,127486 2
S 127474,127487 2
S 127475,127462 2
S 127475,127464 2
S 127475,127466 2
S 127475,127467 2
S 127475,127468 2
S 127475,127470 2
S 127475,127473 2
S 127475,127476 2
S 127475,127477 2
S 127475,127479 2
S 127475,127482 2
S 127475,127487 2
S 127476,127474 2
S 127477,127462 2
S 127477,127466 2
S 127477,127467 2
S 127477,127468 2
S 127477,127469 2
S 127477,127472 2
S 127477,127473 2
S 127477,127474 2
S 127477,127475 2
S 127477,127479 2
S 127477,127480 2
S 127477,127481 2
S 127477,127484 2
S 127477,127486 2
S 127478,127462 2
S 127479,127466 2
S 127479,127476 2
S 127479,127480 2
S 127479,127482 2
S 127479,127484 2
S 127480,127462 2
S 127480,127463 2
S 127480,127464 2
S 127480,127465 2
S 127480,127466 2
S 127480,127468 2
S 127480,127469 2
S 127480,127470 2
S 127480,127471 2
S 127480,127472 2
S 127480,127473 2
S 127480,127474 2
S 127480,127475 2
S 127480,127476 2
S 127480,127479 2
S 127480,127480 2
S 127480,127481 2
S 127480,127483 2
S 127480,127485 2
S 127480,127486 2
S 127480,127487 2
S 127481,127462 2
S 127481,127464 2
S 127481,127465 2
S 127481,127467 2
S 127481,127468 2
S 127481,127469 2
S 127481,127471 2
S 127481,127472 2
S 127481,127473 2
S 127481,127474 2
S 127481,127475 2
S 127481,127476 2
S 127481,127479 2
S 127481,127481 2
S 127481,127483 2
S 127481,127484 2
S 127481,127487 2
S 127482,127462 2
S 127482,127468 2
S 127482,127474 2
S 127482,127475 2
S 127482,127480 2
S 127482,127486 2
S 127482,127487 2
S 127483,127462 2
S 127483,127464 2
S 127483,127466 2
S 127483,127468 2
S 127483,127470 2
S 127483,127475 2
S 127483,127482 2
S 127484,127467 2
S 127484,127480 2
S 127485,127472 2
S 127486,127466 2
S 127486,127481 2
S 127487,127462 2
S 127487,127474 2
S 127487,127484 2
S 127988,917607,917602,917605,917614,917607,917631 2
S 127988,917607,917602,917619,917603,917620,917631 2
S 127988,917607,917602,917623,917612,917619,917631 2
