Diff in /data/data/com.termux/files/home/titan/crates/titan_ast/src/expr.rs:1:
 //! Titan AST - Expressions, Patterns, Blocks, Statements.
 //! All recursive types use Box<> to prevent infinite size errors (E0072).
 
[32m+use crate::{Item, Param, TypeExpr};
[0m use titan_lexer::Span;
[31m-use crate::{Item, TypeExpr, Param};
[0m 
 #[derive(Debug, Clone, PartialEq)]
 pub enum Expr {
Diff in /data/data/com.termux/files/home/titan/crates/titan_ast/src/expr.rs:9:
[31m-    Int { value: i64, span: Span },
[0m[31m-    Float { value: f64, span: Span },
[0m[31m-    String { value: String, span: Span },
[0m[32m+    Int {
[0m[32m+        value: i64,
[0m[32m+        span: Span,
[0m[32m+    },
[0m[32m+    Float {
[0m[32m+        value: f64,
[0m[32m+        span: Span,
[0m[32m+    },
[0m[32m+    String {
[0m[32m+        value: String,
[0m[32m+        span: Span,
[0m[32m+    },
[0m     /// A string containing `{expression}` interpolation placeholders.
[31m-    StringTemplate { value: String, span: Span },
[0m[31m-    Char { value: char, span: Span },
[0m[31m-    Bool { value: bool, span: Span },
[0m[31m-    Nil { span: Span },
[0m[31m-    Ident { name: String, span: Span },
[0m[31m-    Array { elements: Vec<Expr>, span: Span },
[0m[31m-    Tuple { elements: Vec<Expr>, span: Span },
[0m[31m-    StructLit { name: String, fields: Vec<(String, Expr)>, span: Span },
[0m[31m-    Binary { left: Box<Expr>, op: BinaryOp, right: Box<Expr>, span: Span },
[0m[31m-    Range { start: Box<Expr>, end: Box<Expr>, inclusive: bool, span: Span },
[0m[31m-    Unary { op: UnaryOp, expr: Box<Expr>, span: Span },
[0m[31m-    Call { callee: Box<Expr>, args: Vec<Expr>, span: Span },
[0m[31m-    MethodCall { receiver: Box<Expr>, method: String, args: Vec<Expr>, span: Span },
[0m[31m-    Index { target: Box<Expr>, index: Box<Expr>, span: Span },
[0m[31m-    FieldAccess { target: Box<Expr>, field: String, span: Span },
[0m[31m-    If { condition: Box<Expr>, then_branch: Block, else_branch: Option<Block>, span: Span },
[0m[31m-    Match { scrutinee: Box<Expr>, arms: Vec<MatchArm>, span: Span },
[0m[31m-    For { pattern: Box<Pattern>, iterator: Box<Expr>, body: Block, span: Span },
[0m[31m-    While { condition: Box<Expr>, body: Block, span: Span },
[0m[31m-    Loop { body: Block, span: Span },
[0m[31m-    Break { value: Option<Box<Expr>>, span: Span },
[0m[31m-    Continue { span: Span },
[0m[31m-    Return { value: Option<Box<Expr>>, span: Span },
[0m[31m-    Let { name: String, type_ann: Option<TypeExpr>, value: Box<Expr>, span: Span },
[0m[31m-    Assign { target: Box<Expr>, op: Option<BinaryOp>, value: Box<Expr>, span: Span },
[0m[32m+    StringTemplate {
[0m[32m+        value: String,
[0m[32m+        span: Span,
[0m[32m+    },
[0m[32m+    Char {
[0m[32m+        value: char,
[0m[32m+        span: Span,
[0m[32m+    },
[0m[32m+    Bool {
[0m[32m+        value: bool,
[0m[32m+        span: Span,
[0m[32m+    },
[0m[32m+    Nil {
[0m[32m+        span: Span,
[0m[32m+    },
[0m[32m+    Ident {
[0m[32m+        name: String,
[0m[32m+        span: Span,
[0m[32m+    },
[0m[32m+    Array {
[0m[32m+        elements: Vec<Expr>,
[0m[32m+        span: Span,
[0m[32m+    },
[0m[32m+    Tuple {
[0m[32m+        elements: Vec<Expr>,
[0m[32m+        span: Span,
[0m[32m+    },
[0m[32m+    StructLit {
[0m[32m+        name: String,
[0m[32m+        fields: Vec<(String, Expr)>,
[0m[32m+        span: Span,
[0m[32m+    },
[0m[32m+    Binary {
[0m[32m+        left: Box<Expr>,
[0m[32m+        op: BinaryOp,
[0m[32m+        right: Box<Expr>,
[0m[32m+        span: Span,
[0m[32m+    },
[0m[32m+    Range {
[0m[32m+        start: Box<Expr>,
[0m[32m+        end: Box<Expr>,
[0m[32m+        inclusive: bool,
[0m[32m+        span: Span,
[0m[32m+    },
[0m[32m+    Unary {
[0m[32m+        op: UnaryOp,
[0m[32m+        expr: Box<Expr>,
[0m[32m+        span: Span,
[0m[32m+    },
[0m[32m+    Call {
[0m[32m+        callee: Box<Expr>,
[0m[32m+        args: Vec<Expr>,
[0m[32m+        span: Span,
[0m[32m+    },
[0m[32m+    MethodCall {
[0m[32m+        receiver: Box<Expr>,
[0m[32m+        method: String,
[0m[32m+        args: Vec<Expr>,
[0m[32m+        span: Span,
[0m[32m+    },
[0m[32m+    Index {
[0m[32m+        target: Box<Expr>,
[0m[32m+        index: Box<Expr>,
[0m[32m+        span: Span,
[0m[32m+    },
[0m[32m+    FieldAccess {
[0m[32m+        target: Box<Expr>,
[0m[32m+        field: String,
[0m[32m+        span: Span,
[0m[32m+    },
[0m[32m+    If {
[0m[32m+        condition: Box<Expr>,
[0m[32m+        then_branch: Block,
[0m[32m+        else_branch: Option<Block>,
[0m[32m+        span: Span,
[0m[32m+    },
[0m[32m+    Match {
[0m[32m+        scrutinee: Box<Expr>,
[0m[32m+        arms: Vec<MatchArm>,
[0m[32m+        span: Span,
[0m[32m+    },
[0m[32m+    For {
[0m[32m+        pattern: Box<Pattern>,
[0m[32m+        iterator: Box<Expr>,
[0m[32m+        body: Block,
[0m[32m+        span: Span,
[0m[32m+    },
[0m[32m+    While {
[0m[32m+        condition: Box<Expr>,
[0m[32m+        body: Block,
[0m[32m+        span: Span,
[0m[32m+    },
[0m[32m+    Loop {
[0m[32m+        body: Block,
[0m[32m+        span: Span,
[0m[32m+    },
[0m[32m+    Break {
[0m[32m+        value: Option<Box<Expr>>,
[0m[32m+        span: Span,
[0m[32m+    },
[0m[32m+    Continue {
[0m[32m+        span: Span,
[0m[32m+    },
[0m[32m+    Return {
[0m[32m+        value: Option<Box<Expr>>,
[0m[32m+        span: Span,
[0m[32m+    },
[0m[32m+    Let {
[0m[32m+        name: String,
[0m[32m+        type_ann: Option<TypeExpr>,
[0m[32m+        value: Box<Expr>,
[0m[32m+        span: Span,
[0m[32m+    },
[0m[32m+    Assign {
[0m[32m+        target: Box<Expr>,
[0m[32m+        op: Option<BinaryOp>,
[0m[32m+        value: Box<Expr>,
[0m[32m+        span: Span,
[0m[32m+    },
[0m     Block(Box<Block>),
[31m-    Spawn { expr: Box<Expr>, span: Span },
[0m[31m-    Try { expr: Box<Expr>, span: Span },
[0m[31m-    Closure { params: Vec<Param>, return_type: Option<TypeExpr>, body: Box<Expr>, span: Span },
[0m[32m+    Spawn {
[0m[32m+        expr: Box<Expr>,
[0m[32m+        span: Span,
[0m[32m+    },
[0m[32m+    Try {
[0m[32m+        expr: Box<Expr>,
[0m[32m+        span: Span,
[0m[32m+    },
[0m[32m+    Closure {
[0m[32m+        params: Vec<Param>,
[0m[32m+        return_type: Option<TypeExpr>,
[0m[32m+        body: Box<Expr>,
[0m[32m+        span: Span,
[0m[32m+    },
[0m }
 
 #[derive(Debug, Clone, Copy, PartialEq, Eq)]
Diff in /data/data/com.termux/files/home/titan/crates/titan_ast/src/expr.rs:45:
 pub enum BinaryOp {
[31m-    Add, Sub, Mul, Div, Mod,
[0m[31m-    And, Or, Xor,
[0m[31m-    Eq, Neq, Lt, Gt, Lte, Gte,
[0m[31m-    LazyAnd, LazyOr,
[0m[32m+    Add,
[0m[32m+    Sub,
[0m[32m+    Mul,
[0m[32m+    Div,
[0m[32m+    Mod,
[0m[32m+    And,
[0m[32m+    Or,
[0m[32m+    Xor,
[0m[32m+    Eq,
[0m[32m+    Neq,
[0m[32m+    Lt,
[0m[32m+    Gt,
[0m[32m+    Lte,
[0m[32m+    Gte,
[0m[32m+    LazyAnd,
[0m[32m+    LazyOr,
[0m }
 
 #[derive(Debug, Clone, Copy, PartialEq, Eq)]
Diff in /data/data/com.termux/files/home/titan/crates/titan_ast/src/expr.rs:53:
[31m-pub enum UnaryOp { Neg, Not, BitNot, Ref, RefMut, Deref }
[0m[32m+pub enum UnaryOp {
[0m[32m+    Neg,
[0m[32m+    Not,
[0m[32m+    BitNot,
[0m[32m+    Ref,
[0m[32m+    RefMut,
[0m[32m+    Deref,
[0m[32m+}
[0m 
 #[derive(Debug, Clone, PartialEq)]
 pub struct Block {
Diff in /data/data/com.termux/files/home/titan/crates/titan_ast/src/expr.rs:62:
 #[derive(Debug, Clone, PartialEq)]
 pub enum Stmt {
     Expr(Expr),
[31m-    Let { name: String, type_ann: Option<TypeExpr>, value: Expr, span: Span },
[0m[31m-    Assign { target: Expr, op: Option<BinaryOp>, value: Expr, span: Span },
[0m[32m+    Let {
[0m[32m+        name: String,
[0m[32m+        type_ann: Option<TypeExpr>,
[0m[32m+        value: Expr,
[0m[32m+        span: Span,
[0m[32m+    },
[0m[32m+    Assign {
[0m[32m+        target: Expr,
[0m[32m+        op: Option<BinaryOp>,
[0m[32m+        value: Expr,
[0m[32m+        span: Span,
[0m[32m+    },
[0m     Item(Item),
 }
 
Diff in /data/data/com.termux/files/home/titan/crates/titan_ast/src/expr.rs:77:
 
 #[derive(Debug, Clone, PartialEq)]
 pub enum Pattern {
[31m-    Wildcard { span: Span },
[0m[31m-    Ident { name: String, span: Span },
[0m[31m-    Literal { value: Box<Expr>, span: Span },
[0m[31m-    Struct { name: String, fields: Vec<(String, Pattern)>, rest: bool, span: Span },
[0m[31m-    Enum { name: String, variant: String, inner: Option<Box<Pattern>>, span: Span },
[0m[31m-    Tuple { elements: Vec<Pattern>, span: Span },
[0m[31m-    Or { left: Box<Pattern>, right: Box<Pattern>, span: Span },
[0m[32m+    Wildcard {
[0m[32m+        span: Span,
[0m[32m+    },
[0m[32m+    Ident {
[0m[32m+        name: String,
[0m[32m+        span: Span,
[0m[32m+    },
[0m[32m+    Literal {
[0m[32m+        value: Box<Expr>,
[0m[32m+        span: Span,
[0m[32m+    },
[0m[32m+    Struct {
[0m[32m+        name: String,
[0m[32m+        fields: Vec<(String, Pattern)>,
[0m[32m+        rest: bool,
[0m[32m+        span: Span,
[0m[32m+    },
[0m[32m+    Enum {
[0m[32m+        name: String,
[0m[32m+        variant: String,
[0m[32m+        inner: Option<Box<Pattern>>,
[0m[32m+        span: Span,
[0m[32m+    },
[0m[32m+    Tuple {
[0m[32m+        elements: Vec<Pattern>,
[0m[32m+        span: Span,
[0m[32m+    },
[0m[32m+    Or {
[0m[32m+        left: Box<Pattern>,
[0m[32m+        right: Box<Pattern>,
[0m[32m+        span: Span,
[0m[32m+    },
[0m }
 
 impl Expr {
Diff in /data/data/com.termux/files/home/titan/crates/titan_ast/src/expr.rs:90:
     pub fn span(&self) -> Span {
         match self {
[31m-            Expr::Int { span, .. } | Expr::Float { span, .. }
[0m[31m-            | Expr::String { span, .. } | Expr::StringTemplate { span, .. }
[0m[31m-            | Expr::Char { span, .. } | Expr::Bool { span, .. } | Expr::Nil { span }
[0m[31m-            | Expr::Ident { span, .. } | Expr::Array { span, .. }
[0m[31m-            | Expr::Tuple { span, .. } | Expr::StructLit { span, .. }
[0m[31m-            | Expr::Binary { span, .. } | Expr::Range { span, .. }
[0m[32m+            Expr::Int { span, .. }
[0m[32m+            | Expr::Float { span, .. }
[0m[32m+            | Expr::String { span, .. }
[0m[32m+            | Expr::StringTemplate { span, .. }
[0m[32m+            | Expr::Char { span, .. }
[0m[32m+            | Expr::Bool { span, .. }
[0m[32m+            | Expr::Nil { span }
[0m[32m+            | Expr::Ident { span, .. }
[0m[32m+            | Expr::Array { span, .. }
[0m[32m+            | Expr::Tuple { span, .. }
[0m[32m+            | Expr::StructLit { span, .. }
[0m[32m+            | Expr::Binary { span, .. }
[0m[32m+            | Expr::Range { span, .. }
[0m             | Expr::Unary { span, .. }
[31m-            | Expr::Call { span, .. } | Expr::MethodCall { span, .. }
[0m[31m-            | Expr::Index { span, .. } | Expr::FieldAccess { span, .. }
[0m[31m-            | Expr::If { span, .. } | Expr::Match { span, .. }
[0m[31m-            | Expr::For { span, .. } | Expr::While { span, .. }
[0m[31m-            | Expr::Loop { span, .. } | Expr::Break { span, .. }
[0m[31m-            | Expr::Continue { span } | Expr::Return { span, .. }
[0m[31m-            | Expr::Spawn { span, .. } | Expr::Try { span, .. }
[0m[32m+            | Expr::Call { span, .. }
[0m[32m+            | Expr::MethodCall { span, .. }
[0m[32m+            | Expr::Index { span, .. }
[0m[32m+            | Expr::FieldAccess { span, .. }
[0m[32m+            | Expr::If { span, .. }
[0m[32m+            | Expr::Match { span, .. }
[0m[32m+            | Expr::For { span, .. }
[0m[32m+            | Expr::While { span, .. }
[0m[32m+            | Expr::Loop { span, .. }
[0m[32m+            | Expr::Break { span, .. }
[0m[32m+            | Expr::Continue { span }
[0m[32m+            | Expr::Return { span, .. }
[0m[32m+            | Expr::Spawn { span, .. }
[0m[32m+            | Expr::Try { span, .. }
[0m             | Expr::Closure { span, .. }
[31m-            | Expr::Let { span, .. } | Expr::Assign { span, .. } => *span,
[0m[32m+            | Expr::Let { span, .. }
[0m[32m+            | Expr::Assign { span, .. } => *span,
[0m             Expr::Block(b) => b.span,
         }
     }
Diff in /data/data/com.termux/files/home/titan/crates/titan_ast/src/lib.rs:115:
 
 #[derive(Debug, Clone, PartialEq)]
 pub enum TypeExpr {
[31m-    Named { name: String, generics: Vec<TypeExpr> },
[0m[31m-    Reference { inner: Box<TypeExpr>, is_mut: bool },
[0m[31m-    Slice { inner: Box<TypeExpr> },
[0m[31m-    Array { inner: Box<TypeExpr>, size: Box<Expr> },
[0m[31m-    Tuple { elements: Vec<TypeExpr> },
[0m[31m-    Function { params: Vec<TypeExpr>, return_type: Box<TypeExpr> },
[0m[32m+    Named {
[0m[32m+        name: String,
[0m[32m+        generics: Vec<TypeExpr>,
[0m[32m+    },
[0m[32m+    Reference {
[0m[32m+        inner: Box<TypeExpr>,
[0m[32m+        is_mut: bool,
[0m[32m+    },
[0m[32m+    Slice {
[0m[32m+        inner: Box<TypeExpr>,
[0m[32m+    },
[0m[32m+    Array {
[0m[32m+        inner: Box<TypeExpr>,
[0m[32m+        size: Box<Expr>,
[0m[32m+    },
[0m[32m+    Tuple {
[0m[32m+        elements: Vec<TypeExpr>,
[0m[32m+    },
[0m[32m+    Function {
[0m[32m+        params: Vec<TypeExpr>,
[0m[32m+        return_type: Box<TypeExpr>,
[0m[32m+    },
[0m     Unit,
     Never,
     Infer(usize),
Diff in /data/data/com.termux/files/home/titan/crates/titan_cli/src/main.rs:6:
 
 #[derive(Parser)]
 #[command(name = "titan", version, about = "Titan language compiler")]
[31m-pub struct Cli { #[command(subcommand)] pub command: Command }
[0m[32m+pub struct Cli {
[0m[32m+    #[command(subcommand)]
[0m[32m+    pub command: Command,
[0m[32m+}
[0m 
 #[derive(Subcommand)]
 pub enum Command {
Diff in /data/data/com.termux/files/home/titan/crates/titan_cli/src/main.rs:13:
     /// Create a project with Titan.toml and src/main.titan
     New { path: String },
     /// Parse and type-check a file or project without producing an artifact
[31m-    Check { #[arg(default_value = ".")] input: String },
[0m[32m+    Check {
[0m[32m+        #[arg(default_value = ".")]
[0m[32m+        input: String,
[0m[32m+    },
[0m     /// Compile a file or project to inspectable bytecode
[31m-    Build { #[arg(default_value = ".")] input: String, #[arg(short, long)] output: Option<String> },
[0m[32m+    Build {
[0m[32m+        #[arg(default_value = ".")]
[0m[32m+        input: String,
[0m[32m+        #[arg(short, long)]
[0m[32m+        output: Option<String>,
[0m[32m+    },
[0m     /// Compile and run a file or project
     Run {
[31m-        #[arg(default_value = ".")] input: String,
[0m[32m+        #[arg(default_value = ".")]
[0m[32m+        input: String,
[0m         /// Deny filesystem, process, network, and environment native functions
[31m-        #[arg(long)] sandbox: bool,
[0m[31m-        #[arg(last = true)] args: Vec<String>,
[0m[32m+        #[arg(long)]
[0m[32m+        sandbox: bool,
[0m[32m+        #[arg(last = true)]
[0m[32m+        args: Vec<String>,
[0m     },
     /// Execute every .titan test program under tests/
[31m-    Test { #[arg(default_value = ".")] input: String, #[arg(long)] sandbox: bool },
[0m[32m+    Test {
[0m[32m+        #[arg(default_value = ".")]
[0m[32m+        input: String,
[0m[32m+        #[arg(long)]
[0m[32m+        sandbox: bool,
[0m[32m+    },
[0m     /// Start the interactive REPL
     Repl,
     /// Print version
Diff in /data/data/com.termux/files/home/titan/crates/titan_cli/src/main.rs:36:
         Command::New { path } => cmd_new(&path),
         Command::Check { input } => cmd_check(&input),
         Command::Build { input, output } => cmd_build(&input, output),
[31m-        Command::Run { input, sandbox, args } => cmd_run(&input, sandbox, args),
[0m[32m+        Command::Run {
[0m[32m+            input,
[0m[32m+            sandbox,
[0m[32m+            args,
[0m[32m+        } => cmd_run(&input, sandbox, args),
[0m         Command::Test { input, sandbox } => cmd_test(&input, sandbox),
         Command::Repl => cmd_repl(),
         Command::Version => cmd_version(),
Diff in /data/data/com.termux/files/home/titan/crates/titan_cli/src/main.rs:45:
 
 fn cmd_new(path: &str) {
     let root = Path::new(path);
[31m-    let name = root.file_name().and_then(|name| name.to_str()).unwrap_or(path);
[0m[32m+    let name = root
[0m[32m+        .file_name()
[0m[32m+        .and_then(|name| name.to_str())
[0m[32m+        .unwrap_or(path);
[0m     match titan_pkg::create_project(root, name) {
         Ok(root) => println!("Created Titan project '{}' at {}", name, root.display()),
         Err(error) => fatal("PROJECT ERROR", error),
Diff in /data/data/com.termux/files/home/titan/crates/titan_cli/src/main.rs:54:
 
 fn cmd_check(input: &str) {
     match load_and_compile(input) {
[31m-        Ok((project, module)) => println!("CHECK OK: {} files, {} functions", project.load_order.len(), module.functions.len()),
[0m[32m+        Ok((project, module)) => println!(
[0m[32m+            "CHECK OK: {} files, {} functions",
[0m[32m+            project.load_order.len(),
[0m[32m+            module.functions.len()
[0m[32m+        ),
[0m         Err(error) => fatal_message("CHECK FAILED", &error),
     }
 }
Diff in /data/data/com.termux/files/home/titan/crates/titan_cli/src/main.rs:61:
 
 fn cmd_build(input: &str, output: Option<String>) {
[31m-    let (project, module) = load_and_compile(input).unwrap_or_else(|error| fatal_message("COMPILATION FAILED", &error));
[0m[31m-    let target = output.map(PathBuf::from).unwrap_or_else(|| default_artifact(&project));
[0m[31m-    if let Some(parent) = target.parent() { fs::create_dir_all(parent).unwrap_or_else(|error| fatal("BUILD ERROR", error)); }
[0m[32m+    let (project, module) =
[0m[32m+        load_and_compile(input).unwrap_or_else(|error| fatal_message("COMPILATION FAILED", &error));
[0m[32m+    let target = output
[0m[32m+        .map(PathBuf::from)
[0m[32m+        .unwrap_or_else(|| default_artifact(&project));
[0m[32m+    if let Some(parent) = target.parent() {
[0m[32m+        fs::create_dir_all(parent).unwrap_or_else(|error| fatal("BUILD ERROR", error));
[0m[32m+    }
[0m     let artifact = format!("TITAN-BYTECODE 1\n{:#?}\n", module);
     fs::write(&target, artifact).unwrap_or_else(|error| fatal("BUILD ERROR", error));
     println!("BUILD: {} → {}", project.entry.display(), target.display());
Diff in /data/data/com.termux/files/home/titan/crates/titan_cli/src/main.rs:69:
     println!("  Sources: {}", project.load_order.len());
     println!("  Functions: {}", module.functions.len());
[31m-    for function in &module.functions { println!("  fn {} ({} ops, {} locals)", function.name, function.code.len(), function.locals); }
[0m[32m+    for function in &module.functions {
[0m[32m+        println!(
[0m[32m+            "  fn {} ({} ops, {} locals)",
[0m[32m+            function.name,
[0m[32m+            function.code.len(),
[0m[32m+            function.locals
[0m[32m+        );
[0m[32m+    }
[0m     println!("  Entry: fn[{}]", module.entry);
 }
 
Diff in /data/data/com.termux/files/home/titan/crates/titan_cli/src/main.rs:75:
 fn cmd_run(input: &str, sandbox: bool, _args: Vec<String>) {
[31m-    let (_, module) = load_and_compile(input).unwrap_or_else(|error| fatal_message("COMPILATION FAILED", &error));
[0m[32m+    let (_, module) =
[0m[32m+        load_and_compile(input).unwrap_or_else(|error| fatal_message("COMPILATION FAILED", &error));
[0m     match run_module(module, sandbox) {
[31m-        Ok(Some(value)) if !matches!(value, titan_vm::Value::Nil) => println!("=> {}", titan_vm::val_to_string(&value)),
[0m[32m+        Ok(Some(value)) if !matches!(value, titan_vm::Value::Nil) => {
[0m[32m+            println!("=> {}", titan_vm::val_to_string(&value))
[0m[32m+        }
[0m         Ok(_) => {}
         Err(error) => fatal("RUNTIME ERROR", error),
     }
Diff in /data/data/com.termux/files/home/titan/crates/titan_cli/src/main.rs:85:
     let input = Path::new(input);
     let root = titan_pkg::find_project_root(input).unwrap_or_else(|| input.to_path_buf());
     let tests_root = root.join("tests");
[31m-    let files = discover_titan_files(&tests_root).unwrap_or_else(|error| fatal("TEST DISCOVERY ERROR", error));
[0m[31m-    if files.is_empty() { fatal_message("TEST ERROR", &format!("no .titan tests found under {}", tests_root.display())); }
[0m[32m+    let files = discover_titan_files(&tests_root)
[0m[32m+        .unwrap_or_else(|error| fatal("TEST DISCOVERY ERROR", error));
[0m[32m+    if files.is_empty() {
[0m[32m+        fatal_message(
[0m[32m+            "TEST ERROR",
[0m[32m+            &format!("no .titan tests found under {}", tests_root.display()),
[0m[32m+        );
[0m[32m+    }
[0m     let mut passed = 0usize;
     for file in &files {
[31m-        print!("test {} ... ", file.strip_prefix(&root).unwrap_or(file).display());
[0m[31m-        match load_and_compile_path(file).and_then(|(_, module)| run_module(module, sandbox).map_err(|error| error.to_string())) {
[0m[31m-            Ok(_) => { passed += 1; println!("ok"); }
[0m[32m+        print!(
[0m[32m+            "test {} ... ",
[0m[32m+            file.strip_prefix(&root).unwrap_or(file).display()
[0m[32m+        );
[0m[32m+        match load_and_compile_path(file)
[0m[32m+            .and_then(|(_, module)| run_module(module, sandbox).map_err(|error| error.to_string()))
[0m[32m+        {
[0m[32m+            Ok(_) => {
[0m[32m+                passed += 1;
[0m[32m+                println!("ok");
[0m[32m+            }
[0m             Err(error) => println!("FAILED\n  {error}"),
         }
     }
Diff in /data/data/com.termux/files/home/titan/crates/titan_cli/src/main.rs:98:
[31m-    println!("\ntest result: {}. {} passed; {} failed", if passed == files.len() { "ok" } else { "FAILED" }, passed, files.len() - passed);
[0m[31m-    if passed != files.len() { std::process::exit(1); }
[0m[32m+    println!(
[0m[32m+        "\ntest result: {}. {} passed; {} failed",
[0m[32m+        if passed == files.len() {
[0m[32m+            "ok"
[0m[32m+        } else {
[0m[32m+            "FAILED"
[0m[32m+        },
[0m[32m+        passed,
[0m[32m+        files.len() - passed
[0m[32m+    );
[0m[32m+    if passed != files.len() {
[0m[32m+        std::process::exit(1);
[0m[32m+    }
[0m }
 
 fn cmd_repl() {
Diff in /data/data/com.termux/files/home/titan/crates/titan_cli/src/main.rs:105:
     loop {
         print!("titan> ");
         use std::io::Write;
[31m-        if std::io::stdout().flush().is_err() { break; }
[0m[32m+        if std::io::stdout().flush().is_err() {
[0m[32m+            break;
[0m[32m+        }
[0m         let mut line = String::new();
[31m-        match std::io::stdin().read_line(&mut line) { Ok(0) | Err(_) => break, Ok(_) => {} }
[0m[32m+        match std::io::stdin().read_line(&mut line) {
[0m[32m+            Ok(0) | Err(_) => break,
[0m[32m+            Ok(_) => {}
[0m[32m+        }
[0m         let line = line.trim();
[31m-        if line.is_empty() { continue; }
[0m[32m+        if line.is_empty() {
[0m[32m+            continue;
[0m[32m+        }
[0m         match line {
             ":q" | ":quit" => break,
[31m-            ":h" | ":help" => { println!(":q quit  :h help  :v version"); continue; }
[0m[31m-            ":v" => { cmd_version(); continue; }
[0m[31m-            value if value.starts_with(':') => { println!("Unknown command: {value}"); continue; }
[0m[32m+            ":h" | ":help" => {
[0m[32m+                println!(":q quit  :h help  :v version");
[0m[32m+                continue;
[0m[32m+            }
[0m[32m+            ":v" => {
[0m[32m+                cmd_version();
[0m[32m+                continue;
[0m[32m+            }
[0m[32m+            value if value.starts_with(':') => {
[0m[32m+                println!("Unknown command: {value}");
[0m[32m+                continue;
[0m[32m+            }
[0m             _ => {}
         }
         let source = format!("fn main() {{ {line} }}");
Diff in /data/data/com.termux/files/home/titan/crates/titan_cli/src/main.rs:121:
[31m-        match compile_source(&source).and_then(|module| run_module(module, false).map_err(|error| error.to_string())) {
[0m[31m-            Ok(Some(value)) if !matches!(value, titan_vm::Value::Nil) => println!("=> {}", titan_vm::val_to_string(&value)),
[0m[32m+        match compile_source(&source)
[0m[32m+            .and_then(|module| run_module(module, false).map_err(|error| error.to_string()))
[0m[32m+        {
[0m[32m+            Ok(Some(value)) if !matches!(value, titan_vm::Value::Nil) => {
[0m[32m+                println!("=> {}", titan_vm::val_to_string(&value))
[0m[32m+            }
[0m             Ok(_) => {}
             Err(error) => eprintln!("Error: {error}"),
         }
Diff in /data/data/com.termux/files/home/titan/crates/titan_cli/src/main.rs:126:
     }
 }
 
[31m-fn cmd_version() { println!("TITAN Language Compiler v{}", env!("CARGO_PKG_VERSION")); }
[0m[32m+fn cmd_version() {
[0m[32m+    println!("TITAN Language Compiler v{}", env!("CARGO_PKG_VERSION"));
[0m[32m+}
[0m 
[31m-fn load_and_compile(input: &str) -> Result<(titan_pkg::SourceProject, titan_codegen::CompiledModule), String> {
[0m[32m+fn load_and_compile(
[0m[32m+    input: &str,
[0m[32m+) -> Result<(titan_pkg::SourceProject, titan_codegen::CompiledModule), String> {
[0m     let entry = titan_pkg::default_entry(input);
     load_and_compile_path(&entry)
 }
Diff in /data/data/com.termux/files/home/titan/crates/titan_cli/src/main.rs:135:
 
[31m-fn load_and_compile_path(entry: &Path) -> Result<(titan_pkg::SourceProject, titan_codegen::CompiledModule), String> {
[0m[32m+fn load_and_compile_path(
[0m[32m+    entry: &Path,
[0m[32m+) -> Result<(titan_pkg::SourceProject, titan_codegen::CompiledModule), String> {
[0m     let project = titan_pkg::SourceProject::load(entry).map_err(|error| error.to_string())?;
     if project.manifest.is_some() {
[31m-        titan_pkg::Lockfile::from_dependencies(&project.dependencies).and_then(|lock| lock.write(&project.root.join("Titan.lock"))).map_err(|error| error.to_string())?;
[0m[32m+        titan_pkg::Lockfile::from_dependencies(&project.dependencies)
[0m[32m+            .and_then(|lock| lock.write(&project.root.join("Titan.lock")))
[0m[32m+            .map_err(|error| error.to_string())?;
[0m     }
     let module = compile_program(&project.program)?;
     Ok((project, module))
Diff in /data/data/com.termux/files/home/titan/crates/titan_cli/src/main.rs:145:
 fn compile_source(source: &str) -> Result<titan_codegen::CompiledModule, String> {
     let mut lexer = titan_lexer::Lexer::new(source);
     let (tokens, errors) = lexer.tokenize();
[31m-    if !errors.is_empty() { return Err(errors.iter().map(ToString::to_string).collect::<Vec<_>>().join("\n")); }
[0m[32m+    if !errors.is_empty() {
[0m[32m+        return Err(errors
[0m[32m+            .iter()
[0m[32m+            .map(ToString::to_string)
[0m[32m+            .collect::<Vec<_>>()
[0m[32m+            .join("\n"));
[0m[32m+    }
[0m     let mut parser = titan_parser::Parser::new(tokens.to_vec());
     let program = parser.parse_program().map_err(|error| error.to_string())?;
     compile_program(&program)
Diff in /data/data/com.termux/files/home/titan/crates/titan_cli/src/main.rs:153:
 
 fn compile_program(program: &titan_ast::Program) -> Result<titan_codegen::CompiledModule, String> {
     let mut types = titan_typechecker::TypeEnv::new();
[31m-    types.check_program(program).map_err(|errors| errors.iter().map(ToString::to_string).collect::<Vec<_>>().join("\n"))?;
[0m[31m-    titan_codegen::AstCompiler::new().compile_program(program).map_err(|error| error.to_string())
[0m[32m+    types.check_program(program).map_err(|errors| {
[0m[32m+        errors
[0m[32m+            .iter()
[0m[32m+            .map(ToString::to_string)
[0m[32m+            .collect::<Vec<_>>()
[0m[32m+            .join("\n")
[0m[32m+    })?;
[0m[32m+    titan_codegen::AstCompiler::new()
[0m[32m+        .compile_program(program)
[0m[32m+        .map_err(|error| error.to_string())
[0m }
 
[31m-fn run_module(module: titan_codegen::CompiledModule, sandbox: bool) -> Result<Option<titan_vm::Value>, titan_vm::VmError> {
[0m[31m-    let mut vm = if sandbox { titan_vm::Vm::sandboxed(module) } else { titan_vm::Vm::new(module) };
[0m[32m+fn run_module(
[0m[32m+    module: titan_codegen::CompiledModule,
[0m[32m+    sandbox: bool,
[0m[32m+) -> Result<Option<titan_vm::Value>, titan_vm::VmError> {
[0m[32m+    let mut vm = if sandbox {
[0m[32m+        titan_vm::Vm::sandboxed(module)
[0m[32m+    } else {
[0m[32m+        titan_vm::Vm::new(module)
[0m[32m+    };
[0m     vm.run()
 }
 
Diff in /data/data/com.termux/files/home/titan/crates/titan_cli/src/main.rs:165:
 fn default_artifact(project: &titan_pkg::SourceProject) -> PathBuf {
[31m-    let name = project.root.file_name().and_then(|name| name.to_str()).unwrap_or("program");
[0m[32m+    let name = project
[0m[32m+        .root
[0m[32m+        .file_name()
[0m[32m+        .and_then(|name| name.to_str())
[0m[32m+        .unwrap_or("program");
[0m     project.root.join("target").join(format!("{name}.tbc"))
 }
 
Diff in /data/data/com.termux/files/home/titan/crates/titan_cli/src/main.rs:170:
 fn discover_titan_files(root: &Path) -> std::io::Result<Vec<PathBuf>> {
     fn visit(path: &Path, output: &mut Vec<PathBuf>) -> std::io::Result<()> {
[31m-        if !path.exists() { return Ok(()); }
[0m[32m+        if !path.exists() {
[0m[32m+            return Ok(());
[0m[32m+        }
[0m         let mut entries: Vec<_> = fs::read_dir(path)?.collect::<std::io::Result<_>>()?;
         entries.sort_by_key(|entry| entry.file_name());
         for entry in entries {
Diff in /data/data/com.termux/files/home/titan/crates/titan_cli/src/main.rs:176:
             let path = entry.path();
[31m-            if entry.file_type()?.is_dir() { visit(&path, output)?; }
[0m[31m-            else if path.extension().and_then(|value| value.to_str()) == Some("titan") { output.push(path); }
[0m[32m+            if entry.file_type()?.is_dir() {
[0m[32m+                visit(&path, output)?;
[0m[32m+            } else if path.extension().and_then(|value| value.to_str()) == Some("titan") {
[0m[32m+                output.push(path);
[0m[32m+            }
[0m         }
         Ok(())
     }
Diff in /data/data/com.termux/files/home/titan/crates/titan_cli/src/main.rs:182:
[31m-    let mut output = Vec::new(); visit(root, &mut output)?; Ok(output)
[0m[32m+    let mut output = Vec::new();
[0m[32m+    visit(root, &mut output)?;
[0m[32m+    Ok(output)
[0m }
 
[31m-fn fatal(label: &str, error: impl std::fmt::Display) -> ! { fatal_message(label, &error.to_string()) }
[0m[31m-fn fatal_message(label: &str, message: &str) -> ! { eprintln!("{label}:\n{message}"); std::process::exit(1) }
[0m[32m+fn fatal(label: &str, error: impl std::fmt::Display) -> ! {
[0m[32m+    fatal_message(label, &error.to_string())
[0m[32m+}
[0m[32m+fn fatal_message(label: &str, message: &str) -> ! {
[0m[32m+    eprintln!("{label}:\n{message}");
[0m[32m+    std::process::exit(1)
[0m[32m+}
[0m 
Diff in /data/data/com.termux/files/home/titan/crates/titan_codegen/src/lib.rs:20:
 
 #[derive(Debug, Clone, PartialEq)]
 pub enum Op {
[31m-    PushInt(i64), PushFloat(f64), PushBool(bool), PushChar(char), PushNil,
[0m[31m-    PushStr(usize), PushLocal(usize), StoreLocal(usize), Pop, Dup,
[0m[31m-    Add, Sub, Mul, Div, Mod, Neg, Not, BitNot,
[0m[31m-    Eq, Neq, Lt, Gt, Lte, Gte, BitAnd, BitOr, BitXor,
[0m[31m-    Jump(usize), JumpIfFalse(usize),
[0m[31m-    Call { function: usize, argc: usize }, CallNative { name: String, argc: usize },
[0m[31m-    MakeClosure { function: usize, captures: Vec<usize> }, CallValue(usize), Try,
[0m[31m-    ArrayMap, ArrayFilter, ArrayFold, Ret,
[0m[31m-    Print(usize), Len, ToString,
[0m[31m-    NewArray(usize), NewTuple(usize), Index,
[0m[31m-    NewStruct { name: String, fields: Vec<String> }, GetField(String),
[0m[31m-    NewEnum { name: String, variant: String, has_payload: bool },
[0m[31m-    EnumIs { name: String, variant: String }, EnumPayload,
[0m[31m-    Nop, Halt,
[0m[32m+    PushInt(i64),
[0m[32m+    PushFloat(f64),
[0m[32m+    PushBool(bool),
[0m[32m+    PushChar(char),
[0m[32m+    PushNil,
[0m[32m+    PushStr(usize),
[0m[32m+    PushLocal(usize),
[0m[32m+    StoreLocal(usize),
[0m[32m+    Pop,
[0m[32m+    Dup,
[0m[32m+    Add,
[0m[32m+    Sub,
[0m[32m+    Mul,
[0m[32m+    Div,
[0m[32m+    Mod,
[0m[32m+    Neg,
[0m[32m+    Not,
[0m[32m+    BitNot,
[0m[32m+    Eq,
[0m[32m+    Neq,
[0m[32m+    Lt,
[0m[32m+    Gt,
[0m[32m+    Lte,
[0m[32m+    Gte,
[0m[32m+    BitAnd,
[0m[32m+    BitOr,
[0m[32m+    BitXor,
[0m[32m+    Jump(usize),
[0m[32m+    JumpIfFalse(usize),
[0m[32m+    Call {
[0m[32m+        function: usize,
[0m[32m+        argc: usize,
[0m[32m+    },
[0m[32m+    CallNative {
[0m[32m+        name: String,
[0m[32m+        argc: usize,
[0m[32m+    },
[0m[32m+    MakeClosure {
[0m[32m+        function: usize,
[0m[32m+        captures: Vec<usize>,
[0m[32m+    },
[0m[32m+    CallValue(usize),
[0m[32m+    Try,
[0m[32m+    ArrayMap,
[0m[32m+    ArrayFilter,
[0m[32m+    ArrayFold,
[0m[32m+    Ret,
[0m[32m+    Print(usize),
[0m[32m+    Len,
[0m[32m+    ToString,
[0m[32m+    NewArray(usize),
[0m[32m+    NewTuple(usize),
[0m[32m+    Index,
[0m[32m+    NewStruct {
[0m[32m+        name: String,
[0m[32m+        fields: Vec<String>,
[0m[32m+    },
[0m[32m+    GetField(String),
[0m[32m+    NewEnum {
[0m[32m+        name: String,
[0m[32m+        variant: String,
[0m[32m+        has_payload: bool,
[0m[32m+    },
[0m[32m+    EnumIs {
[0m[32m+        name: String,
[0m[32m+        variant: String,
[0m[32m+    },
[0m[32m+    EnumPayload,
[0m[32m+    Nop,
[0m[32m+    Halt,
[0m }
 
 #[derive(Debug, Clone, PartialEq)]
Diff in /data/data/com.termux/files/home/titan/crates/titan_codegen/src/lib.rs:66:
 }
 
 #[derive(Default)]
[31m-struct LoopContext { breaks: Vec<usize>, continues: Vec<usize>, continue_target: usize }
[0m[32m+struct LoopContext {
[0m[32m+    breaks: Vec<usize>,
[0m[32m+    continues: Vec<usize>,
[0m[32m+    continue_target: usize,
[0m[32m+}
[0m 
 impl AstCompiler {
     pub fn new() -> Self {
Diff in /data/data/com.termux/files/home/titan/crates/titan_codegen/src/lib.rs:73:
         Self {
[31m-            module: CompiledModule { functions: Vec::new(), entry: 0, string_table: Vec::new() },
[0m[31m-            current: empty_function(), locals: Vec::new(), next_local: 0,
[0m[31m-            strings: HashMap::new(), function_ids: HashMap::new(), enum_variants: HashMap::new(), constants: HashMap::new(), loops: Vec::new(),
[0m[32m+            module: CompiledModule {
[0m[32m+                functions: Vec::new(),
[0m[32m+                entry: 0,
[0m[32m+                string_table: Vec::new(),
[0m[32m+            },
[0m[32m+            current: empty_function(),
[0m[32m+            locals: Vec::new(),
[0m[32m+            next_local: 0,
[0m[32m+            strings: HashMap::new(),
[0m[32m+            function_ids: HashMap::new(),
[0m[32m+            enum_variants: HashMap::new(),
[0m[32m+            constants: HashMap::new(),
[0m[32m+            loops: Vec::new(),
[0m         }
     }
 
Diff in /data/data/com.termux/files/home/titan/crates/titan_codegen/src/lib.rs:80:
     pub fn compile_program(&mut self, program: &Program) -> Result<CompiledModule, CodegenError> {
[31m-        self.module = CompiledModule { functions: Vec::new(), entry: 0, string_table: Vec::new() };
[0m[31m-        self.strings.clear(); self.function_ids.clear(); self.enum_variants.clear(); self.constants.clear();
[0m[31m-        self.enum_variants.extend([("Option::None".into(), false), ("Option::Some".into(), true), ("Result::Ok".into(), true), ("Result::Err".into(), true)]);
[0m[32m+        self.module = CompiledModule {
[0m[32m+            functions: Vec::new(),
[0m[32m+            entry: 0,
[0m[32m+            string_table: Vec::new(),
[0m[32m+        };
[0m[32m+        self.strings.clear();
[0m[32m+        self.function_ids.clear();
[0m[32m+        self.enum_variants.clear();
[0m[32m+        self.constants.clear();
[0m[32m+        self.enum_variants.extend([
[0m[32m+            ("Option::None".into(), false),
[0m[32m+            ("Option::Some".into(), true),
[0m[32m+            ("Result::Ok".into(), true),
[0m[32m+            ("Result::Err".into(), true),
[0m[32m+        ]);
[0m         let mut functions = Vec::new();
[31m-        collect_items(&program.items, &mut functions, &mut self.constants, &mut self.enum_variants);
[0m[32m+        collect_items(
[0m[32m+            &program.items,
[0m[32m+            &mut functions,
[0m[32m+            &mut self.constants,
[0m[32m+            &mut self.enum_variants,
[0m[32m+        );
[0m         for (index, function) in functions.iter().enumerate() {
[31m-            if self.function_ids.insert(function.name.clone(), index).is_some() {
[0m[31m-                return Err(CodegenError::Unsupported(format!("duplicate function '{}'", function.name)));
[0m[32m+            if self
[0m[32m+                .function_ids
[0m[32m+                .insert(function.name.clone(), index)
[0m[32m+                .is_some()
[0m[32m+            {
[0m[32m+                return Err(CodegenError::Unsupported(format!(
[0m[32m+                    "duplicate function '{}'",
[0m[32m+                    function.name
[0m[32m+                )));
[0m             }
         }
[31m-        let Some(entry) = self.function_ids.get("main").copied() else { return Err(CodegenError::UnknownFunction("main".into())); };
[0m[32m+        let Some(entry) = self.function_ids.get("main").copied() else {
[0m[32m+            return Err(CodegenError::UnknownFunction("main".into()));
[0m[32m+        };
[0m         self.module.entry = entry;
         self.module.functions = vec![empty_function(); functions.len()];
         for (index, function) in functions.into_iter().enumerate() {
Diff in /data/data/com.termux/files/home/titan/crates/titan_codegen/src/lib.rs:99:
     }
 
     fn compile_function(&mut self, function: &FunctionDecl) -> Result<BytecodeFunc, CodegenError> {
[31m-        self.current = BytecodeFunc { name: function.name.clone(), arity: function.params.len(), captures: 0, locals: 0, max_stack: 256, code: Vec::new() };
[0m[31m-        self.locals = vec![HashMap::new()]; self.next_local = 0; self.loops.clear();
[0m[31m-        for param in &function.params { self.add_local(&param.name); }
[0m[31m-        if let Some(body) = &function.body { self.compile_block(body, true)?; } else { self.emit(Op::PushNil); }
[0m[31m-        if !matches!(self.current.code.last(), Some(Op::Ret)) { self.emit(Op::Ret); }
[0m[32m+        self.current = BytecodeFunc {
[0m[32m+            name: function.name.clone(),
[0m[32m+            arity: function.params.len(),
[0m[32m+            captures: 0,
[0m[32m+            locals: 0,
[0m[32m+            max_stack: 256,
[0m[32m+            code: Vec::new(),
[0m[32m+        };
[0m[32m+        self.locals = vec![HashMap::new()];
[0m[32m+        self.next_local = 0;
[0m[32m+        self.loops.clear();
[0m[32m+        for param in &function.params {
[0m[32m+            self.add_local(&param.name);
[0m[32m+        }
[0m[32m+        if let Some(body) = &function.body {
[0m[32m+            self.compile_block(body, true)?;
[0m[32m+        } else {
[0m[32m+            self.emit(Op::PushNil);
[0m[32m+        }
[0m[32m+        if !matches!(self.current.code.last(), Some(Op::Ret)) {
[0m[32m+            self.emit(Op::Ret);
[0m[32m+        }
[0m         self.current.locals = self.next_local;
         Ok(self.current.clone())
     }
Diff in /data/data/com.termux/files/home/titan/crates/titan_codegen/src/lib.rs:110:
 
     fn compile_block(&mut self, block: &Block, value_needed: bool) -> Result<(), CodegenError> {
         self.push_scope();
[31m-        for stmt in &block.stmts { self.compile_stmt(stmt)?; }
[0m[32m+        for stmt in &block.stmts {
[0m[32m+            self.compile_stmt(stmt)?;
[0m[32m+        }
[0m         if let Some(expr) = &block.final_expr {
             self.compile_expr(expr)?;
[31m-            if !value_needed { self.emit(Op::Pop); }
[0m[31m-        } else if value_needed { self.emit(Op::PushNil); }
[0m[32m+            if !value_needed {
[0m[32m+                self.emit(Op::Pop);
[0m[32m+            }
[0m[32m+        } else if value_needed {
[0m[32m+            self.emit(Op::PushNil);
[0m[32m+        }
[0m         self.pop_scope();
         Ok(())
     }
Diff in /data/data/com.termux/files/home/titan/crates/titan_codegen/src/lib.rs:121:
 
     fn compile_stmt(&mut self, stmt: &Stmt) -> Result<(), CodegenError> {
         match stmt {
[31m-            Stmt::Expr(expr) => { self.compile_expr(expr)?; if !is_terminal(expr) { self.emit(Op::Pop); } }
[0m[31m-            Stmt::Let { name, value, .. } => { self.compile_expr(value)?; let local = self.add_local(name); self.emit(Op::StoreLocal(local)); }
[0m[31m-            Stmt::Assign { target, op, value, .. } => { self.compile_assignment(target, *op, value, false)?; }
[0m[31m-            Stmt::Item(_) => return Err(CodegenError::Unsupported("nested declarations are not executable yet".into())),
[0m[32m+            Stmt::Expr(expr) => {
[0m[32m+                self.compile_expr(expr)?;
[0m[32m+                if !is_terminal(expr) {
[0m[32m+                    self.emit(Op::Pop);
[0m[32m+                }
[0m[32m+            }
[0m[32m+            Stmt::Let { name, value, .. } => {
[0m[32m+                self.compile_expr(value)?;
[0m[32m+                let local = self.add_local(name);
[0m[32m+                self.emit(Op::StoreLocal(local));
[0m[32m+            }
[0m[32m+            Stmt::Assign {
[0m[32m+                target, op, value, ..
[0m[32m+            } => {
[0m[32m+                self.compile_assignment(target, *op, value, false)?;
[0m[32m+            }
[0m[32m+            Stmt::Item(_) => {
[0m[32m+                return Err(CodegenError::Unsupported(
[0m[32m+                    "nested declarations are not executable yet".into(),
[0m[32m+                ))
[0m[32m+            }
[0m         }
         Ok(())
     }
Diff in /data/data/com.termux/files/home/titan/crates/titan_codegen/src/lib.rs:136:
             Expr::Bool { value, .. } => self.emit(Op::PushBool(*value)),
             Expr::Char { value, .. } => self.emit(Op::PushChar(*value)),
             Expr::Nil { .. } => self.emit(Op::PushNil),
[31m-            Expr::String { value, .. } => { let id = self.intern(value); self.emit(Op::PushStr(id)); }
[0m[32m+            Expr::String { value, .. } => {
[0m[32m+                let id = self.intern(value);
[0m[32m+                self.emit(Op::PushStr(id));
[0m[32m+            }
[0m             Expr::StringTemplate { value, .. } => self.compile_template(value)?,
             Expr::Ident { name, .. } => {
[31m-                if let Some(local) = self.find_local(name) { self.emit(Op::PushLocal(local)); }
[0m[31m-                else if let Some(value) = self.constants.get(name).cloned() { self.compile_expr(&value)?; }
[0m[31m-                else if self.enum_variants.get(name) == Some(&false) {
[0m[32m+                if let Some(local) = self.find_local(name) {
[0m[32m+                    self.emit(Op::PushLocal(local));
[0m[32m+                } else if let Some(value) = self.constants.get(name).cloned() {
[0m[32m+                    self.compile_expr(&value)?;
[0m[32m+                } else if self.enum_variants.get(name) == Some(&false) {
[0m                     let (enum_name, variant) = split_variant(name)?;
[31m-                    self.emit(Op::NewEnum { name: enum_name.into(), variant: variant.into(), has_payload: false });
[0m[32m+                    self.emit(Op::NewEnum {
[0m[32m+                        name: enum_name.into(),
[0m[32m+                        variant: variant.into(),
[0m[32m+                        has_payload: false,
[0m[32m+                    });
[0m[32m+                } else if let Some(function) = self.function_ids.get(name).copied() {
[0m[32m+                    self.emit(Op::MakeClosure {
[0m[32m+                        function,
[0m[32m+                        captures: Vec::new(),
[0m[32m+                    });
[0m[32m+                } else {
[0m[32m+                    return Err(CodegenError::UnknownVariable(name.clone()));
[0m                 }
[31m-                else if let Some(function) = self.function_ids.get(name).copied() { self.emit(Op::MakeClosure { function, captures: Vec::new() }); }
[0m[31m-                else { return Err(CodegenError::UnknownVariable(name.clone())); }
[0m             }
[31m-            Expr::Array { elements, .. } => { for element in elements { self.compile_expr(element)?; } self.emit(Op::NewArray(elements.len())); }
[0m[31m-            Expr::Tuple { elements, .. } => { for element in elements { self.compile_expr(element)?; } self.emit(Op::NewTuple(elements.len())); }
[0m[32m+            Expr::Array { elements, .. } => {
[0m[32m+                for element in elements {
[0m[32m+                    self.compile_expr(element)?;
[0m[32m+                }
[0m[32m+                self.emit(Op::NewArray(elements.len()));
[0m[32m+            }
[0m[32m+            Expr::Tuple { elements, .. } => {
[0m[32m+                for element in elements {
[0m[32m+                    self.compile_expr(element)?;
[0m[32m+                }
[0m[32m+                self.emit(Op::NewTuple(elements.len()));
[0m[32m+            }
[0m             Expr::StructLit { name, fields, .. } => {
[31m-                for (_, value) in fields { self.compile_expr(value)?; }
[0m[31m-                self.emit(Op::NewStruct { name: name.clone(), fields: fields.iter().map(|(n, _)| n.clone()).collect() });
[0m[32m+                for (_, value) in fields {
[0m[32m+                    self.compile_expr(value)?;
[0m[32m+                }
[0m[32m+                self.emit(Op::NewStruct {
[0m[32m+                    name: name.clone(),
[0m[32m+                    fields: fields.iter().map(|(n, _)| n.clone()).collect(),
[0m[32m+                });
[0m             }
[31m-            Expr::Binary { left, op, right, .. } => self.compile_binary(left, *op, right)?,
[0m[31m-            Expr::Range { start, end, inclusive, .. } => self.compile_range(start, end, *inclusive)?,
[0m[32m+            Expr::Binary {
[0m[32m+                left, op, right, ..
[0m[32m+            } => self.compile_binary(left, *op, right)?,
[0m[32m+            Expr::Range {
[0m[32m+                start,
[0m[32m+                end,
[0m[32m+                inclusive,
[0m[32m+                ..
[0m[32m+            } => self.compile_range(start, end, *inclusive)?,
[0m             Expr::Unary { op, expr, .. } => {
                 self.compile_expr(expr)?;
[31m-                self.emit(match op { UnaryOp::Neg => Op::Neg, UnaryOp::Not => Op::Not, UnaryOp::BitNot => Op::BitNot, _ => Op::Nop });
[0m[32m+                self.emit(match op {
[0m[32m+                    UnaryOp::Neg => Op::Neg,
[0m[32m+                    UnaryOp::Not => Op::Not,
[0m[32m+                    UnaryOp::BitNot => Op::BitNot,
[0m[32m+                    _ => Op::Nop,
[0m[32m+                });
[0m             }
             Expr::Call { callee, args, .. } => self.compile_call(callee, args)?,
[31m-            Expr::MethodCall { receiver, method, args, .. } => {
[0m[32m+            Expr::MethodCall {
[0m[32m+                receiver,
[0m[32m+                method,
[0m[32m+                args,
[0m[32m+                ..
[0m[32m+            } => {
[0m                 self.compile_expr(receiver)?;
[31m-                for arg in args { self.compile_expr(arg)?; }
[0m[32m+                for arg in args {
[0m[32m+                    self.compile_expr(arg)?;
[0m[32m+                }
[0m                 match (method.as_str(), args.len()) {
[31m-                    ("len", 0) => self.emit(Op::Len), ("map", 1) => self.emit(Op::ArrayMap),
[0m[31m-                    ("filter", 1) => self.emit(Op::ArrayFilter), ("fold", 2) => self.emit(Op::ArrayFold),
[0m[31m-                    _ => return Err(CodegenError::Unsupported(format!("method call .{method}()"))),
[0m[32m+                    ("len", 0) => self.emit(Op::Len),
[0m[32m+                    ("map", 1) => self.emit(Op::ArrayMap),
[0m[32m+                    ("filter", 1) => self.emit(Op::ArrayFilter),
[0m[32m+                    ("fold", 2) => self.emit(Op::ArrayFold),
[0m[32m+                    _ => {
[0m[32m+                        return Err(CodegenError::Unsupported(format!(
[0m[32m+                            "method call .{method}()"
[0m[32m+                        )))
[0m[32m+                    }
[0m                 }
             }
[31m-            Expr::Index { target, index, .. } => { self.compile_expr(target)?; self.compile_expr(index)?; self.emit(Op::Index); }
[0m[31m-            Expr::FieldAccess { target, field, .. } => { self.compile_expr(target)?; self.emit(Op::GetField(field.clone())); }
[0m[31m-            Expr::If { condition, then_branch, else_branch, .. } => {
[0m[32m+            Expr::Index { target, index, .. } => {
[0m[32m+                self.compile_expr(target)?;
[0m[32m+                self.compile_expr(index)?;
[0m[32m+                self.emit(Op::Index);
[0m[32m+            }
[0m[32m+            Expr::FieldAccess { target, field, .. } => {
[0m[32m+                self.compile_expr(target)?;
[0m[32m+                self.emit(Op::GetField(field.clone()));
[0m[32m+            }
[0m[32m+            Expr::If {
[0m[32m+                condition,
[0m[32m+                then_branch,
[0m[32m+                else_branch,
[0m[32m+                ..
[0m[32m+            } => {
[0m                 self.compile_expr(condition)?;
                 let else_jump = self.jump_if_false();
                 self.compile_block(then_branch, true)?;
Diff in /data/data/com.termux/files/home/titan/crates/titan_codegen/src/lib.rs:179:
                 let end_jump = self.jump();
                 self.patch(else_jump, self.position());
[31m-                if let Some(other) = else_branch { self.compile_block(other, true)?; } else { self.emit(Op::PushNil); }
[0m[32m+                if let Some(other) = else_branch {
[0m[32m+                    self.compile_block(other, true)?;
[0m[32m+                } else {
[0m[32m+                    self.emit(Op::PushNil);
[0m[32m+                }
[0m                 self.patch(end_jump, self.position());
             }
[31m-            Expr::While { condition, body, .. } => self.compile_while(condition, body)?,
[0m[31m-            Expr::For { pattern, iterator, body, .. } => self.compile_for(pattern, iterator, body)?,
[0m[32m+            Expr::While {
[0m[32m+                condition, body, ..
[0m[32m+            } => self.compile_while(condition, body)?,
[0m[32m+            Expr::For {
[0m[32m+                pattern,
[0m[32m+                iterator,
[0m[32m+                body,
[0m[32m+                ..
[0m[32m+            } => self.compile_for(pattern, iterator, body)?,
[0m             Expr::Loop { body, .. } => self.compile_loop(body)?,
             Expr::Break { value, .. } => {
[31m-                if let Some(value) = value { self.compile_expr(value)?; self.emit(Op::Pop); }
[0m[32m+                if let Some(value) = value {
[0m[32m+                    self.compile_expr(value)?;
[0m[32m+                    self.emit(Op::Pop);
[0m[32m+                }
[0m                 let jump = self.jump();
[31m-                self.loops.last_mut().ok_or(CodegenError::OutsideLoop)?.breaks.push(jump);
[0m[32m+                self.loops
[0m[32m+                    .last_mut()
[0m[32m+                    .ok_or(CodegenError::OutsideLoop)?
[0m[32m+                    .breaks
[0m[32m+                    .push(jump);
[0m             }
             Expr::Continue { .. } => {
                 let jump = self.jump();
Diff in /data/data/com.termux/files/home/titan/crates/titan_codegen/src/lib.rs:194:
[31m-                self.loops.last_mut().ok_or(CodegenError::OutsideLoop)?.continues.push(jump);
[0m[32m+                self.loops
[0m[32m+                    .last_mut()
[0m[32m+                    .ok_or(CodegenError::OutsideLoop)?
[0m[32m+                    .continues
[0m[32m+                    .push(jump);
[0m             }
[31m-            Expr::Return { value, .. } => { if let Some(value) = value { self.compile_expr(value)?; } else { self.emit(Op::PushNil); } self.emit(Op::Ret); }
[0m[31m-            Expr::Let { name, value, .. } => { self.compile_expr(value)?; self.emit(Op::Dup); let local = self.add_local(name); self.emit(Op::StoreLocal(local)); }
[0m[31m-            Expr::Assign { target, op, value, .. } => self.compile_assignment(target, *op, value, true)?,
[0m[32m+            Expr::Return { value, .. } => {
[0m[32m+                if let Some(value) = value {
[0m[32m+                    self.compile_expr(value)?;
[0m[32m+                } else {
[0m[32m+                    self.emit(Op::PushNil);
[0m[32m+                }
[0m[32m+                self.emit(Op::Ret);
[0m[32m+            }
[0m[32m+            Expr::Let { name, value, .. } => {
[0m[32m+                self.compile_expr(value)?;
[0m[32m+                self.emit(Op::Dup);
[0m[32m+                let local = self.add_local(name);
[0m[32m+                self.emit(Op::StoreLocal(local));
[0m[32m+            }
[0m[32m+            Expr::Assign {
[0m[32m+                target, op, value, ..
[0m[32m+            } => self.compile_assignment(target, *op, value, true)?,
[0m             Expr::Block(block) => self.compile_block(block, true)?,
[31m-            Expr::Match { scrutinee, arms, .. } => self.compile_match(scrutinee, arms)?,
[0m[31m-            Expr::Spawn { .. } => return Err(CodegenError::Unsupported("spawn requires the concurrency runtime".into())),
[0m[31m-            Expr::Try { expr, .. } => { self.compile_expr(expr)?; self.emit(Op::Try); }
[0m[32m+            Expr::Match {
[0m[32m+                scrutinee, arms, ..
[0m[32m+            } => self.compile_match(scrutinee, arms)?,
[0m[32m+            Expr::Spawn { .. } => {
[0m[32m+                return Err(CodegenError::Unsupported(
[0m[32m+                    "spawn requires the concurrency runtime".into(),
[0m[32m+                ))
[0m[32m+            }
[0m[32m+            Expr::Try { expr, .. } => {
[0m[32m+                self.compile_expr(expr)?;
[0m[32m+                self.emit(Op::Try);
[0m[32m+            }
[0m             Expr::Closure { params, body, .. } => self.compile_closure(params, body)?,
         }
         Ok(())
Diff in /data/data/com.termux/files/home/titan/crates/titan_codegen/src/lib.rs:206:
     }
 
[31m-    fn compile_binary(&mut self, left: &Expr, op: BinaryOp, right: &Expr) -> Result<(), CodegenError> {
[0m[32m+    fn compile_binary(
[0m[32m+        &mut self,
[0m[32m+        left: &Expr,
[0m[32m+        op: BinaryOp,
[0m[32m+        right: &Expr,
[0m[32m+    ) -> Result<(), CodegenError> {
[0m         if matches!(op, BinaryOp::LazyAnd | BinaryOp::LazyOr) {
             self.compile_expr(left)?;
             self.emit(Op::Dup);
Diff in /data/data/com.termux/files/home/titan/crates/titan_codegen/src/lib.rs:212:
             let jump = self.jump_if_false();
[31m-            if op == BinaryOp::LazyOr { let evaluate = self.jump(); self.patch(jump, self.position()); self.emit(Op::Pop); self.compile_expr(right)?; let end = self.jump(); self.patch(evaluate, self.position()); self.patch(end, self.position()); }
[0m[31m-            else { self.emit(Op::Pop); self.compile_expr(right)?; self.patch(jump, self.position()); }
[0m[32m+            if op == BinaryOp::LazyOr {
[0m[32m+                let evaluate = self.jump();
[0m[32m+                self.patch(jump, self.position());
[0m[32m+                self.emit(Op::Pop);
[0m[32m+                self.compile_expr(right)?;
[0m[32m+                let end = self.jump();
[0m[32m+                self.patch(evaluate, self.position());
[0m[32m+                self.patch(end, self.position());
[0m[32m+            } else {
[0m[32m+                self.emit(Op::Pop);
[0m[32m+                self.compile_expr(right)?;
[0m[32m+                self.patch(jump, self.position());
[0m[32m+            }
[0m             return Ok(());
         }
[31m-        self.compile_expr(left)?; self.compile_expr(right)?;
[0m[32m+        self.compile_expr(left)?;
[0m[32m+        self.compile_expr(right)?;
[0m         self.emit(match op {
[31m-            BinaryOp::Add => Op::Add, BinaryOp::Sub => Op::Sub, BinaryOp::Mul => Op::Mul,
[0m[31m-            BinaryOp::Div => Op::Div, BinaryOp::Mod => Op::Mod, BinaryOp::Eq => Op::Eq,
[0m[31m-            BinaryOp::Neq => Op::Neq, BinaryOp::Lt => Op::Lt, BinaryOp::Gt => Op::Gt,
[0m[31m-            BinaryOp::Lte => Op::Lte, BinaryOp::Gte => Op::Gte, BinaryOp::And => Op::BitAnd,
[0m[31m-            BinaryOp::Or => Op::BitOr, BinaryOp::Xor => Op::BitXor,
[0m[32m+            BinaryOp::Add => Op::Add,
[0m[32m+            BinaryOp::Sub => Op::Sub,
[0m[32m+            BinaryOp::Mul => Op::Mul,
[0m[32m+            BinaryOp::Div => Op::Div,
[0m[32m+            BinaryOp::Mod => Op::Mod,
[0m[32m+            BinaryOp::Eq => Op::Eq,
[0m[32m+            BinaryOp::Neq => Op::Neq,
[0m[32m+            BinaryOp::Lt => Op::Lt,
[0m[32m+            BinaryOp::Gt => Op::Gt,
[0m[32m+            BinaryOp::Lte => Op::Lte,
[0m[32m+            BinaryOp::Gte => Op::Gte,
[0m[32m+            BinaryOp::And => Op::BitAnd,
[0m[32m+            BinaryOp::Or => Op::BitOr,
[0m[32m+            BinaryOp::Xor => Op::BitXor,
[0m             BinaryOp::LazyAnd | BinaryOp::LazyOr => unreachable!(),
         });
         Ok(())
Diff in /data/data/com.termux/files/home/titan/crates/titan_codegen/src/lib.rs:230:
         if let Expr::Ident { name, .. } = callee {
             if let Some(local) = self.find_local(name) {
                 self.emit(Op::PushLocal(local));
[31m-                for arg in args { self.compile_expr(arg)?; }
[0m[32m+                for arg in args {
[0m[32m+                    self.compile_expr(arg)?;
[0m[32m+                }
[0m                 self.emit(Op::CallValue(args.len()));
                 return Ok(());
             }
Diff in /data/data/com.termux/files/home/titan/crates/titan_codegen/src/lib.rs:237:
[31m-            for arg in args { self.compile_expr(arg)?; }
[0m[32m+            for arg in args {
[0m[32m+                self.compile_expr(arg)?;
[0m[32m+            }
[0m             match name.as_str() {
                 "print" | "println" => self.emit(Op::Print(args.len())),
                 "len" if args.len() == 1 => self.emit(Op::Len),
Diff in /data/data/com.termux/files/home/titan/crates/titan_codegen/src/lib.rs:241:
                 "map" if args.len() == 2 => self.emit(Op::ArrayMap),
                 "filter" if args.len() == 2 => self.emit(Op::ArrayFilter),
                 "fold" if args.len() == 3 => self.emit(Op::ArrayFold),
[31m-                _ if titan_stdlib::native::contains(name) => self.emit(Op::CallNative { name: name.clone(), argc: args.len() }),
[0m[32m+                _ if titan_stdlib::native::contains(name) => self.emit(Op::CallNative {
[0m[32m+                    name: name.clone(),
[0m[32m+                    argc: args.len(),
[0m[32m+                }),
[0m                 _ if self.enum_variants.contains_key(name) => {
                     let has_payload = self.enum_variants[name];
[31m-                    if args.len() != usize::from(has_payload) { return Err(CodegenError::Unsupported(format!("wrong payload count for enum variant '{name}'"))); }
[0m[32m+                    if args.len() != usize::from(has_payload) {
[0m[32m+                        return Err(CodegenError::Unsupported(format!(
[0m[32m+                            "wrong payload count for enum variant '{name}'"
[0m[32m+                        )));
[0m[32m+                    }
[0m                     let (enum_name, variant) = split_variant(name)?;
[31m-                    self.emit(Op::NewEnum { name: enum_name.into(), variant: variant.into(), has_payload });
[0m[32m+                    self.emit(Op::NewEnum {
[0m[32m+                        name: enum_name.into(),
[0m[32m+                        variant: variant.into(),
[0m[32m+                        has_payload,
[0m[32m+                    });
[0m                 }
                 _ => {
[31m-                    let function = self.function_ids.get(name).copied().ok_or_else(|| CodegenError::UnknownFunction(name.clone()))?;
[0m[31m-                    self.emit(Op::Call { function, argc: args.len() });
[0m[32m+                    let function = self
[0m[32m+                        .function_ids
[0m[32m+                        .get(name)
[0m[32m+                        .copied()
[0m[32m+                        .ok_or_else(|| CodegenError::UnknownFunction(name.clone()))?;
[0m[32m+                    self.emit(Op::Call {
[0m[32m+                        function,
[0m[32m+                        argc: args.len(),
[0m[32m+                    });
[0m                 }
             }
         } else {
Diff in /data/data/com.termux/files/home/titan/crates/titan_codegen/src/lib.rs:257:
             self.compile_expr(callee)?;
[31m-            for arg in args { self.compile_expr(arg)?; }
[0m[32m+            for arg in args {
[0m[32m+                self.compile_expr(arg)?;
[0m[32m+            }
[0m             self.emit(Op::CallValue(args.len()));
         }
         Ok(())
Diff in /data/data/com.termux/files/home/titan/crates/titan_codegen/src/lib.rs:262:
     }
 
[31m-    fn compile_assignment(&mut self, target: &Expr, op: Option<BinaryOp>, value: &Expr, keep: bool) -> Result<(), CodegenError> {
[0m[31m-        let Expr::Ident { name, .. } = target else { return Err(CodegenError::Unsupported("assignment target must currently be a variable".into())); };
[0m[31m-        let local = self.find_local(name).ok_or_else(|| CodegenError::UnknownVariable(name.clone()))?;
[0m[31m-        if let Some(op) = op { self.emit(Op::PushLocal(local)); self.compile_expr(value)?; self.emit(binary_instruction(op)?); }
[0m[31m-        else { self.compile_expr(value)?; }
[0m[31m-        if keep { self.emit(Op::Dup); }
[0m[32m+    fn compile_assignment(
[0m[32m+        &mut self,
[0m[32m+        target: &Expr,
[0m[32m+        op: Option<BinaryOp>,
[0m[32m+        value: &Expr,
[0m[32m+        keep: bool,
[0m[32m+    ) -> Result<(), CodegenError> {
[0m[32m+        let Expr::Ident { name, .. } = target else {
[0m[32m+            return Err(CodegenError::Unsupported(
[0m[32m+                "assignment target must currently be a variable".into(),
[0m[32m+            ));
[0m[32m+        };
[0m[32m+        let local = self
[0m[32m+            .find_local(name)
[0m[32m+            .ok_or_else(|| CodegenError::UnknownVariable(name.clone()))?;
[0m[32m+        if let Some(op) = op {
[0m[32m+            self.emit(Op::PushLocal(local));
[0m[32m+            self.compile_expr(value)?;
[0m[32m+            self.emit(binary_instruction(op)?);
[0m[32m+        } else {
[0m[32m+            self.compile_expr(value)?;
[0m[32m+        }
[0m[32m+        if keep {
[0m[32m+            self.emit(Op::Dup);
[0m[32m+        }
[0m         self.emit(Op::StoreLocal(local));
         Ok(())
     }
Diff in /data/data/com.termux/files/home/titan/crates/titan_codegen/src/lib.rs:273:
 
     fn compile_while(&mut self, condition: &Expr, body: &Block) -> Result<(), CodegenError> {
[31m-        let start = self.position(); self.compile_expr(condition)?; let exit = self.jump_if_false();
[0m[31m-        self.loops.push(LoopContext { continue_target: start, ..Default::default() });
[0m[31m-        self.compile_block(body, false)?; self.emit(Op::Jump(start));
[0m[31m-        let end = self.position(); self.patch(exit, end); self.finish_loop(end); self.emit(Op::PushNil); Ok(())
[0m[32m+        let start = self.position();
[0m[32m+        self.compile_expr(condition)?;
[0m[32m+        let exit = self.jump_if_false();
[0m[32m+        self.loops.push(LoopContext {
[0m[32m+            continue_target: start,
[0m[32m+            ..Default::default()
[0m[32m+        });
[0m[32m+        self.compile_block(body, false)?;
[0m[32m+        self.emit(Op::Jump(start));
[0m[32m+        let end = self.position();
[0m[32m+        self.patch(exit, end);
[0m[32m+        self.finish_loop(end);
[0m[32m+        self.emit(Op::PushNil);
[0m[32m+        Ok(())
[0m     }
 
     fn compile_loop(&mut self, body: &Block) -> Result<(), CodegenError> {
Diff in /data/data/com.termux/files/home/titan/crates/titan_codegen/src/lib.rs:282:
[31m-        let start = self.position(); self.loops.push(LoopContext { continue_target: start, ..Default::default() });
[0m[31m-        self.compile_block(body, false)?; self.emit(Op::Jump(start));
[0m[31m-        let end = self.position(); self.finish_loop(end); self.emit(Op::PushNil); Ok(())
[0m[32m+        let start = self.position();
[0m[32m+        self.loops.push(LoopContext {
[0m[32m+            continue_target: start,
[0m[32m+            ..Default::default()
[0m[32m+        });
[0m[32m+        self.compile_block(body, false)?;
[0m[32m+        self.emit(Op::Jump(start));
[0m[32m+        let end = self.position();
[0m[32m+        self.finish_loop(end);
[0m[32m+        self.emit(Op::PushNil);
[0m[32m+        Ok(())
[0m     }
 
[31m-    fn compile_for(&mut self, pattern: &Pattern, iterator: &Expr, body: &Block) -> Result<(), CodegenError> {
[0m[31m-        let Pattern::Ident { name, .. } = pattern else { return Err(CodegenError::Unsupported("for currently requires an identifier pattern".into())); };
[0m[32m+    fn compile_for(
[0m[32m+        &mut self,
[0m[32m+        pattern: &Pattern,
[0m[32m+        iterator: &Expr,
[0m[32m+        body: &Block,
[0m[32m+    ) -> Result<(), CodegenError> {
[0m[32m+        let Pattern::Ident { name, .. } = pattern else {
[0m[32m+            return Err(CodegenError::Unsupported(
[0m[32m+                "for currently requires an identifier pattern".into(),
[0m[32m+            ));
[0m[32m+        };
[0m         // General arrays use an index and len; ranges are optimized but share the same representation.
[31m-        self.compile_expr(iterator)?; let array = self.add_temp("$iter"); self.emit(Op::StoreLocal(array));
[0m[31m-        self.emit(Op::PushInt(0)); let index = self.add_temp("$index"); self.emit(Op::StoreLocal(index));
[0m[31m-        self.push_scope(); let item = self.add_local(name);
[0m[31m-        let start = self.position(); self.emit(Op::PushLocal(index)); self.emit(Op::PushLocal(array)); self.emit(Op::Len); self.emit(Op::Lt); let exit = self.jump_if_false();
[0m[31m-        self.emit(Op::PushLocal(array)); self.emit(Op::PushLocal(index)); self.emit(Op::Index); self.emit(Op::StoreLocal(item));
[0m[31m-        self.loops.push(LoopContext { continue_target: 0, ..Default::default() });
[0m[32m+        self.compile_expr(iterator)?;
[0m[32m+        let array = self.add_temp("$iter");
[0m[32m+        self.emit(Op::StoreLocal(array));
[0m[32m+        self.emit(Op::PushInt(0));
[0m[32m+        let index = self.add_temp("$index");
[0m[32m+        self.emit(Op::StoreLocal(index));
[0m[32m+        self.push_scope();
[0m[32m+        let item = self.add_local(name);
[0m[32m+        let start = self.position();
[0m[32m+        self.emit(Op::PushLocal(index));
[0m[32m+        self.emit(Op::PushLocal(array));
[0m[32m+        self.emit(Op::Len);
[0m[32m+        self.emit(Op::Lt);
[0m[32m+        let exit = self.jump_if_false();
[0m[32m+        self.emit(Op::PushLocal(array));
[0m[32m+        self.emit(Op::PushLocal(index));
[0m[32m+        self.emit(Op::Index);
[0m[32m+        self.emit(Op::StoreLocal(item));
[0m[32m+        self.loops.push(LoopContext {
[0m[32m+            continue_target: 0,
[0m[32m+            ..Default::default()
[0m[32m+        });
[0m         self.compile_block(body, false)?;
[31m-        let increment = self.position(); if let Some(context) = self.loops.last_mut() { context.continue_target = increment; }
[0m[31m-        self.emit(Op::PushLocal(index)); self.emit(Op::PushInt(1)); self.emit(Op::Add); self.emit(Op::StoreLocal(index)); self.emit(Op::Jump(start));
[0m[31m-        let end = self.position(); self.patch(exit, end); self.finish_loop(end); self.pop_scope(); self.emit(Op::PushNil); Ok(())
[0m[32m+        let increment = self.position();
[0m[32m+        if let Some(context) = self.loops.last_mut() {
[0m[32m+            context.continue_target = increment;
[0m[32m+        }
[0m[32m+        self.emit(Op::PushLocal(index));
[0m[32m+        self.emit(Op::PushInt(1));
[0m[32m+        self.emit(Op::Add);
[0m[32m+        self.emit(Op::StoreLocal(index));
[0m[32m+        self.emit(Op::Jump(start));
[0m[32m+        let end = self.position();
[0m[32m+        self.patch(exit, end);
[0m[32m+        self.finish_loop(end);
[0m[32m+        self.pop_scope();
[0m[32m+        self.emit(Op::PushNil);
[0m[32m+        Ok(())
[0m     }
 
[31m-    fn compile_range(&mut self, start: &Expr, end: &Expr, inclusive: bool) -> Result<(), CodegenError> {
[0m[32m+    fn compile_range(
[0m[32m+        &mut self,
[0m[32m+        start: &Expr,
[0m[32m+        end: &Expr,
[0m[32m+        inclusive: bool,
[0m[32m+    ) -> Result<(), CodegenError> {
[0m         // Runtime helper encoded as an intrinsic function index sentinel.
[31m-        self.compile_expr(start)?; self.compile_expr(end)?; self.emit(Op::PushBool(inclusive));
[0m[31m-        self.emit(Op::Call { function: usize::MAX, argc: 3 }); Ok(())
[0m[32m+        self.compile_expr(start)?;
[0m[32m+        self.compile_expr(end)?;
[0m[32m+        self.emit(Op::PushBool(inclusive));
[0m[32m+        self.emit(Op::Call {
[0m[32m+            function: usize::MAX,
[0m[32m+            argc: 3,
[0m[32m+        });
[0m[32m+        Ok(())
[0m     }
 
     fn compile_match(&mut self, scrutinee: &Expr, arms: &[MatchArm]) -> Result<(), CodegenError> {
Diff in /data/data/com.termux/files/home/titan/crates/titan_codegen/src/lib.rs:309:
[31m-        self.compile_expr(scrutinee)?; let subject = self.add_temp("$match"); self.emit(Op::StoreLocal(subject));
[0m[32m+        self.compile_expr(scrutinee)?;
[0m[32m+        let subject = self.add_temp("$match");
[0m[32m+        self.emit(Op::StoreLocal(subject));
[0m         let mut ends = Vec::new();
         for arm in arms {
             self.push_scope();
Diff in /data/data/com.termux/files/home/titan/crates/titan_codegen/src/lib.rs:313:
             let failure = match &arm.pattern {
                 Pattern::Wildcard { .. } => None,
[31m-                Pattern::Ident { name, .. } => { self.emit(Op::PushLocal(subject)); let local = self.add_local(name); self.emit(Op::StoreLocal(local)); None }
[0m[31m-                Pattern::Literal { value, .. } => { self.emit(Op::PushLocal(subject)); self.compile_expr(value)?; self.emit(Op::Eq); Some(self.jump_if_false()) }
[0m[31m-                Pattern::Enum { name, variant, inner, .. } => {
[0m[32m+                Pattern::Ident { name, .. } => {
[0m                     self.emit(Op::PushLocal(subject));
[31m-                    self.emit(Op::EnumIs { name: name.clone(), variant: variant.clone() });
[0m[32m+                    let local = self.add_local(name);
[0m[32m+                    self.emit(Op::StoreLocal(local));
[0m[32m+                    None
[0m[32m+                }
[0m[32m+                Pattern::Literal { value, .. } => {
[0m[32m+                    self.emit(Op::PushLocal(subject));
[0m[32m+                    self.compile_expr(value)?;
[0m[32m+                    self.emit(Op::Eq);
[0m[32m+                    Some(self.jump_if_false())
[0m[32m+                }
[0m[32m+                Pattern::Enum {
[0m[32m+                    name,
[0m[32m+                    variant,
[0m[32m+                    inner,
[0m[32m+                    ..
[0m[32m+                } => {
[0m[32m+                    self.emit(Op::PushLocal(subject));
[0m[32m+                    self.emit(Op::EnumIs {
[0m[32m+                        name: name.clone(),
[0m[32m+                        variant: variant.clone(),
[0m[32m+                    });
[0m                     let failure = self.jump_if_false();
                     if let Some(inner) = inner {
[31m-                        self.emit(Op::PushLocal(subject)); self.emit(Op::EnumPayload);
[0m[32m+                        self.emit(Op::PushLocal(subject));
[0m[32m+                        self.emit(Op::EnumPayload);
[0m                         match inner.as_ref() {
[31m-                            Pattern::Ident { name, .. } => { let local = self.add_local(name); self.emit(Op::StoreLocal(local)); }
[0m[32m+                            Pattern::Ident { name, .. } => {
[0m[32m+                                let local = self.add_local(name);
[0m[32m+                                self.emit(Op::StoreLocal(local));
[0m[32m+                            }
[0m                             Pattern::Wildcard { .. } => self.emit(Op::Pop),
[31m-                            _ => return Err(CodegenError::Unsupported("nested enum destructuring pattern".into())),
[0m[32m+                            _ => {
[0m[32m+                                return Err(CodegenError::Unsupported(
[0m[32m+                                    "nested enum destructuring pattern".into(),
[0m[32m+                                ))
[0m[32m+                            }
[0m                         }
                     }
                     Some(failure)
Diff in /data/data/com.termux/files/home/titan/crates/titan_codegen/src/lib.rs:330:
                 }
[31m-                Pattern::Or { .. } => return Err(CodegenError::Unsupported("or-pattern bytecode".into())),
[0m[31m-                Pattern::Tuple { .. } | Pattern::Struct { .. } => return Err(CodegenError::Unsupported("destructuring pattern bytecode".into())),
[0m[32m+                Pattern::Or { .. } => {
[0m[32m+                    return Err(CodegenError::Unsupported("or-pattern bytecode".into()))
[0m[32m+                }
[0m[32m+                Pattern::Tuple { .. } | Pattern::Struct { .. } => {
[0m[32m+                    return Err(CodegenError::Unsupported(
[0m[32m+                        "destructuring pattern bytecode".into(),
[0m[32m+                    ))
[0m[32m+                }
[0m             };
[31m-            let guard_failure = if let Some(guard) = &arm.guard { self.compile_expr(guard)?; Some(self.jump_if_false()) } else { None };
[0m[31m-            self.compile_block(&arm.body, true)?; ends.push(self.jump());
[0m[32m+            let guard_failure = if let Some(guard) = &arm.guard {
[0m[32m+                self.compile_expr(guard)?;
[0m[32m+                Some(self.jump_if_false())
[0m[32m+            } else {
[0m[32m+                None
[0m[32m+            };
[0m[32m+            self.compile_block(&arm.body, true)?;
[0m[32m+            ends.push(self.jump());
[0m             let next = self.position();
[31m-            if let Some(jump) = failure { self.patch(jump, next); }
[0m[31m-            if let Some(jump) = guard_failure { self.patch(jump, next); }
[0m[32m+            if let Some(jump) = failure {
[0m[32m+                self.patch(jump, next);
[0m[32m+            }
[0m[32m+            if let Some(jump) = guard_failure {
[0m[32m+                self.patch(jump, next);
[0m[32m+            }
[0m             self.pop_scope();
         }
[31m-        self.emit(Op::PushNil); let end = self.position(); for jump in ends { self.patch(jump, end); } Ok(())
[0m[32m+        self.emit(Op::PushNil);
[0m[32m+        let end = self.position();
[0m[32m+        for jump in ends {
[0m[32m+            self.patch(jump, end);
[0m[32m+        }
[0m[32m+        Ok(())
[0m     }
 
     fn compile_template(&mut self, template: &str) -> Result<(), CodegenError> {
Diff in /data/data/com.termux/files/home/titan/crates/titan_codegen/src/lib.rs:347:
         while let Some(open) = rest.find('{') {
             let literal = &rest[..open];
             if !literal.is_empty() {
[31m-                let id = self.intern(literal); self.emit(Op::PushStr(id));
[0m[31m-                if has_output { self.emit(Op::Add); } else { has_output = true; }
[0m[32m+                let id = self.intern(literal);
[0m[32m+                self.emit(Op::PushStr(id));
[0m[32m+                if has_output {
[0m[32m+                    self.emit(Op::Add);
[0m[32m+                } else {
[0m[32m+                    has_output = true;
[0m[32m+                }
[0m             }
             let after = &rest[open + 1..];
[31m-            let close = after.find('}').ok_or_else(|| CodegenError::InvalidInterpolation(template.into()))?;
[0m[31m-            self.compile_interpolation(after[..close].trim())?; self.emit(Op::ToString);
[0m[31m-            if has_output { self.emit(Op::Add); } else { has_output = true; }
[0m[32m+            let close = after
[0m[32m+                .find('}')
[0m[32m+                .ok_or_else(|| CodegenError::InvalidInterpolation(template.into()))?;
[0m[32m+            self.compile_interpolation(after[..close].trim())?;
[0m[32m+            self.emit(Op::ToString);
[0m[32m+            if has_output {
[0m[32m+                self.emit(Op::Add);
[0m[32m+            } else {
[0m[32m+                has_output = true;
[0m[32m+            }
[0m             rest = &after[close + 1..];
         }
         if !rest.is_empty() {
Diff in /data/data/com.termux/files/home/titan/crates/titan_codegen/src/lib.rs:360:
[31m-            let id = self.intern(rest); self.emit(Op::PushStr(id));
[0m[31m-            if has_output { self.emit(Op::Add); } else { has_output = true; }
[0m[32m+            let id = self.intern(rest);
[0m[32m+            self.emit(Op::PushStr(id));
[0m[32m+            if has_output {
[0m[32m+                self.emit(Op::Add);
[0m[32m+            } else {
[0m[32m+                has_output = true;
[0m[32m+            }
[0m         }
[31m-        if !has_output { let id = self.intern(""); self.emit(Op::PushStr(id)); }
[0m[32m+        if !has_output {
[0m[32m+            let id = self.intern("");
[0m[32m+            self.emit(Op::PushStr(id));
[0m[32m+        }
[0m         Ok(())
     }
 
Diff in /data/data/com.termux/files/home/titan/crates/titan_codegen/src/lib.rs:367:
     fn compile_interpolation(&mut self, source: &str) -> Result<(), CodegenError> {
         if let Some(open) = source.find('(') {
[31m-            if !source.ends_with(')') { return Err(CodegenError::InvalidInterpolation(source.into())); }
[0m[31m-            let name = source[..open].trim(); let args_source = &source[open + 1..source.len() - 1];
[0m[32m+            if !source.ends_with(')') {
[0m[32m+                return Err(CodegenError::InvalidInterpolation(source.into()));
[0m[32m+            }
[0m[32m+            let name = source[..open].trim();
[0m[32m+            let args_source = &source[open + 1..source.len() - 1];
[0m             let mut argc = 0;
[31m-            for arg in args_source.split(',').map(str::trim).filter(|x| !x.is_empty()) {
[0m[31m-                if let Ok(value) = arg.parse::<i64>() { self.emit(Op::PushInt(value)); }
[0m[31m-                else { let local = self.find_local(arg).ok_or_else(|| CodegenError::UnknownVariable(arg.into()))?; self.emit(Op::PushLocal(local)); }
[0m[32m+            for arg in args_source
[0m[32m+                .split(',')
[0m[32m+                .map(str::trim)
[0m[32m+                .filter(|x| !x.is_empty())
[0m[32m+            {
[0m[32m+                if let Ok(value) = arg.parse::<i64>() {
[0m[32m+                    self.emit(Op::PushInt(value));
[0m[32m+                } else {
[0m[32m+                    let local = self
[0m[32m+                        .find_local(arg)
[0m[32m+                        .ok_or_else(|| CodegenError::UnknownVariable(arg.into()))?;
[0m[32m+                    self.emit(Op::PushLocal(local));
[0m[32m+                }
[0m                 argc += 1;
             }
[31m-            let function = self.function_ids.get(name).copied().ok_or_else(|| CodegenError::UnknownFunction(name.into()))?;
[0m[32m+            let function = self
[0m[32m+                .function_ids
[0m[32m+                .get(name)
[0m[32m+                .copied()
[0m[32m+                .ok_or_else(|| CodegenError::UnknownFunction(name.into()))?;
[0m             self.emit(Op::Call { function, argc });
         } else {
[31m-            let local = self.find_local(source).ok_or_else(|| CodegenError::UnknownVariable(source.into()))?; self.emit(Op::PushLocal(local));
[0m[32m+            let local = self
[0m[32m+                .find_local(source)
[0m[32m+                .ok_or_else(|| CodegenError::UnknownVariable(source.into()))?;
[0m[32m+            self.emit(Op::PushLocal(local));
[0m         }
         Ok(())
     }
Diff in /data/data/com.termux/files/home/titan/crates/titan_codegen/src/lib.rs:384:
 
     fn compile_closure(&mut self, params: &[Param], body: &Expr) -> Result<(), CodegenError> {
         let mut visible = std::collections::BTreeMap::new();
[31m-        for scope in &self.locals { for (name, slot) in scope { visible.insert(name.clone(), *slot); } }
[0m[32m+        for scope in &self.locals {
[0m[32m+            for (name, slot) in scope {
[0m[32m+                visible.insert(name.clone(), *slot);
[0m[32m+            }
[0m[32m+        }
[0m         let captures: Vec<_> = visible.into_iter().collect();
         let function = self.module.functions.len();
         self.module.functions.push(empty_function());
Diff in /data/data/com.termux/files/home/titan/crates/titan_codegen/src/lib.rs:394:
         let outer_next = self.next_local;
         let outer_loops = std::mem::take(&mut self.loops);
 
[31m-        self.current = BytecodeFunc { name: format!("<closure:{function}>"), arity: params.len(), captures: captures.len(), locals: 0, max_stack: 256, code: Vec::new() };
[0m[31m-        self.locals = vec![HashMap::new()]; self.next_local = 0;
[0m[31m-        for (name, _) in &captures { self.add_local(name); }
[0m[31m-        for param in params { self.add_local(&param.name); }
[0m[32m+        self.current = BytecodeFunc {
[0m[32m+            name: format!("<closure:{function}>"),
[0m[32m+            arity: params.len(),
[0m[32m+            captures: captures.len(),
[0m[32m+            locals: 0,
[0m[32m+            max_stack: 256,
[0m[32m+            code: Vec::new(),
[0m[32m+        };
[0m[32m+        self.locals = vec![HashMap::new()];
[0m[32m+        self.next_local = 0;
[0m[32m+        for (name, _) in &captures {
[0m[32m+            self.add_local(name);
[0m[32m+        }
[0m[32m+        for param in params {
[0m[32m+            self.add_local(&param.name);
[0m[32m+        }
[0m         let result = self.compile_expr(body);
[31m-        if result.is_ok() { self.emit(Op::Ret); self.current.locals = self.next_local; self.module.functions[function] = self.current.clone(); }
[0m[32m+        if result.is_ok() {
[0m[32m+            self.emit(Op::Ret);
[0m[32m+            self.current.locals = self.next_local;
[0m[32m+            self.module.functions[function] = self.current.clone();
[0m[32m+        }
[0m 
[31m-        self.current = outer_function; self.locals = outer_locals; self.next_local = outer_next; self.loops = outer_loops;
[0m[32m+        self.current = outer_function;
[0m[32m+        self.locals = outer_locals;
[0m[32m+        self.next_local = outer_next;
[0m[32m+        self.loops = outer_loops;
[0m         result?;
[31m-        self.emit(Op::MakeClosure { function, captures: captures.into_iter().map(|(_, slot)| slot).collect() });
[0m[32m+        self.emit(Op::MakeClosure {
[0m[32m+            function,
[0m[32m+            captures: captures.into_iter().map(|(_, slot)| slot).collect(),
[0m[32m+        });
[0m         Ok(())
     }
 
Diff in /data/data/com.termux/files/home/titan/crates/titan_codegen/src/lib.rs:410:
     fn finish_loop(&mut self, end: usize) {
         if let Some(context) = self.loops.pop() {
[31m-            for jump in context.breaks { self.patch(jump, end); }
[0m[31m-            for jump in context.continues { self.patch(jump, context.continue_target); }
[0m[32m+            for jump in context.breaks {
[0m[32m+                self.patch(jump, end);
[0m[32m+            }
[0m[32m+            for jump in context.continues {
[0m[32m+                self.patch(jump, context.continue_target);
[0m[32m+            }
[0m         }
     }
[31m-    fn emit(&mut self, op: Op) { self.current.code.push(op); }
[0m[31m-    fn position(&self) -> usize { self.current.code.len() }
[0m[31m-    fn jump(&mut self) -> usize { let p = self.position(); self.emit(Op::Jump(usize::MAX)); p }
[0m[31m-    fn jump_if_false(&mut self) -> usize { let p = self.position(); self.emit(Op::JumpIfFalse(usize::MAX)); p }
[0m[31m-    fn patch(&mut self, at: usize, target: usize) { match &mut self.current.code[at] { Op::Jump(to) | Op::JumpIfFalse(to) => *to = target, _ => {} } }
[0m[32m+    fn emit(&mut self, op: Op) {
[0m[32m+        self.current.code.push(op);
[0m[32m+    }
[0m[32m+    fn position(&self) -> usize {
[0m[32m+        self.current.code.len()
[0m[32m+    }
[0m[32m+    fn jump(&mut self) -> usize {
[0m[32m+        let p = self.position();
[0m[32m+        self.emit(Op::Jump(usize::MAX));
[0m[32m+        p
[0m[32m+    }
[0m[32m+    fn jump_if_false(&mut self) -> usize {
[0m[32m+        let p = self.position();
[0m[32m+        self.emit(Op::JumpIfFalse(usize::MAX));
[0m[32m+        p
[0m[32m+    }
[0m[32m+    fn patch(&mut self, at: usize, target: usize) {
[0m[32m+        match &mut self.current.code[at] {
[0m[32m+            Op::Jump(to) | Op::JumpIfFalse(to) => *to = target,
[0m[32m+            _ => {}
[0m[32m+        }
[0m[32m+    }
[0m     fn intern(&mut self, value: &str) -> usize {
[31m-        if let Some(id) = self.strings.get(value) { *id } else { let id = self.module.string_table.len(); self.module.string_table.push(value.into()); self.strings.insert(value.into(), id); id }
[0m[32m+        if let Some(id) = self.strings.get(value) {
[0m[32m+            *id
[0m[32m+        } else {
[0m[32m+            let id = self.module.string_table.len();
[0m[32m+            self.module.string_table.push(value.into());
[0m[32m+            self.strings.insert(value.into(), id);
[0m[32m+            id
[0m[32m+        }
[0m     }
[31m-    fn push_scope(&mut self) { self.locals.push(HashMap::new()); }
[0m[31m-    fn pop_scope(&mut self) { self.locals.pop(); }
[0m[31m-    fn add_local(&mut self, name: &str) -> usize { let id = self.next_local; self.next_local += 1; self.locals.last_mut().unwrap().insert(name.into(), id); id }
[0m[31m-    fn add_temp(&mut self, prefix: &str) -> usize { let name = format!("{prefix}{}", self.next_local); self.add_local(&name) }
[0m[31m-    fn find_local(&self, name: &str) -> Option<usize> { self.locals.iter().rev().find_map(|scope| scope.get(name).copied()) }
[0m[32m+    fn push_scope(&mut self) {
[0m[32m+        self.locals.push(HashMap::new());
[0m[32m+    }
[0m[32m+    fn pop_scope(&mut self) {
[0m[32m+        self.locals.pop();
[0m[32m+    }
[0m[32m+    fn add_local(&mut self, name: &str) -> usize {
[0m[32m+        let id = self.next_local;
[0m[32m+        self.next_local += 1;
[0m[32m+        self.locals.last_mut().unwrap().insert(name.into(), id);
[0m[32m+        id
[0m[32m+    }
[0m[32m+    fn add_temp(&mut self, prefix: &str) -> usize {
[0m[32m+        let name = format!("{prefix}{}", self.next_local);
[0m[32m+        self.add_local(&name)
[0m[32m+    }
[0m[32m+    fn find_local(&self, name: &str) -> Option<usize> {
[0m[32m+        self.locals
[0m[32m+            .iter()
[0m[32m+            .rev()
[0m[32m+            .find_map(|scope| scope.get(name).copied())
[0m[32m+    }
[0m }
 
[31m-fn empty_function() -> BytecodeFunc { BytecodeFunc { name: String::new(), arity: 0, captures: 0, locals: 0, max_stack: 0, code: Vec::new() } }
[0m[31m-fn is_terminal(expr: &Expr) -> bool { matches!(expr, Expr::Return { .. } | Expr::Break { .. } | Expr::Continue { .. }) }
[0m[32m+fn empty_function() -> BytecodeFunc {
[0m[32m+    BytecodeFunc {
[0m[32m+        name: String::new(),
[0m[32m+        arity: 0,
[0m[32m+        captures: 0,
[0m[32m+        locals: 0,
[0m[32m+        max_stack: 0,
[0m[32m+        code: Vec::new(),
[0m[32m+    }
[0m[32m+}
[0m[32m+fn is_terminal(expr: &Expr) -> bool {
[0m[32m+    matches!(
[0m[32m+        expr,
[0m[32m+        Expr::Return { .. } | Expr::Break { .. } | Expr::Continue { .. }
[0m[32m+    )
[0m[32m+}
[0m fn binary_instruction(op: BinaryOp) -> Result<Op, CodegenError> {
[31m-    Ok(match op { BinaryOp::Add => Op::Add, BinaryOp::Sub => Op::Sub, BinaryOp::Mul => Op::Mul, BinaryOp::Div => Op::Div, BinaryOp::Mod => Op::Mod, _ => return Err(CodegenError::Unsupported(format!("compound assignment {op:?}"))) })
[0m[32m+    Ok(match op {
[0m[32m+        BinaryOp::Add => Op::Add,
[0m[32m+        BinaryOp::Sub => Op::Sub,
[0m[32m+        BinaryOp::Mul => Op::Mul,
[0m[32m+        BinaryOp::Div => Op::Div,
[0m[32m+        BinaryOp::Mod => Op::Mod,
[0m[32m+        _ => {
[0m[32m+            return Err(CodegenError::Unsupported(format!(
[0m[32m+                "compound assignment {op:?}"
[0m[32m+            )))
[0m[32m+        }
[0m[32m+    })
[0m }
[31m-fn collect_items<'a>(items: &'a [Item], functions: &mut Vec<&'a FunctionDecl>, constants: &mut HashMap<String, Expr>, variants: &mut HashMap<String, bool>) {
[0m[32m+fn collect_items<'a>(
[0m[32m+    items: &'a [Item],
[0m[32m+    functions: &mut Vec<&'a FunctionDecl>,
[0m[32m+    constants: &mut HashMap<String, Expr>,
[0m[32m+    variants: &mut HashMap<String, bool>,
[0m[32m+) {
[0m     for item in items {
         match item {
             Item::Function(f) => functions.push(f),
Diff in /data/data/com.termux/files/home/titan/crates/titan_codegen/src/lib.rs:440:
[31m-            Item::Const(c) => { constants.insert(c.name.clone(), (*c.value).clone()); }
[0m[31m-            Item::Enum(e) => for variant in &e.variants { variants.insert(format!("{}::{}", e.name, variant.name), variant.payload.is_some()); },
[0m[32m+            Item::Const(c) => {
[0m[32m+                constants.insert(c.name.clone(), (*c.value).clone());
[0m[32m+            }
[0m[32m+            Item::Enum(e) => {
[0m[32m+                for variant in &e.variants {
[0m[32m+                    variants.insert(
[0m[32m+                        format!("{}::{}", e.name, variant.name),
[0m[32m+                        variant.payload.is_some(),
[0m[32m+                    );
[0m[32m+                }
[0m[32m+            }
[0m             Item::Module(m) => collect_items(&m.items, functions, constants, variants),
[31m-            Item::Impl(i) => functions.extend(i.methods.iter()), _ => {}
[0m[32m+            Item::Impl(i) => functions.extend(i.methods.iter()),
[0m[32m+            _ => {}
[0m         }
     }
 }
Diff in /data/data/com.termux/files/home/titan/crates/titan_codegen/src/lib.rs:447:
 fn split_variant(name: &str) -> Result<(&str, &str), CodegenError> {
[31m-    name.split_once("::").ok_or_else(|| CodegenError::Unsupported(format!("invalid enum variant '{name}'")))
[0m[32m+    name.split_once("::")
[0m[32m+        .ok_or_else(|| CodegenError::Unsupported(format!("invalid enum variant '{name}'")))
[0m }
 
[31m-impl Default for AstCompiler { fn default() -> Self { Self::new() } }
[0m[32m+impl Default for AstCompiler {
[0m[32m+    fn default() -> Self {
[0m[32m+        Self::new()
[0m[32m+    }
[0m[32m+}
[0m 
Diff in /data/data/com.termux/files/home/titan/crates/titan_gc/src/lib.rs:5:
 pub type GcRef = usize;
 
 #[derive(Debug)]
[31m-struct Object { size: usize, references: Vec<GcRef> }
[0m[32m+struct Object {
[0m[32m+    size: usize,
[0m[32m+    references: Vec<GcRef>,
[0m[32m+}
[0m 
 pub struct GarbageCollector {
     objects: HashMap<GcRef, Object>,
Diff in /data/data/com.termux/files/home/titan/crates/titan_gc/src/lib.rs:16:
 }
 
 impl GarbageCollector {
[31m-    pub fn new() -> Self { Self { objects: HashMap::new(), next_id: 1, roots: HashSet::new(), allocated_bytes: 0, gc_threshold: 1024 * 1024 } }
[0m[31m-    pub fn with_threshold(bytes: usize) -> Self { Self { gc_threshold: bytes.max(1), ..Self::new() } }
[0m[32m+    pub fn new() -> Self {
[0m[32m+        Self {
[0m[32m+            objects: HashMap::new(),
[0m[32m+            next_id: 1,
[0m[32m+            roots: HashSet::new(),
[0m[32m+            allocated_bytes: 0,
[0m[32m+            gc_threshold: 1024 * 1024,
[0m[32m+        }
[0m[32m+    }
[0m[32m+    pub fn with_threshold(bytes: usize) -> Self {
[0m[32m+        Self {
[0m[32m+            gc_threshold: bytes.max(1),
[0m[32m+            ..Self::new()
[0m[32m+        }
[0m[32m+    }
[0m 
     pub fn allocate(&mut self, size: usize) -> GcRef {
[31m-        if self.allocated_bytes.saturating_add(size) >= self.gc_threshold { self.collect(); }
[0m[31m-        let id = self.next_id; self.next_id += 1;
[0m[31m-        self.objects.insert(id, Object { size, references: Vec::new() });
[0m[31m-        self.allocated_bytes = self.allocated_bytes.saturating_add(size); id
[0m[32m+        if self.allocated_bytes.saturating_add(size) >= self.gc_threshold {
[0m[32m+            self.collect();
[0m[32m+        }
[0m[32m+        let id = self.next_id;
[0m[32m+        self.next_id += 1;
[0m[32m+        self.objects.insert(
[0m[32m+            id,
[0m[32m+            Object {
[0m[32m+                size,
[0m[32m+                references: Vec::new(),
[0m[32m+            },
[0m[32m+        );
[0m[32m+        self.allocated_bytes = self.allocated_bytes.saturating_add(size);
[0m[32m+        id
[0m     }
[31m-    pub fn contains(&self, reference: GcRef) -> bool { self.objects.contains_key(&reference) }
[0m[32m+    pub fn contains(&self, reference: GcRef) -> bool {
[0m[32m+        self.objects.contains_key(&reference)
[0m[32m+    }
[0m     pub fn set_references(&mut self, object: GcRef, references: Vec<GcRef>) -> bool {
[31m-        if references.iter().any(|r| !self.objects.contains_key(r)) { return false; }
[0m[31m-        if let Some(value) = self.objects.get_mut(&object) { value.references = references; true } else { false }
[0m[32m+        if references.iter().any(|r| !self.objects.contains_key(r)) {
[0m[32m+            return false;
[0m[32m+        }
[0m[32m+        if let Some(value) = self.objects.get_mut(&object) {
[0m[32m+            value.references = references;
[0m[32m+            true
[0m[32m+        } else {
[0m[32m+            false
[0m[32m+        }
[0m     }
[31m-    pub fn add_root(&mut self, reference: GcRef) -> bool { self.objects.contains_key(&reference) && self.roots.insert(reference) }
[0m[31m-    pub fn remove_root(&mut self, reference: GcRef) -> bool { self.roots.remove(&reference) }
[0m[32m+    pub fn add_root(&mut self, reference: GcRef) -> bool {
[0m[32m+        self.objects.contains_key(&reference) && self.roots.insert(reference)
[0m[32m+    }
[0m[32m+    pub fn remove_root(&mut self, reference: GcRef) -> bool {
[0m[32m+        self.roots.remove(&reference)
[0m[32m+    }
[0m 
     pub fn collect(&mut self) -> usize {
[31m-        let mut marked = HashSet::new(); let mut pending: Vec<_> = self.roots.iter().copied().collect();
[0m[32m+        let mut marked = HashSet::new();
[0m[32m+        let mut pending: Vec<_> = self.roots.iter().copied().collect();
[0m         while let Some(reference) = pending.pop() {
[31m-            if !marked.insert(reference) { continue; }
[0m[31m-            if let Some(object) = self.objects.get(&reference) { pending.extend(object.references.iter().copied()); }
[0m[32m+            if !marked.insert(reference) {
[0m[32m+                continue;
[0m[32m+            }
[0m[32m+            if let Some(object) = self.objects.get(&reference) {
[0m[32m+                pending.extend(object.references.iter().copied());
[0m[32m+            }
[0m         }
[31m-        let before = self.objects.len(); self.objects.retain(|reference, _| marked.contains(reference));
[0m[31m-        self.roots.retain(|reference| self.objects.contains_key(reference));
[0m[31m-        self.allocated_bytes = self.objects.values().map(|object| object.size).sum(); before - self.objects.len()
[0m[32m+        let before = self.objects.len();
[0m[32m+        self.objects
[0m[32m+            .retain(|reference, _| marked.contains(reference));
[0m[32m+        self.roots
[0m[32m+            .retain(|reference| self.objects.contains_key(reference));
[0m[32m+        self.allocated_bytes = self.objects.values().map(|object| object.size).sum();
[0m[32m+        before - self.objects.len()
[0m     }
[31m-    pub fn live_count(&self) -> usize { self.objects.len() }
[0m[31m-    pub fn allocated_bytes(&self) -> usize { self.allocated_bytes }
[0m[32m+    pub fn live_count(&self) -> usize {
[0m[32m+        self.objects.len()
[0m[32m+    }
[0m[32m+    pub fn allocated_bytes(&self) -> usize {
[0m[32m+        self.allocated_bytes
[0m[32m+    }
[0m }
 
[31m-impl Default for GarbageCollector { fn default() -> Self { Self::new() } }
[0m[32m+impl Default for GarbageCollector {
[0m[32m+    fn default() -> Self {
[0m[32m+        Self::new()
[0m[32m+    }
[0m[32m+}
[0m 
 #[cfg(test)]
 mod tests {
Diff in /data/data/com.termux/files/home/titan/crates/titan_gc/src/lib.rs:54:
     use super::*;
[31m-    #[test] fn traces_transitive_references() {
[0m[31m-        let mut gc = GarbageCollector::new(); let root = gc.allocate(8); let child = gc.allocate(8); let dead = gc.allocate(8);
[0m[31m-        assert!(gc.set_references(root, vec![child])); assert!(gc.add_root(root)); assert_eq!(gc.collect(), 1);
[0m[32m+    #[test]
[0m[32m+    fn traces_transitive_references() {
[0m[32m+        let mut gc = GarbageCollector::new();
[0m[32m+        let root = gc.allocate(8);
[0m[32m+        let child = gc.allocate(8);
[0m[32m+        let dead = gc.allocate(8);
[0m[32m+        assert!(gc.set_references(root, vec![child]));
[0m[32m+        assert!(gc.add_root(root));
[0m[32m+        assert_eq!(gc.collect(), 1);
[0m         assert!(gc.contains(root) && gc.contains(child) && !gc.contains(dead));
[31m-        gc.remove_root(root); assert_eq!(gc.collect(), 2);
[0m[32m+        gc.remove_root(root);
[0m[32m+        assert_eq!(gc.collect(), 2);
[0m     }
 }
 
Diff in /data/data/com.termux/files/home/titan/crates/titan_hir/src/lib.rs:15:
 }
 
 pub fn lower_to_hir(program: &Program) -> HirProgram {
[31m-    let mut hir = HirProgram { functions: Vec::new(), structs: Vec::new(), enums: Vec::new() };
[0m[32m+    let mut hir = HirProgram {
[0m[32m+        functions: Vec::new(),
[0m[32m+        structs: Vec::new(),
[0m[32m+        enums: Vec::new(),
[0m[32m+    };
[0m     for item in &program.items {
         match item {
             Item::Function(f) => {
Diff in /data/data/com.termux/files/home/titan/crates/titan_hir/src/lib.rs:32:
     }
     hir
 }
[32m+
[0mDiff in /data/data/com.termux/files/home/titan/crates/titan_lexer/src/lib.rs:12:
 
 impl Span {
     pub const fn new(start: usize, end: usize, line: usize, column: usize) -> Self {
[31m-        Self { start, end, line, column }
[0m[32m+        Self {
[0m[32m+            start,
[0m[32m+            end,
[0m[32m+            line,
[0m[32m+            column,
[0m[32m+        }
[0m     }
 }
 
Diff in /data/data/com.termux/files/home/titan/crates/titan_lexer/src/lib.rs:19:
 #[derive(Debug, Clone, PartialEq)]
 pub enum TokenKind {
[31m-    Let, Mut, Fn, Return, If, Else, Match, For, While, Loop,
[0m[31m-    Break, Continue, In, Struct, Enum, Trait, Impl, Module, Import,
[0m[31m-    Pub, Const, Unsafe, Spawn, Go, True, False, Nil, Self_, As,
[0m[31m-    Plus, Minus, Star, Slash, Percent, Ampersand, Pipe, Caret, Tilde,
[0m[31m-    Bang, Question, PlusEq, MinusEq, StarEq, SlashEq, PercentEq,
[0m[31m-    ThinArrow, FatArrow, EqEq, NotEq, LtEq, GtEq, Lt, Gt, LazyAnd,
[0m[31m-    LazyOr, ColonColon, Eq, Range, RangeInclusive,
[0m[31m-    LParen, RParen, LBrace, RBrace, LBracket, RBracket,
[0m[31m-    Comma, Semicolon, Colon, Dot, Underscore,
[0m[31m-    IntLit(String), FloatLit(String), StringLit(String), CharLit(char),
[0m[31m-    Ident(String), Eof, Error(String),
[0m[32m+    Let,
[0m[32m+    Mut,
[0m[32m+    Fn,
[0m[32m+    Return,
[0m[32m+    If,
[0m[32m+    Else,
[0m[32m+    Match,
[0m[32m+    For,
[0m[32m+    While,
[0m[32m+    Loop,
[0m[32m+    Break,
[0m[32m+    Continue,
[0m[32m+    In,
[0m[32m+    Struct,
[0m[32m+    Enum,
[0m[32m+    Trait,
[0m[32m+    Impl,
[0m[32m+    Module,
[0m[32m+    Import,
[0m[32m+    Pub,
[0m[32m+    Const,
[0m[32m+    Unsafe,
[0m[32m+    Spawn,
[0m[32m+    Go,
[0m[32m+    True,
[0m[32m+    False,
[0m[32m+    Nil,
[0m[32m+    Self_,
[0m[32m+    As,
[0m[32m+    Plus,
[0m[32m+    Minus,
[0m[32m+    Star,
[0m[32m+    Slash,
[0m[32m+    Percent,
[0m[32m+    Ampersand,
[0m[32m+    Pipe,
[0m[32m+    Caret,
[0m[32m+    Tilde,
[0m[32m+    Bang,
[0m[32m+    Question,
[0m[32m+    PlusEq,
[0m[32m+    MinusEq,
[0m[32m+    StarEq,
[0m[32m+    SlashEq,
[0m[32m+    PercentEq,
[0m[32m+    ThinArrow,
[0m[32m+    FatArrow,
[0m[32m+    EqEq,
[0m[32m+    NotEq,
[0m[32m+    LtEq,
[0m[32m+    GtEq,
[0m[32m+    Lt,
[0m[32m+    Gt,
[0m[32m+    LazyAnd,
[0m[32m+    LazyOr,
[0m[32m+    ColonColon,
[0m[32m+    Eq,
[0m[32m+    Range,
[0m[32m+    RangeInclusive,
[0m[32m+    LParen,
[0m[32m+    RParen,
[0m[32m+    LBrace,
[0m[32m+    RBrace,
[0m[32m+    LBracket,
[0m[32m+    RBracket,
[0m[32m+    Comma,
[0m[32m+    Semicolon,
[0m[32m+    Colon,
[0m[32m+    Dot,
[0m[32m+    Underscore,
[0m[32m+    IntLit(String),
[0m[32m+    FloatLit(String),
[0m[32m+    StringLit(String),
[0m[32m+    CharLit(char),
[0m[32m+    Ident(String),
[0m[32m+    Eof,
[0m[32m+    Error(String),
[0m }
 
 #[derive(Debug, Clone, PartialEq)]
Diff in /data/data/com.termux/files/home/titan/crates/titan_lexer/src/lib.rs:44:
     #[error("unterminated character literal at {line}:{column}")]
     UnterminatedChar { line: usize, column: usize },
     #[error("invalid escape \\{escape} at {line}:{column}")]
[31m-    InvalidEscape { escape: char, line: usize, column: usize },
[0m[32m+    InvalidEscape {
[0m[32m+        escape: char,
[0m[32m+        line: usize,
[0m[32m+        column: usize,
[0m[32m+    },
[0m     #[error("invalid character '{character}' at {line}:{column}")]
[31m-    InvalidCharacter { character: char, line: usize, column: usize },
[0m[32m+    InvalidCharacter {
[0m[32m+        character: char,
[0m[32m+        line: usize,
[0m[32m+        column: usize,
[0m[32m+    },
[0m     #[error("unterminated block comment at {line}:{column}")]
     UnterminatedComment { line: usize, column: usize },
 }
Diff in /data/data/com.termux/files/home/titan/crates/titan_lexer/src/lib.rs:66:
         let mut byte_offsets: Vec<usize> = source.char_indices().map(|(i, _)| i).collect();
         byte_offsets.push(source.len());
         Self {
[31m-            source: source.chars().collect(), byte_offsets,
[0m[31m-            pos: 0, line: 1, col: 1, tokens: Vec::new(), errors: Vec::new(),
[0m[32m+            source: source.chars().collect(),
[0m[32m+            byte_offsets,
[0m[32m+            pos: 0,
[0m[32m+            line: 1,
[0m[32m+            col: 1,
[0m[32m+            tokens: Vec::new(),
[0m[32m+            errors: Vec::new(),
[0m         }
     }
 
Diff in /data/data/com.termux/files/home/titan/crates/titan_lexer/src/lib.rs:79:
         self.col = 1;
         while self.pos < self.source.len() {
             self.skip_trivia();
[31m-            if self.pos >= self.source.len() { break; }
[0m[32m+            if self.pos >= self.source.len() {
[0m[32m+                break;
[0m[32m+            }
[0m             let token = self.next_token();
             self.tokens.push(token);
         }
Diff in /data/data/com.termux/files/home/titan/crates/titan_lexer/src/lib.rs:86:
         let end = self.byte_offset(self.pos);
[31m-        self.tokens.push(Token { kind: TokenKind::Eof, span: Span::new(end, end, self.line, self.col) });
[0m[32m+        self.tokens.push(Token {
[0m[32m+            kind: TokenKind::Eof,
[0m[32m+            span: Span::new(end, end, self.line, self.col),
[0m[32m+        });
[0m         (&self.tokens, &self.errors)
     }
 
Diff in /data/data/com.termux/files/home/titan/crates/titan_lexer/src/lib.rs:91:
     fn skip_trivia(&mut self) {
         loop {
             while let Some(c) = self.peek() {
[31m-                if !c.is_whitespace() { break; }
[0m[32m+                if !c.is_whitespace() {
[0m[32m+                    break;
[0m[32m+                }
[0m                 self.advance();
             }
             if self.peek() == Some('/') && self.peek_n(1) == Some('/') {
Diff in /data/data/com.termux/files/home/titan/crates/titan_lexer/src/lib.rs:98:
[31m-                while self.peek().is_some() && self.peek() != Some('\n') { self.advance(); }
[0m[32m+                while self.peek().is_some() && self.peek() != Some('\n') {
[0m[32m+                    self.advance();
[0m[32m+                }
[0m                 continue;
             }
             if self.peek() == Some('/') && self.peek_n(1) == Some('*') {
Diff in /data/data/com.termux/files/home/titan/crates/titan_lexer/src/lib.rs:102:
                 let line = self.line;
                 let column = self.col;
[31m-                self.advance(); self.advance();
[0m[32m+                self.advance();
[0m[32m+                self.advance();
[0m                 let mut depth = 1usize;
                 while self.peek().is_some() && depth > 0 {
                     if self.peek() == Some('/') && self.peek_n(1) == Some('*') {
Diff in /data/data/com.termux/files/home/titan/crates/titan_lexer/src/lib.rs:108:
[31m-                        self.advance(); self.advance(); depth += 1;
[0m[32m+                        self.advance();
[0m[32m+                        self.advance();
[0m[32m+                        depth += 1;
[0m                     } else if self.peek() == Some('*') && self.peek_n(1) == Some('/') {
[31m-                        self.advance(); self.advance(); depth -= 1;
[0m[31m-                    } else { self.advance(); }
[0m[32m+                        self.advance();
[0m[32m+                        self.advance();
[0m[32m+                        depth -= 1;
[0m[32m+                    } else {
[0m[32m+                        self.advance();
[0m[32m+                    }
[0m                 }
[31m-                if depth != 0 { self.errors.push(LexerError::UnterminatedComment { line, column }); }
[0m[32m+                if depth != 0 {
[0m[32m+                    self.errors
[0m[32m+                        .push(LexerError::UnterminatedComment { line, column });
[0m[32m+                }
[0m                 continue;
             }
             break;
Diff in /data/data/com.termux/files/home/titan/crates/titan_lexer/src/lib.rs:124:
         let column = self.col;
         let c = self.advance().unwrap();
         let kind = match c {
[31m-            '+' => if self.eat('=') { TokenKind::PlusEq } else { TokenKind::Plus },
[0m[31m-            '-' => if self.eat('>') { TokenKind::ThinArrow } else if self.eat('=') { TokenKind::MinusEq } else { TokenKind::Minus },
[0m[31m-            '*' => if self.eat('=') { TokenKind::StarEq } else { TokenKind::Star },
[0m[31m-            '/' => if self.eat('=') { TokenKind::SlashEq } else { TokenKind::Slash },
[0m[31m-            '%' => if self.eat('=') { TokenKind::PercentEq } else { TokenKind::Percent },
[0m[31m-            '&' => if self.eat('&') { TokenKind::LazyAnd } else { TokenKind::Ampersand },
[0m[31m-            '|' => if self.eat('|') { TokenKind::LazyOr } else { TokenKind::Pipe },
[0m[32m+            '+' => {
[0m[32m+                if self.eat('=') {
[0m[32m+                    TokenKind::PlusEq
[0m[32m+                } else {
[0m[32m+                    TokenKind::Plus
[0m[32m+                }
[0m[32m+            }
[0m[32m+            '-' => {
[0m[32m+                if self.eat('>') {
[0m[32m+                    TokenKind::ThinArrow
[0m[32m+                } else if self.eat('=') {
[0m[32m+                    TokenKind::MinusEq
[0m[32m+                } else {
[0m[32m+                    TokenKind::Minus
[0m[32m+                }
[0m[32m+            }
[0m[32m+            '*' => {
[0m[32m+                if self.eat('=') {
[0m[32m+                    TokenKind::StarEq
[0m[32m+                } else {
[0m[32m+                    TokenKind::Star
[0m[32m+                }
[0m[32m+            }
[0m[32m+            '/' => {
[0m[32m+                if self.eat('=') {
[0m[32m+                    TokenKind::SlashEq
[0m[32m+                } else {
[0m[32m+                    TokenKind::Slash
[0m[32m+                }
[0m[32m+            }
[0m[32m+            '%' => {
[0m[32m+                if self.eat('=') {
[0m[32m+                    TokenKind::PercentEq
[0m[32m+                } else {
[0m[32m+                    TokenKind::Percent
[0m[32m+                }
[0m[32m+            }
[0m[32m+            '&' => {
[0m[32m+                if self.eat('&') {
[0m[32m+                    TokenKind::LazyAnd
[0m[32m+                } else {
[0m[32m+                    TokenKind::Ampersand
[0m[32m+                }
[0m[32m+            }
[0m[32m+            '|' => {
[0m[32m+                if self.eat('|') {
[0m[32m+                    TokenKind::LazyOr
[0m[32m+                } else {
[0m[32m+                    TokenKind::Pipe
[0m[32m+                }
[0m[32m+            }
[0m             '^' => TokenKind::Caret,
             '~' => TokenKind::Tilde,
             '?' => TokenKind::Question,
Diff in /data/data/com.termux/files/home/titan/crates/titan_lexer/src/lib.rs:137:
[31m-            '!' => if self.eat('=') { TokenKind::NotEq } else { TokenKind::Bang },
[0m[31m-            '=' => if self.eat('=') { TokenKind::EqEq } else if self.eat('>') { TokenKind::FatArrow } else { TokenKind::Eq },
[0m[31m-            '<' => if self.eat('=') { TokenKind::LtEq } else { TokenKind::Lt },
[0m[31m-            '>' => if self.eat('=') { TokenKind::GtEq } else { TokenKind::Gt },
[0m[31m-            '(' => TokenKind::LParen, ')' => TokenKind::RParen,
[0m[31m-            '{' => TokenKind::LBrace, '}' => TokenKind::RBrace,
[0m[31m-            '[' => TokenKind::LBracket, ']' => TokenKind::RBracket,
[0m[31m-            ',' => TokenKind::Comma, ';' => TokenKind::Semicolon,
[0m[31m-            ':' => if self.eat(':') { TokenKind::ColonColon } else { TokenKind::Colon },
[0m[31m-            '.' => if self.eat('.') { if self.eat('=') { TokenKind::RangeInclusive } else { TokenKind::Range } } else { TokenKind::Dot },
[0m[31m-            '_' => if self.peek().is_some_and(is_ident_continue) { self.lex_identifier(c) } else { TokenKind::Underscore },
[0m[32m+            '!' => {
[0m[32m+                if self.eat('=') {
[0m[32m+                    TokenKind::NotEq
[0m[32m+                } else {
[0m[32m+                    TokenKind::Bang
[0m[32m+                }
[0m[32m+            }
[0m[32m+            '=' => {
[0m[32m+                if self.eat('=') {
[0m[32m+                    TokenKind::EqEq
[0m[32m+                } else if self.eat('>') {
[0m[32m+                    TokenKind::FatArrow
[0m[32m+                } else {
[0m[32m+                    TokenKind::Eq
[0m[32m+                }
[0m[32m+            }
[0m[32m+            '<' => {
[0m[32m+                if self.eat('=') {
[0m[32m+                    TokenKind::LtEq
[0m[32m+                } else {
[0m[32m+                    TokenKind::Lt
[0m[32m+                }
[0m[32m+            }
[0m[32m+            '>' => {
[0m[32m+                if self.eat('=') {
[0m[32m+                    TokenKind::GtEq
[0m[32m+                } else {
[0m[32m+                    TokenKind::Gt
[0m[32m+                }
[0m[32m+            }
[0m[32m+            '(' => TokenKind::LParen,
[0m[32m+            ')' => TokenKind::RParen,
[0m[32m+            '{' => TokenKind::LBrace,
[0m[32m+            '}' => TokenKind::RBrace,
[0m[32m+            '[' => TokenKind::LBracket,
[0m[32m+            ']' => TokenKind::RBracket,
[0m[32m+            ',' => TokenKind::Comma,
[0m[32m+            ';' => TokenKind::Semicolon,
[0m[32m+            ':' => {
[0m[32m+                if self.eat(':') {
[0m[32m+                    TokenKind::ColonColon
[0m[32m+                } else {
[0m[32m+                    TokenKind::Colon
[0m[32m+                }
[0m[32m+            }
[0m[32m+            '.' => {
[0m[32m+                if self.eat('.') {
[0m[32m+                    if self.eat('=') {
[0m[32m+                        TokenKind::RangeInclusive
[0m[32m+                    } else {
[0m[32m+                        TokenKind::Range
[0m[32m+                    }
[0m[32m+                } else {
[0m[32m+                    TokenKind::Dot
[0m[32m+                }
[0m[32m+            }
[0m[32m+            '_' => {
[0m[32m+                if self.peek().is_some_and(is_ident_continue) {
[0m[32m+                    self.lex_identifier(c)
[0m[32m+                } else {
[0m[32m+                    TokenKind::Underscore
[0m[32m+                }
[0m[32m+            }
[0m             '"' => self.lex_string(line, column),
             '\'' => self.lex_char(line, column),
             '0'..='9' => self.lex_number(c),
Diff in /data/data/com.termux/files/home/titan/crates/titan_lexer/src/lib.rs:151:
             ch if is_ident_start(ch) => self.lex_identifier(ch),
             character => {
[31m-                self.errors.push(LexerError::InvalidCharacter { character, line, column });
[0m[32m+                self.errors.push(LexerError::InvalidCharacter {
[0m[32m+                    character,
[0m[32m+                    line,
[0m[32m+                    column,
[0m[32m+                });
[0m                 TokenKind::Error(character.to_string())
             }
         };
Diff in /data/data/com.termux/files/home/titan/crates/titan_lexer/src/lib.rs:157:
[31m-        Token { kind, span: Span::new(start, self.byte_offset(self.pos), line, column) }
[0m[32m+        Token {
[0m[32m+            kind,
[0m[32m+            span: Span::new(start, self.byte_offset(self.pos), line, column),
[0m[32m+        }
[0m     }
 
     fn lex_string(&mut self, line: usize, column: usize) -> TokenKind {
Diff in /data/data/com.termux/files/home/titan/crates/titan_lexer/src/lib.rs:161:
         let mut value = String::new();
         while let Some(c) = self.peek() {
             match c {
[31m-                '"' => { self.advance(); return TokenKind::StringLit(value); }
[0m[32m+                '"' => {
[0m[32m+                    self.advance();
[0m[32m+                    return TokenKind::StringLit(value);
[0m[32m+                }
[0m                 '\n' => {
[31m-                    self.errors.push(LexerError::UnterminatedString { line, column });
[0m[32m+                    self.errors
[0m[32m+                        .push(LexerError::UnterminatedString { line, column });
[0m                     return TokenKind::Error("unterminated string".into());
                 }
                 '\\' => {
Diff in /data/data/com.termux/files/home/titan/crates/titan_lexer/src/lib.rs:170:
                     self.advance();
                     match self.advance() {
[31m-                        Some('n') => value.push('\n'), Some('r') => value.push('\r'),
[0m[31m-                        Some('t') => value.push('\t'), Some('0') => value.push('\0'),
[0m[31m-                        Some('"') => value.push('"'), Some('\'') => value.push('\''),
[0m[32m+                        Some('n') => value.push('\n'),
[0m[32m+                        Some('r') => value.push('\r'),
[0m[32m+                        Some('t') => value.push('\t'),
[0m[32m+                        Some('0') => value.push('\0'),
[0m[32m+                        Some('"') => value.push('"'),
[0m[32m+                        Some('\'') => value.push('\''),
[0m                         Some('\\') => value.push('\\'),
                         Some(escape) => {
[31m-                            self.errors.push(LexerError::InvalidEscape { escape, line: self.line, column: self.col.saturating_sub(1) });
[0m[32m+                            self.errors.push(LexerError::InvalidEscape {
[0m[32m+                                escape,
[0m[32m+                                line: self.line,
[0m[32m+                                column: self.col.saturating_sub(1),
[0m[32m+                            });
[0m                             value.push(escape);
                         }
                         None => break,
Diff in /data/data/com.termux/files/home/titan/crates/titan_lexer/src/lib.rs:181:
                     }
                 }
[31m-                _ => { value.push(c); self.advance(); }
[0m[32m+                _ => {
[0m[32m+                    value.push(c);
[0m[32m+                    self.advance();
[0m[32m+                }
[0m             }
         }
[31m-        self.errors.push(LexerError::UnterminatedString { line, column });
[0m[32m+        self.errors
[0m[32m+            .push(LexerError::UnterminatedString { line, column });
[0m         TokenKind::Error("unterminated string".into())
     }
 
Diff in /data/data/com.termux/files/home/titan/crates/titan_lexer/src/lib.rs:190:
     fn lex_char(&mut self, line: usize, column: usize) -> TokenKind {
         let value = match self.advance() {
             Some('\\') => match self.advance() {
[31m-                Some('n') => '\n', Some('r') => '\r', Some('t') => '\t',
[0m[31m-                Some('0') => '\0', Some('\\') => '\\', Some('\'') => '\'',
[0m[32m+                Some('n') => '\n',
[0m[32m+                Some('r') => '\r',
[0m[32m+                Some('t') => '\t',
[0m[32m+                Some('0') => '\0',
[0m[32m+                Some('\\') => '\\',
[0m[32m+                Some('\'') => '\'',
[0m                 Some(escape) => {
[31m-                    self.errors.push(LexerError::InvalidEscape { escape, line, column });
[0m[32m+                    self.errors.push(LexerError::InvalidEscape {
[0m[32m+                        escape,
[0m[32m+                        line,
[0m[32m+                        column,
[0m[32m+                    });
[0m                     escape
                 }
                 None => {
Diff in /data/data/com.termux/files/home/titan/crates/titan_lexer/src/lib.rs:200:
[31m-                    self.errors.push(LexerError::UnterminatedChar { line, column });
[0m[32m+                    self.errors
[0m[32m+                        .push(LexerError::UnterminatedChar { line, column });
[0m                     return TokenKind::Error("unterminated character".into());
                 }
             },
Diff in /data/data/com.termux/files/home/titan/crates/titan_lexer/src/lib.rs:204:
             Some('\'') | Some('\n') | None => {
[31m-                self.errors.push(LexerError::UnterminatedChar { line, column });
[0m[32m+                self.errors
[0m[32m+                    .push(LexerError::UnterminatedChar { line, column });
[0m                 return TokenKind::Error("invalid character literal".into());
             }
             Some(c) => c,
Diff in /data/data/com.termux/files/home/titan/crates/titan_lexer/src/lib.rs:209:
         };
         if !self.eat('\'') {
[31m-            self.errors.push(LexerError::UnterminatedChar { line, column });
[0m[32m+            self.errors
[0m[32m+                .push(LexerError::UnterminatedChar { line, column });
[0m             return TokenKind::Error("unterminated character".into());
         }
         TokenKind::CharLit(value)
Diff in /data/data/com.termux/files/home/titan/crates/titan_lexer/src/lib.rs:216:
 
     fn lex_number(&mut self, first: char) -> TokenKind {
         let mut number = String::from(first);
[31m-        while self.peek().is_some_and(|c| c.is_ascii_digit() || c == '_') { number.push(self.advance().unwrap()); }
[0m[31m-        let is_float = self.peek() == Some('.') && self.peek_n(1).is_some_and(|c| c.is_ascii_digit());
[0m[32m+        while self.peek().is_some_and(|c| c.is_ascii_digit() || c == '_') {
[0m[32m+            number.push(self.advance().unwrap());
[0m[32m+        }
[0m[32m+        let is_float =
[0m[32m+            self.peek() == Some('.') && self.peek_n(1).is_some_and(|c| c.is_ascii_digit());
[0m         if is_float {
             number.push(self.advance().unwrap());
[31m-            while self.peek().is_some_and(|c| c.is_ascii_digit() || c == '_') { number.push(self.advance().unwrap()); }
[0m[32m+            while self.peek().is_some_and(|c| c.is_ascii_digit() || c == '_') {
[0m[32m+                number.push(self.advance().unwrap());
[0m[32m+            }
[0m         }
         if matches!(self.peek(), Some('e' | 'E')) {
             number.push(self.advance().unwrap());
Diff in /data/data/com.termux/files/home/titan/crates/titan_lexer/src/lib.rs:227:
[31m-            if matches!(self.peek(), Some('+' | '-')) { number.push(self.advance().unwrap()); }
[0m[31m-            while self.peek().is_some_and(|c| c.is_ascii_digit() || c == '_') { number.push(self.advance().unwrap()); }
[0m[32m+            if matches!(self.peek(), Some('+' | '-')) {
[0m[32m+                number.push(self.advance().unwrap());
[0m[32m+            }
[0m[32m+            while self.peek().is_some_and(|c| c.is_ascii_digit() || c == '_') {
[0m[32m+                number.push(self.advance().unwrap());
[0m[32m+            }
[0m             return TokenKind::FloatLit(number);
         }
[31m-        if is_float { TokenKind::FloatLit(number) } else { TokenKind::IntLit(number) }
[0m[32m+        if is_float {
[0m[32m+            TokenKind::FloatLit(number)
[0m[32m+        } else {
[0m[32m+            TokenKind::IntLit(number)
[0m[32m+        }
[0m     }
 
     fn lex_identifier(&mut self, first: char) -> TokenKind {
Diff in /data/data/com.termux/files/home/titan/crates/titan_lexer/src/lib.rs:235:
         let mut ident = String::from(first);
[31m-        while self.peek().is_some_and(is_ident_continue) { ident.push(self.advance().unwrap()); }
[0m[32m+        while self.peek().is_some_and(is_ident_continue) {
[0m[32m+            ident.push(self.advance().unwrap());
[0m[32m+        }
[0m         match ident.as_str() {
[31m-            "let" => TokenKind::Let, "mut" => TokenKind::Mut, "fn" => TokenKind::Fn,
[0m[31m-            "return" => TokenKind::Return, "if" => TokenKind::If, "else" => TokenKind::Else,
[0m[31m-            "match" => TokenKind::Match, "for" => TokenKind::For, "while" => TokenKind::While,
[0m[31m-            "loop" => TokenKind::Loop, "break" => TokenKind::Break, "continue" => TokenKind::Continue,
[0m[31m-            "in" => TokenKind::In, "struct" => TokenKind::Struct, "enum" => TokenKind::Enum,
[0m[31m-            "trait" => TokenKind::Trait, "impl" => TokenKind::Impl, "mod" => TokenKind::Module,
[0m[31m-            "import" => TokenKind::Import, "pub" => TokenKind::Pub, "const" => TokenKind::Const,
[0m[31m-            "unsafe" => TokenKind::Unsafe, "spawn" => TokenKind::Spawn, "go" => TokenKind::Go,
[0m[31m-            "true" => TokenKind::True, "false" => TokenKind::False, "nil" => TokenKind::Nil,
[0m[31m-            "self" => TokenKind::Self_, "as" => TokenKind::As,
[0m[32m+            "let" => TokenKind::Let,
[0m[32m+            "mut" => TokenKind::Mut,
[0m[32m+            "fn" => TokenKind::Fn,
[0m[32m+            "return" => TokenKind::Return,
[0m[32m+            "if" => TokenKind::If,
[0m[32m+            "else" => TokenKind::Else,
[0m[32m+            "match" => TokenKind::Match,
[0m[32m+            "for" => TokenKind::For,
[0m[32m+            "while" => TokenKind::While,
[0m[32m+            "loop" => TokenKind::Loop,
[0m[32m+            "break" => TokenKind::Break,
[0m[32m+            "continue" => TokenKind::Continue,
[0m[32m+            "in" => TokenKind::In,
[0m[32m+            "struct" => TokenKind::Struct,
[0m[32m+            "enum" => TokenKind::Enum,
[0m[32m+            "trait" => TokenKind::Trait,
[0m[32m+            "impl" => TokenKind::Impl,
[0m[32m+            "mod" => TokenKind::Module,
[0m[32m+            "import" => TokenKind::Import,
[0m[32m+            "pub" => TokenKind::Pub,
[0m[32m+            "const" => TokenKind::Const,
[0m[32m+            "unsafe" => TokenKind::Unsafe,
[0m[32m+            "spawn" => TokenKind::Spawn,
[0m[32m+            "go" => TokenKind::Go,
[0m[32m+            "true" => TokenKind::True,
[0m[32m+            "false" => TokenKind::False,
[0m[32m+            "nil" => TokenKind::Nil,
[0m[32m+            "self" => TokenKind::Self_,
[0m[32m+            "as" => TokenKind::As,
[0m             _ => TokenKind::Ident(ident),
         }
     }
Diff in /data/data/com.termux/files/home/titan/crates/titan_lexer/src/lib.rs:251:
 
[31m-    fn peek(&self) -> Option<char> { self.source.get(self.pos).copied() }
[0m[31m-    fn peek_n(&self, n: usize) -> Option<char> { self.source.get(self.pos + n).copied() }
[0m[31m-    fn byte_offset(&self, char_pos: usize) -> usize { self.byte_offsets[char_pos.min(self.byte_offsets.len() - 1)] }
[0m[32m+    fn peek(&self) -> Option<char> {
[0m[32m+        self.source.get(self.pos).copied()
[0m[32m+    }
[0m[32m+    fn peek_n(&self, n: usize) -> Option<char> {
[0m[32m+        self.source.get(self.pos + n).copied()
[0m[32m+    }
[0m[32m+    fn byte_offset(&self, char_pos: usize) -> usize {
[0m[32m+        self.byte_offsets[char_pos.min(self.byte_offsets.len() - 1)]
[0m[32m+    }
[0m     fn advance(&mut self) -> Option<char> {
         let c = self.peek()?;
         self.pos += 1;
Diff in /data/data/com.termux/files/home/titan/crates/titan_lexer/src/lib.rs:258:
[31m-        if c == '\n' { self.line += 1; self.col = 1; } else { self.col += 1; }
[0m[32m+        if c == '\n' {
[0m[32m+            self.line += 1;
[0m[32m+            self.col = 1;
[0m[32m+        } else {
[0m[32m+            self.col += 1;
[0m[32m+        }
[0m         Some(c)
     }
     fn eat(&mut self, expected: char) -> bool {
Diff in /data/data/com.termux/files/home/titan/crates/titan_lexer/src/lib.rs:262:
[31m-        if self.peek() == Some(expected) { self.advance(); true } else { false }
[0m[32m+        if self.peek() == Some(expected) {
[0m[32m+            self.advance();
[0m[32m+            true
[0m[32m+        } else {
[0m[32m+            false
[0m[32m+        }
[0m     }
 }
 
Diff in /data/data/com.termux/files/home/titan/crates/titan_lexer/src/lib.rs:266:
[31m-fn is_ident_start(c: char) -> bool { c == '_' || c.is_alphabetic() }
[0m[31m-fn is_ident_continue(c: char) -> bool { c == '_' || c.is_alphanumeric() }
[0m[32m+fn is_ident_start(c: char) -> bool {
[0m[32m+    c == '_' || c.is_alphabetic()
[0m[32m+}
[0m[32m+fn is_ident_continue(c: char) -> bool {
[0m[32m+    c == '_' || c.is_alphanumeric()
[0m[32m+}
[0m 
 #[cfg(test)]
 mod tests {
Diff in /data/data/com.termux/files/home/titan/crates/titan_lsp/src/lib.rs:3:
 //! Transport (stdio/JSON-RPC) is intentionally kept outside this crate; this
 //! type owns documents and returns stable diagnostics with source locations.
 
[31m-use std::collections::HashMap;
[0m use serde::{Deserialize, Serialize};
[32m+use std::collections::HashMap;
[0m 
 #[derive(Debug, Clone, PartialEq, Eq, Serialize, Deserialize)]
 pub struct Diagnostic {
Diff in /data/data/com.termux/files/home/titan/crates/titan_lsp/src/lib.rs:15:
 }
 
 #[derive(Debug, Clone, Copy, PartialEq, Eq, Serialize, Deserialize)]
[31m-pub enum DiagnosticSeverity { Error, Warning }
[0m[32m+pub enum DiagnosticSeverity {
[0m[32m+    Error,
[0m[32m+    Warning,
[0m[32m+}
[0m 
[31m-pub struct TitanLsp { documents: HashMap<String, String> }
[0m[32m+pub struct TitanLsp {
[0m[32m+    documents: HashMap<String, String>,
[0m[32m+}
[0m 
 impl TitanLsp {
[31m-    pub fn new() -> Self { Self { documents: HashMap::new() } }
[0m[31m-    pub fn open_document(&mut self, uri: &str, text: &str) { self.documents.insert(uri.into(), text.into()); }
[0m[31m-    pub fn update_document(&mut self, uri: &str, text: &str) { self.open_document(uri, text); }
[0m[31m-    pub fn close_document(&mut self, uri: &str) { self.documents.remove(uri); }
[0m[32m+    pub fn new() -> Self {
[0m[32m+        Self {
[0m[32m+            documents: HashMap::new(),
[0m[32m+        }
[0m[32m+    }
[0m[32m+    pub fn open_document(&mut self, uri: &str, text: &str) {
[0m[32m+        self.documents.insert(uri.into(), text.into());
[0m[32m+    }
[0m[32m+    pub fn update_document(&mut self, uri: &str, text: &str) {
[0m[32m+        self.open_document(uri, text);
[0m[32m+    }
[0m[32m+    pub fn close_document(&mut self, uri: &str) {
[0m[32m+        self.documents.remove(uri);
[0m[32m+    }
[0m 
     pub fn analyze(&self, uri: &str) -> Vec<Diagnostic> {
[31m-        let Some(source) = self.documents.get(uri) else { return Vec::new() };
[0m[32m+        let Some(source) = self.documents.get(uri) else {
[0m[32m+            return Vec::new();
[0m[32m+        };
[0m         let mut lexer = titan_lexer::Lexer::new(source);
         let (tokens, lexer_errors) = lexer.tokenize();
[31m-        let mut diagnostics: Vec<_> = lexer_errors.iter().map(|error| Diagnostic {
[0m[31m-            line: 0, column: 0, severity: DiagnosticSeverity::Error, message: error.to_string(),
[0m[31m-        }).collect();
[0m[32m+        let mut diagnostics: Vec<_> = lexer_errors
[0m[32m+            .iter()
[0m[32m+            .map(|error| Diagnostic {
[0m[32m+                line: 0,
[0m[32m+                column: 0,
[0m[32m+                severity: DiagnosticSeverity::Error,
[0m[32m+                message: error.to_string(),
[0m[32m+            })
[0m[32m+            .collect();
[0m         if lexer_errors.is_empty() {
             let mut parser = titan_parser::Parser::new(tokens.to_vec());
             match parser.parse_program() {
Diff in /data/data/com.termux/files/home/titan/crates/titan_lsp/src/lib.rs:38:
                 Ok(program) => {
                     let mut types = titan_typechecker::TypeEnv::new();
                     if let Err(errors) = types.check_program(&program) {
[31m-                        diagnostics.extend(errors.into_iter().map(|error| Diagnostic { line: 0, column: 0, severity: DiagnosticSeverity::Error, message: error.to_string() }));
[0m[32m+                        diagnostics.extend(errors.into_iter().map(|error| Diagnostic {
[0m[32m+                            line: 0,
[0m[32m+                            column: 0,
[0m[32m+                            severity: DiagnosticSeverity::Error,
[0m[32m+                            message: error.to_string(),
[0m[32m+                        }));
[0m                     }
                 }
[31m-                Err(_) => diagnostics.extend(parser.errors().iter().map(|error| Diagnostic { line: 0, column: 0, severity: DiagnosticSeverity::Error, message: error.to_string() })),
[0m[32m+                Err(_) => diagnostics.extend(parser.errors().iter().map(|error| Diagnostic {
[0m[32m+                    line: 0,
[0m[32m+                    column: 0,
[0m[32m+                    severity: DiagnosticSeverity::Error,
[0m[32m+                    message: error.to_string(),
[0m[32m+                })),
[0m             }
         }
         diagnostics
Diff in /data/data/com.termux/files/home/titan/crates/titan_lsp/src/lib.rs:48:
     }
 }
 
[31m-impl Default for TitanLsp { fn default() -> Self { Self::new() } }
[0m[32m+impl Default for TitanLsp {
[0m[32m+    fn default() -> Self {
[0m[32m+        Self::new()
[0m[32m+    }
[0m[32m+}
[0m 
 #[cfg(test)]
 mod tests {
Diff in /data/data/com.termux/files/home/titan/crates/titan_lsp/src/lib.rs:55:
     use super::*;
[31m-    #[test] fn reports_invalid_document() { let mut lsp = TitanLsp::new(); lsp.open_document("file:///x.titan", "fn main( {"); assert!(!lsp.analyze("file:///x.titan").is_empty()); }
[0m[32m+    #[test]
[0m[32m+    fn reports_invalid_document() {
[0m[32m+        let mut lsp = TitanLsp::new();
[0m[32m+        lsp.open_document("file:///x.titan", "fn main( {");
[0m[32m+        assert!(!lsp.analyze("file:///x.titan").is_empty());
[0m[32m+    }
[0m }
 
Diff in /data/data/com.termux/files/home/titan/crates/titan_macros/src/lib.rs:7:
 
 impl MacroRegistry {
     pub fn new() -> Self {
[31m-        MacroRegistry { macros: std::collections::HashMap::new() }
[0m[32m+        MacroRegistry {
[0m[32m+            macros: std::collections::HashMap::new(),
[0m[32m+        }
[0m     }
     pub fn register(&mut self, name: &str, body: &str) {
         self.macros.insert(name.to_string(), body.to_string());
Diff in /data/data/com.termux/files/home/titan/crates/titan_macros/src/lib.rs:18:
 }
 
 impl Default for MacroRegistry {
[31m-    fn default() -> Self { Self::new() }
[0m[32m+    fn default() -> Self {
[0m[32m+        Self::new()
[0m[32m+    }
[0m }
[32m+
[0mDiff in /data/data/com.termux/files/home/titan/crates/titan_mir/src/lib.rs:18:
 }
 
 pub enum MirInst {
[31m-    Move { dst: usize, src: MirOperand },
[0m[31m-    BinOp { dst: usize, op: BinOp, lhs: MirOperand, rhs: MirOperand },
[0m[32m+    Move {
[0m[32m+        dst: usize,
[0m[32m+        src: MirOperand,
[0m[32m+    },
[0m[32m+    BinOp {
[0m[32m+        dst: usize,
[0m[32m+        op: BinOp,
[0m[32m+        lhs: MirOperand,
[0m[32m+        rhs: MirOperand,
[0m[32m+    },
[0m     Ret(Option<MirOperand>),
     Jump(usize),
     Comment(String),
Diff in /data/data/com.termux/files/home/titan/crates/titan_mir/src/lib.rs:39:
 }
 
 pub enum BinOp {
[31m-    Add, Sub, Mul, Div, Eq, Neq, Lt, Gt,
[0m[32m+    Add,
[0m[32m+    Sub,
[0m[32m+    Mul,
[0m[32m+    Div,
[0m[32m+    Eq,
[0m[32m+    Neq,
[0m[32m+    Lt,
[0m[32m+    Gt,
[0m }
 
 pub fn lower_hir_to_mir(_hir: &HirProgram) -> MirModule {
Diff in /data/data/com.termux/files/home/titan/crates/titan_mir/src/lib.rs:46:
[31m-    MirModule { functions: Vec::new() }
[0m[32m+    MirModule {
[0m[32m+        functions: Vec::new(),
[0m[32m+    }
[0m }
[32m+
[0mDiff in /data/data/com.termux/files/home/titan/crates/titan_parser/src/lib.rs:7:
 #[derive(Error, Debug, Clone, PartialEq)]
 pub enum ParseError {
     #[error("expected {expected}, found {found} at {line}:{column}")]
[31m-    Expected { expected: String, found: String, line: usize, column: usize },
[0m[32m+    Expected {
[0m[32m+        expected: String,
[0m[32m+        found: String,
[0m[32m+        line: usize,
[0m[32m+        column: usize,
[0m[32m+    },
[0m     #[error("{message} at {line}:{column}")]
[31m-    Message { message: String, line: usize, column: usize },
[0m[32m+    Message {
[0m[32m+        message: String,
[0m[32m+        line: usize,
[0m[32m+        column: usize,
[0m[32m+    },
[0m }
 
 pub type Result<T> = std::result::Result<T, ParseError>;
Diff in /data/data/com.termux/files/home/titan/crates/titan_parser/src/lib.rs:21:
 }
 
 impl Parser {
[31m-    pub fn new(tokens: Vec<Token>) -> Self { Self { tokens, pos: 0, errors: Vec::new() } }
[0m[31m-    pub fn errors(&self) -> &[ParseError] { &self.errors }
[0m[32m+    pub fn new(tokens: Vec<Token>) -> Self {
[0m[32m+        Self {
[0m[32m+            tokens,
[0m[32m+            pos: 0,
[0m[32m+            errors: Vec::new(),
[0m[32m+        }
[0m[32m+    }
[0m[32m+    pub fn errors(&self) -> &[ParseError] {
[0m[32m+        &self.errors
[0m[32m+    }
[0m 
     pub fn parse_program(&mut self) -> Result<Program> {
         let mut items = Vec::new();
Diff in /data/data/com.termux/files/home/titan/crates/titan_parser/src/lib.rs:35:
                 }
             }
         }
[31m-        if let Some(error) = self.errors.first().cloned() { Err(error) } else { Ok(Program { items }) }
[0m[32m+        if let Some(error) = self.errors.first().cloned() {
[0m[32m+            Err(error)
[0m[32m+        } else {
[0m[32m+            Ok(Program { items })
[0m[32m+        }
[0m     }
 
     fn parse_item(&mut self) -> Result<Item> {
Diff in /data/data/com.termux/files/home/titan/crates/titan_parser/src/lib.rs:49:
             Some(TokenKind::Module) => self.parse_module().map(Item::Module),
             Some(TokenKind::Import) => self.parse_import().map(Item::Import),
             Some(TokenKind::Const) => self.parse_const().map(Item::Const),
[31m-            _ => Err(self.expected("a declaration (fn, struct, enum, trait, impl, mod, import or const)")),
[0m[32m+            _ => Err(self
[0m[32m+                .expected("a declaration (fn, struct, enum, trait, impl, mod, import or const)")),
[0m         }
     }
 
Diff in /data/data/com.termux/files/home/titan/crates/titan_parser/src/lib.rs:61:
         while !self.at(TokenKind::RParen) {
             let pspan = self.span();
             self.eat(TokenKind::Mut);
[31m-            let pname = if self.eat(TokenKind::Self_) { "self".into() } else { self.expect_ident()? };
[0m[31m-            let type_ann = if self.eat(TokenKind::Colon) { Some(self.parse_type()?) } else { None };
[0m[31m-            let default = if self.eat(TokenKind::Eq) { Some(Box::new(self.parse_expr()?)) } else { None };
[0m[31m-            params.push(Param { name: pname, type_ann, default, span: pspan });
[0m[31m-            if !self.eat(TokenKind::Comma) { break; }
[0m[32m+            let pname = if self.eat(TokenKind::Self_) {
[0m[32m+                "self".into()
[0m[32m+            } else {
[0m[32m+                self.expect_ident()?
[0m[32m+            };
[0m[32m+            let type_ann = if self.eat(TokenKind::Colon) {
[0m[32m+                Some(self.parse_type()?)
[0m[32m+            } else {
[0m[32m+                None
[0m[32m+            };
[0m[32m+            let default = if self.eat(TokenKind::Eq) {
[0m[32m+                Some(Box::new(self.parse_expr()?))
[0m[32m+            } else {
[0m[32m+                None
[0m[32m+            };
[0m[32m+            params.push(Param {
[0m[32m+                name: pname,
[0m[32m+                type_ann,
[0m[32m+                default,
[0m[32m+                span: pspan,
[0m[32m+            });
[0m[32m+            if !self.eat(TokenKind::Comma) {
[0m[32m+                break;
[0m[32m+            }
[0m         }
         self.expect(TokenKind::RParen)?;
[31m-        let return_type = if self.eat(TokenKind::ThinArrow) { Some(self.parse_type()?) } else { None };
[0m[31m-        let body = if self.eat(TokenKind::Semicolon) { None } else {
[0m[32m+        let return_type = if self.eat(TokenKind::ThinArrow) {
[0m[32m+            Some(self.parse_type()?)
[0m[32m+        } else {
[0m[32m+            None
[0m[32m+        };
[0m[32m+        let body = if self.eat(TokenKind::Semicolon) {
[0m[32m+            None
[0m[32m+        } else {
[0m             self.expect(TokenKind::LBrace)?;
             Some(self.parse_block_after_open(start)?)
         };
Diff in /data/data/com.termux/files/home/titan/crates/titan_parser/src/lib.rs:76:
[31m-        Ok(FunctionDecl { name, params, return_type, body, span: start })
[0m[32m+        Ok(FunctionDecl {
[0m[32m+            name,
[0m[32m+            params,
[0m[32m+            return_type,
[0m[32m+            body,
[0m[32m+            span: start,
[0m[32m+        })
[0m     }
 
     fn parse_struct(&mut self) -> Result<StructDecl> {
Diff in /data/data/com.termux/files/home/titan/crates/titan_parser/src/lib.rs:87:
             let field_name = self.expect_ident()?;
             self.expect(TokenKind::Colon)?;
             let type_ann = self.parse_type()?;
[31m-            fields.push(StructField { name: field_name, type_ann, span: fspan });
[0m[31m-            if !self.eat(TokenKind::Comma) { self.eat(TokenKind::Semicolon); }
[0m[32m+            fields.push(StructField {
[0m[32m+                name: field_name,
[0m[32m+                type_ann,
[0m[32m+                span: fspan,
[0m[32m+            });
[0m[32m+            if !self.eat(TokenKind::Comma) {
[0m[32m+                self.eat(TokenKind::Semicolon);
[0m[32m+            }
[0m         }
         self.expect(TokenKind::RBrace)?;
         Ok(StructDecl { name, fields, span })
Diff in /data/data/com.termux/files/home/titan/crates/titan_parser/src/lib.rs:106:
                 let ty = self.parse_type()?;
                 self.expect(TokenKind::RParen)?;
                 Some(ty)
[31m-            } else { None };
[0m[31m-            variants.push(EnumVariant { name: variant, payload, span: vspan });
[0m[31m-            if !self.eat(TokenKind::Comma) { self.eat(TokenKind::Semicolon); }
[0m[32m+            } else {
[0m[32m+                None
[0m[32m+            };
[0m[32m+            variants.push(EnumVariant {
[0m[32m+                name: variant,
[0m[32m+                payload,
[0m[32m+                span: vspan,
[0m[32m+            });
[0m[32m+            if !self.eat(TokenKind::Comma) {
[0m[32m+                self.eat(TokenKind::Semicolon);
[0m[32m+            }
[0m         }
         self.expect(TokenKind::RBrace)?;
[31m-        Ok(EnumDecl { name, variants, span })
[0m[32m+        Ok(EnumDecl {
[0m[32m+            name,
[0m[32m+            variants,
[0m[32m+            span,
[0m[32m+        })
[0m     }
 
     fn parse_trait(&mut self) -> Result<TraitDecl> {
Diff in /data/data/com.termux/files/home/titan/crates/titan_parser/src/lib.rs:121:
         let mut methods = Vec::new();
         while !self.at(TokenKind::RBrace) {
             let function = self.parse_function()?;
[31m-            methods.push(TraitMethod { name: function.name, params: function.params, return_type: function.return_type, span: function.span });
[0m[32m+            methods.push(TraitMethod {
[0m[32m+                name: function.name,
[0m[32m+                params: function.params,
[0m[32m+                return_type: function.return_type,
[0m[32m+                span: function.span,
[0m[32m+            });
[0m         }
         self.expect(TokenKind::RBrace)?;
[31m-        Ok(TraitDecl { name, methods, span })
[0m[32m+        Ok(TraitDecl {
[0m[32m+            name,
[0m[32m+            methods,
[0m[32m+            span,
[0m[32m+        })
[0m     }
 
     fn parse_impl(&mut self) -> Result<ImplBlock> {
Diff in /data/data/com.termux/files/home/titan/crates/titan_parser/src/lib.rs:131:
         let span = self.expect(TokenKind::Impl)?;
         let first = self.parse_type()?;
         let (trait_name, target_type) = if self.eat(TokenKind::For) {
[31m-            let trait_name = match first { TypeExpr::Named { name, .. } => Some(name), _ => return Err(self.message("trait name must be a named type")) };
[0m[32m+            let trait_name = match first {
[0m[32m+                TypeExpr::Named { name, .. } => Some(name),
[0m[32m+                _ => return Err(self.message("trait name must be a named type")),
[0m[32m+            };
[0m             (trait_name, self.parse_type()?)
[31m-        } else { (None, first) };
[0m[32m+        } else {
[0m[32m+            (None, first)
[0m[32m+        };
[0m         self.expect(TokenKind::LBrace)?;
         let mut methods = Vec::new();
[31m-        while !self.at(TokenKind::RBrace) { methods.push(self.parse_function()?); }
[0m[32m+        while !self.at(TokenKind::RBrace) {
[0m[32m+            methods.push(self.parse_function()?);
[0m[32m+        }
[0m         self.expect(TokenKind::RBrace)?;
[31m-        Ok(ImplBlock { trait_name, target_type, methods, span })
[0m[32m+        Ok(ImplBlock {
[0m[32m+            trait_name,
[0m[32m+            target_type,
[0m[32m+            methods,
[0m[32m+            span,
[0m[32m+        })
[0m     }
 
     fn parse_module(&mut self) -> Result<ModuleDecl> {
Diff in /data/data/com.termux/files/home/titan/crates/titan_parser/src/lib.rs:146:
         let name = self.expect_ident()?;
         self.expect(TokenKind::LBrace)?;
         let mut items = Vec::new();
[31m-        while !self.at(TokenKind::RBrace) { items.push(self.parse_item()?); }
[0m[32m+        while !self.at(TokenKind::RBrace) {
[0m[32m+            items.push(self.parse_item()?);
[0m[32m+        }
[0m         self.expect(TokenKind::RBrace)?;
         Ok(ModuleDecl { name, items, span })
     }
Diff in /data/data/com.termux/files/home/titan/crates/titan_parser/src/lib.rs:154:
     fn parse_import(&mut self) -> Result<ImportDecl> {
         let span = self.expect(TokenKind::Import)?;
         let mut path = vec![self.expect_ident()?];
[31m-        while self.eat(TokenKind::ColonColon) { path.push(self.expect_ident()?); }
[0m[32m+        while self.eat(TokenKind::ColonColon) {
[0m[32m+            path.push(self.expect_ident()?);
[0m[32m+        }
[0m         self.eat(TokenKind::Semicolon);
         Ok(ImportDecl { path, span })
     }
Diff in /data/data/com.termux/files/home/titan/crates/titan_parser/src/lib.rs:162:
     fn parse_const(&mut self) -> Result<ConstDecl> {
         let span = self.expect(TokenKind::Const)?;
         let name = self.expect_ident()?;
[31m-        let type_ann = if self.eat(TokenKind::Colon) { Some(self.parse_type()?) } else { None };
[0m[32m+        let type_ann = if self.eat(TokenKind::Colon) {
[0m[32m+            Some(self.parse_type()?)
[0m[32m+        } else {
[0m[32m+            None
[0m[32m+        };
[0m         self.expect(TokenKind::Eq)?;
         let value = Box::new(self.parse_expr()?);
         self.eat(TokenKind::Semicolon);
Diff in /data/data/com.termux/files/home/titan/crates/titan_parser/src/lib.rs:169:
[31m-        Ok(ConstDecl { name, type_ann, value, span })
[0m[32m+        Ok(ConstDecl {
[0m[32m+            name,
[0m[32m+            type_ann,
[0m[32m+            value,
[0m[32m+            span,
[0m[32m+        })
[0m     }
 
     fn parse_type(&mut self) -> Result<TypeExpr> {
Diff in /data/data/com.termux/files/home/titan/crates/titan_parser/src/lib.rs:173:
[31m-        if self.eat(TokenKind::Bang) { return Ok(TypeExpr::Never); }
[0m[32m+        if self.eat(TokenKind::Bang) {
[0m[32m+            return Ok(TypeExpr::Never);
[0m[32m+        }
[0m         if self.eat(TokenKind::Ampersand) {
             let is_mut = self.eat(TokenKind::Mut);
[31m-            return Ok(TypeExpr::Reference { inner: Box::new(self.parse_type()?), is_mut });
[0m[32m+            return Ok(TypeExpr::Reference {
[0m[32m+                inner: Box::new(self.parse_type()?),
[0m[32m+                is_mut,
[0m[32m+            });
[0m         }
         if self.eat(TokenKind::LBracket) {
             let inner = Box::new(self.parse_type()?);
Diff in /data/data/com.termux/files/home/titan/crates/titan_parser/src/lib.rs:186:
             return Ok(TypeExpr::Slice { inner });
         }
         if self.eat(TokenKind::LParen) {
[31m-            if self.eat(TokenKind::RParen) { return Ok(TypeExpr::Unit); }
[0m[32m+            if self.eat(TokenKind::RParen) {
[0m[32m+                return Ok(TypeExpr::Unit);
[0m[32m+            }
[0m             let mut elements = vec![self.parse_type()?];
[31m-            while self.eat(TokenKind::Comma) { if self.at(TokenKind::RParen) { break; } elements.push(self.parse_type()?); }
[0m[32m+            while self.eat(TokenKind::Comma) {
[0m[32m+                if self.at(TokenKind::RParen) {
[0m[32m+                    break;
[0m[32m+                }
[0m[32m+                elements.push(self.parse_type()?);
[0m[32m+            }
[0m             self.expect(TokenKind::RParen)?;
             return Ok(TypeExpr::Tuple { elements });
         }
Diff in /data/data/com.termux/files/home/titan/crates/titan_parser/src/lib.rs:197:
         if self.eat(TokenKind::Lt) {
             loop {
                 generics.push(self.parse_type()?);
[31m-                if !self.eat(TokenKind::Comma) { break; }
[0m[32m+                if !self.eat(TokenKind::Comma) {
[0m[32m+                    break;
[0m[32m+                }
[0m             }
             self.expect(TokenKind::Gt)?;
         }
Diff in /data/data/com.termux/files/home/titan/crates/titan_parser/src/lib.rs:208:
         let mut stmts = Vec::new();
         let mut final_expr = None;
         while !self.at(TokenKind::RBrace) {
[31m-            if self.at(TokenKind::Eof) { return Err(self.expected("'}'")); }
[0m[32m+            if self.at(TokenKind::Eof) {
[0m[32m+                return Err(self.expected("'}'"));
[0m[32m+            }
[0m             if self.eat(TokenKind::Let) {
                 let span = self.previous_span();
                 self.eat(TokenKind::Mut);
Diff in /data/data/com.termux/files/home/titan/crates/titan_parser/src/lib.rs:215:
                 let name = self.expect_ident()?;
[31m-                let type_ann = if self.eat(TokenKind::Colon) { Some(self.parse_type()?) } else { None };
[0m[32m+                let type_ann = if self.eat(TokenKind::Colon) {
[0m[32m+                    Some(self.parse_type()?)
[0m[32m+                } else {
[0m[32m+                    None
[0m[32m+                };
[0m                 self.expect(TokenKind::Eq)?;
                 let value = self.parse_expr()?;
                 self.eat(TokenKind::Semicolon);
Diff in /data/data/com.termux/files/home/titan/crates/titan_parser/src/lib.rs:220:
[31m-                stmts.push(Stmt::Let { name, type_ann, value, span });
[0m[32m+                stmts.push(Stmt::Let {
[0m[32m+                    name,
[0m[32m+                    type_ann,
[0m[32m+                    value,
[0m[32m+                    span,
[0m[32m+                });
[0m                 continue;
             }
[31m-            if self.at_any(&[TokenKind::Fn, TokenKind::Struct, TokenKind::Enum, TokenKind::Const]) {
[0m[32m+            if self.at_any(&[
[0m[32m+                TokenKind::Fn,
[0m[32m+                TokenKind::Struct,
[0m[32m+                TokenKind::Enum,
[0m[32m+                TokenKind::Const,
[0m[32m+            ]) {
[0m                 stmts.push(Stmt::Item(self.parse_item()?));
                 continue;
             }
Diff in /data/data/com.termux/files/home/titan/crates/titan_parser/src/lib.rs:237:
             }
         }
         self.expect(TokenKind::RBrace)?;
[31m-        Ok(Block { stmts, final_expr, span: start })
[0m[32m+        Ok(Block {
[0m[32m+            stmts,
[0m[32m+            final_expr,
[0m[32m+            span: start,
[0m[32m+        })
[0m     }
 
[31m-    fn parse_expr(&mut self) -> Result<Expr> { self.parse_assignment() }
[0m[32m+    fn parse_expr(&mut self) -> Result<Expr> {
[0m[32m+        self.parse_assignment()
[0m[32m+    }
[0m 
     fn parse_assignment(&mut self) -> Result<Expr> {
         let left = self.parse_range()?;
Diff in /data/data/com.termux/files/home/titan/crates/titan_parser/src/lib.rs:247:
         let op = match self.peek_kind() {
[31m-            Some(TokenKind::Eq) => { self.advance(); Some(None) },
[0m[31m-            Some(TokenKind::PlusEq) => { self.advance(); Some(Some(BinaryOp::Add)) },
[0m[31m-            Some(TokenKind::MinusEq) => { self.advance(); Some(Some(BinaryOp::Sub)) },
[0m[31m-            Some(TokenKind::StarEq) => { self.advance(); Some(Some(BinaryOp::Mul)) },
[0m[31m-            Some(TokenKind::SlashEq) => { self.advance(); Some(Some(BinaryOp::Div)) },
[0m[31m-            Some(TokenKind::PercentEq) => { self.advance(); Some(Some(BinaryOp::Mod)) },
[0m[32m+            Some(TokenKind::Eq) => {
[0m[32m+                self.advance();
[0m[32m+                Some(None)
[0m[32m+            }
[0m[32m+            Some(TokenKind::PlusEq) => {
[0m[32m+                self.advance();
[0m[32m+                Some(Some(BinaryOp::Add))
[0m[32m+            }
[0m[32m+            Some(TokenKind::MinusEq) => {
[0m[32m+                self.advance();
[0m[32m+                Some(Some(BinaryOp::Sub))
[0m[32m+            }
[0m[32m+            Some(TokenKind::StarEq) => {
[0m[32m+                self.advance();
[0m[32m+                Some(Some(BinaryOp::Mul))
[0m[32m+            }
[0m[32m+            Some(TokenKind::SlashEq) => {
[0m[32m+                self.advance();
[0m[32m+                Some(Some(BinaryOp::Div))
[0m[32m+            }
[0m[32m+            Some(TokenKind::PercentEq) => {
[0m[32m+                self.advance();
[0m[32m+                Some(Some(BinaryOp::Mod))
[0m[32m+            }
[0m             _ => None,
         };
         if let Some(op) = op {
Diff in /data/data/com.termux/files/home/titan/crates/titan_parser/src/lib.rs:257:
             let span = left.span();
             let value = self.parse_assignment()?;
[31m-            Ok(Expr::Assign { target: Box::new(left), op, value: Box::new(value), span })
[0m[31m-        } else { Ok(left) }
[0m[32m+            Ok(Expr::Assign {
[0m[32m+                target: Box::new(left),
[0m[32m+                op,
[0m[32m+                value: Box::new(value),
[0m[32m+                span,
[0m[32m+            })
[0m[32m+        } else {
[0m[32m+            Ok(left)
[0m[32m+        }
[0m     }
 
     fn parse_range(&mut self) -> Result<Expr> {
Diff in /data/data/com.termux/files/home/titan/crates/titan_parser/src/lib.rs:266:
             let inclusive = matches!(self.tokens[self.pos - 1].kind, TokenKind::RangeInclusive);
             let span = left.span();
             let end = self.parse_binary(0)?;
[31m-            Ok(Expr::Range { start: Box::new(left), end: Box::new(end), inclusive, span })
[0m[31m-        } else { Ok(left) }
[0m[32m+            Ok(Expr::Range {
[0m[32m+                start: Box::new(left),
[0m[32m+                end: Box::new(end),
[0m[32m+                inclusive,
[0m[32m+                span,
[0m[32m+            })
[0m[32m+        } else {
[0m[32m+            Ok(left)
[0m[32m+        }
[0m     }
 
     fn parse_binary(&mut self, min_precedence: u8) -> Result<Expr> {
Diff in /data/data/com.termux/files/home/titan/crates/titan_parser/src/lib.rs:274:
         let mut left = self.parse_unary()?;
         while let Some((op, precedence)) = self.binary_op() {
[31m-            if precedence < min_precedence { break; }
[0m[32m+            if precedence < min_precedence {
[0m[32m+                break;
[0m[32m+            }
[0m             self.advance();
             let right = self.parse_binary(precedence + 1)?;
             let span = left.span();
Diff in /data/data/com.termux/files/home/titan/crates/titan_parser/src/lib.rs:280:
[31m-            left = Expr::Binary { left: Box::new(left), op, right: Box::new(right), span };
[0m[32m+            left = Expr::Binary {
[0m[32m+                left: Box::new(left),
[0m[32m+                op,
[0m[32m+                right: Box::new(right),
[0m[32m+                span,
[0m[32m+            };
[0m         }
         Ok(left)
     }
Diff in /data/data/com.termux/files/home/titan/crates/titan_parser/src/lib.rs:284:
 
     fn binary_op(&self) -> Option<(BinaryOp, u8)> {
         Some(match self.peek_kind()? {
[31m-            TokenKind::LazyOr => (BinaryOp::LazyOr, 1), TokenKind::LazyAnd => (BinaryOp::LazyAnd, 2),
[0m[31m-            TokenKind::Pipe => (BinaryOp::Or, 3), TokenKind::Caret => (BinaryOp::Xor, 4),
[0m[32m+            TokenKind::LazyOr => (BinaryOp::LazyOr, 1),
[0m[32m+            TokenKind::LazyAnd => (BinaryOp::LazyAnd, 2),
[0m[32m+            TokenKind::Pipe => (BinaryOp::Or, 3),
[0m[32m+            TokenKind::Caret => (BinaryOp::Xor, 4),
[0m             TokenKind::Ampersand => (BinaryOp::And, 5),
[31m-            TokenKind::EqEq => (BinaryOp::Eq, 6), TokenKind::NotEq => (BinaryOp::Neq, 6),
[0m[31m-            TokenKind::Lt => (BinaryOp::Lt, 7), TokenKind::Gt => (BinaryOp::Gt, 7),
[0m[31m-            TokenKind::LtEq => (BinaryOp::Lte, 7), TokenKind::GtEq => (BinaryOp::Gte, 7),
[0m[31m-            TokenKind::Plus => (BinaryOp::Add, 8), TokenKind::Minus => (BinaryOp::Sub, 8),
[0m[31m-            TokenKind::Star => (BinaryOp::Mul, 9), TokenKind::Slash => (BinaryOp::Div, 9),
[0m[31m-            TokenKind::Percent => (BinaryOp::Mod, 9), _ => return None,
[0m[32m+            TokenKind::EqEq => (BinaryOp::Eq, 6),
[0m[32m+            TokenKind::NotEq => (BinaryOp::Neq, 6),
[0m[32m+            TokenKind::Lt => (BinaryOp::Lt, 7),
[0m[32m+            TokenKind::Gt => (BinaryOp::Gt, 7),
[0m[32m+            TokenKind::LtEq => (BinaryOp::Lte, 7),
[0m[32m+            TokenKind::GtEq => (BinaryOp::Gte, 7),
[0m[32m+            TokenKind::Plus => (BinaryOp::Add, 8),
[0m[32m+            TokenKind::Minus => (BinaryOp::Sub, 8),
[0m[32m+            TokenKind::Star => (BinaryOp::Mul, 9),
[0m[32m+            TokenKind::Slash => (BinaryOp::Div, 9),
[0m[32m+            TokenKind::Percent => (BinaryOp::Mod, 9),
[0m[32m+            _ => return None,
[0m         })
     }
 
Diff in /data/data/com.termux/files/home/titan/crates/titan_parser/src/lib.rs:299:
     fn parse_unary(&mut self) -> Result<Expr> {
         let span = self.span();
         let op = match self.peek_kind() {
[31m-            Some(TokenKind::Minus) => Some(UnaryOp::Neg), Some(TokenKind::Bang) => Some(UnaryOp::Not),
[0m[31m-            Some(TokenKind::Tilde) => Some(UnaryOp::BitNot), Some(TokenKind::Star) => Some(UnaryOp::Deref),
[0m[31m-            Some(TokenKind::Ampersand) => Some(UnaryOp::Ref), _ => None,
[0m[32m+            Some(TokenKind::Minus) => Some(UnaryOp::Neg),
[0m[32m+            Some(TokenKind::Bang) => Some(UnaryOp::Not),
[0m[32m+            Some(TokenKind::Tilde) => Some(UnaryOp::BitNot),
[0m[32m+            Some(TokenKind::Star) => Some(UnaryOp::Deref),
[0m[32m+            Some(TokenKind::Ampersand) => Some(UnaryOp::Ref),
[0m[32m+            _ => None,
[0m         };
         if let Some(op) = op {
             self.advance();
Diff in /data/data/com.termux/files/home/titan/crates/titan_parser/src/lib.rs:308:
[31m-            let op = if op == UnaryOp::Ref && self.eat(TokenKind::Mut) { UnaryOp::RefMut } else { op };
[0m[31m-            return Ok(Expr::Unary { op, expr: Box::new(self.parse_unary()?), span });
[0m[32m+            let op = if op == UnaryOp::Ref && self.eat(TokenKind::Mut) {
[0m[32m+                UnaryOp::RefMut
[0m[32m+            } else {
[0m[32m+                op
[0m[32m+            };
[0m[32m+            return Ok(Expr::Unary {
[0m[32m+                op,
[0m[32m+                expr: Box::new(self.parse_unary()?),
[0m[32m+                span,
[0m[32m+            });
[0m         }
         if self.eat(TokenKind::Spawn) || self.eat(TokenKind::Go) {
[31m-            return Ok(Expr::Spawn { expr: Box::new(self.parse_unary()?), span });
[0m[32m+            return Ok(Expr::Spawn {
[0m[32m+                expr: Box::new(self.parse_unary()?),
[0m[32m+                span,
[0m[32m+            });
[0m         }
         self.parse_postfix()
     }
Diff in /data/data/com.termux/files/home/titan/crates/titan_parser/src/lib.rs:321:
                 let mut args = Vec::new();
                 while !self.at(TokenKind::RParen) {
                     args.push(self.parse_expr()?);
[31m-                    if !self.eat(TokenKind::Comma) { break; }
[0m[32m+                    if !self.eat(TokenKind::Comma) {
[0m[32m+                        break;
[0m[32m+                    }
[0m                 }
                 self.expect(TokenKind::RParen)?;
                 let span = expr.span();
Diff in /data/data/com.termux/files/home/titan/crates/titan_parser/src/lib.rs:328:
[31m-                expr = Expr::Call { callee: Box::new(expr), args, span };
[0m[32m+                expr = Expr::Call {
[0m[32m+                    callee: Box::new(expr),
[0m[32m+                    args,
[0m[32m+                    span,
[0m[32m+                };
[0m             } else if self.eat(TokenKind::LBracket) {
                 let index = self.parse_expr()?;
                 self.expect(TokenKind::RBracket)?;
Diff in /data/data/com.termux/files/home/titan/crates/titan_parser/src/lib.rs:332:
                 let span = expr.span();
[31m-                expr = Expr::Index { target: Box::new(expr), index: Box::new(index), span };
[0m[32m+                expr = Expr::Index {
[0m[32m+                    target: Box::new(expr),
[0m[32m+                    index: Box::new(index),
[0m[32m+                    span,
[0m[32m+                };
[0m             } else if self.eat(TokenKind::Dot) {
                 let name = self.expect_ident()?;
                 let span = expr.span();
Diff in /data/data/com.termux/files/home/titan/crates/titan_parser/src/lib.rs:338:
                     let mut args = Vec::new();
                     while !self.at(TokenKind::RParen) {
                         args.push(self.parse_expr()?);
[31m-                        if !self.eat(TokenKind::Comma) { break; }
[0m[32m+                        if !self.eat(TokenKind::Comma) {
[0m[32m+                            break;
[0m[32m+                        }
[0m                     }
                     self.expect(TokenKind::RParen)?;
[31m-                    expr = Expr::MethodCall { receiver: Box::new(expr), method: name, args, span };
[0m[31m-                } else { expr = Expr::FieldAccess { target: Box::new(expr), field: name, span }; }
[0m[32m+                    expr = Expr::MethodCall {
[0m[32m+                        receiver: Box::new(expr),
[0m[32m+                        method: name,
[0m[32m+                        args,
[0m[32m+                        span,
[0m[32m+                    };
[0m[32m+                } else {
[0m[32m+                    expr = Expr::FieldAccess {
[0m[32m+                        target: Box::new(expr),
[0m[32m+                        field: name,
[0m[32m+                        span,
[0m[32m+                    };
[0m[32m+                }
[0m             } else if self.eat(TokenKind::Question) {
                 let span = expr.span();
[31m-                expr = Expr::Try { expr: Box::new(expr), span };
[0m[31m-            } else { break; }
[0m[32m+                expr = Expr::Try {
[0m[32m+                    expr: Box::new(expr),
[0m[32m+                    span,
[0m[32m+                };
[0m[32m+            } else {
[0m[32m+                break;
[0m[32m+            }
[0m         }
         Ok(expr)
     }
Diff in /data/data/com.termux/files/home/titan/crates/titan_parser/src/lib.rs:354:
     fn parse_primary(&mut self) -> Result<Expr> {
         let span = self.span();
         match self.peek_kind().cloned() {
[31m-            Some(TokenKind::IntLit(value)) => { self.advance(); Ok(Expr::Int { value: parse_int(&value, span)?, span }) }
[0m[31m-            Some(TokenKind::FloatLit(value)) => { self.advance(); Ok(Expr::Float { value: parse_float(&value, span)?, span }) }
[0m[32m+            Some(TokenKind::IntLit(value)) => {
[0m[32m+                self.advance();
[0m[32m+                Ok(Expr::Int {
[0m[32m+                    value: parse_int(&value, span)?,
[0m[32m+                    span,
[0m[32m+                })
[0m[32m+            }
[0m[32m+            Some(TokenKind::FloatLit(value)) => {
[0m[32m+                self.advance();
[0m[32m+                Ok(Expr::Float {
[0m[32m+                    value: parse_float(&value, span)?,
[0m[32m+                    span,
[0m[32m+                })
[0m[32m+            }
[0m             Some(TokenKind::StringLit(value)) => {
                 self.advance();
[31m-                if contains_interpolation(&value) { Ok(Expr::StringTemplate { value, span }) } else { Ok(Expr::String { value, span }) }
[0m[32m+                if contains_interpolation(&value) {
[0m[32m+                    Ok(Expr::StringTemplate { value, span })
[0m[32m+                } else {
[0m[32m+                    Ok(Expr::String { value, span })
[0m[32m+                }
[0m             }
[31m-            Some(TokenKind::CharLit(value)) => { self.advance(); Ok(Expr::Char { value, span }) }
[0m[31m-            Some(TokenKind::True) => { self.advance(); Ok(Expr::Bool { value: true, span }) }
[0m[31m-            Some(TokenKind::False) => { self.advance(); Ok(Expr::Bool { value: false, span }) }
[0m[31m-            Some(TokenKind::Nil) => { self.advance(); Ok(Expr::Nil { span }) }
[0m[31m-            Some(TokenKind::Self_) => { self.advance(); Ok(Expr::Ident { name: "self".into(), span }) }
[0m[32m+            Some(TokenKind::CharLit(value)) => {
[0m[32m+                self.advance();
[0m[32m+                Ok(Expr::Char { value, span })
[0m[32m+            }
[0m[32m+            Some(TokenKind::True) => {
[0m[32m+                self.advance();
[0m[32m+                Ok(Expr::Bool { value: true, span })
[0m[32m+            }
[0m[32m+            Some(TokenKind::False) => {
[0m[32m+                self.advance();
[0m[32m+                Ok(Expr::Bool { value: false, span })
[0m[32m+            }
[0m[32m+            Some(TokenKind::Nil) => {
[0m[32m+                self.advance();
[0m[32m+                Ok(Expr::Nil { span })
[0m[32m+            }
[0m[32m+            Some(TokenKind::Self_) => {
[0m[32m+                self.advance();
[0m[32m+                Ok(Expr::Ident {
[0m[32m+                    name: "self".into(),
[0m[32m+                    span,
[0m[32m+                })
[0m[32m+            }
[0m             Some(TokenKind::Ident(name)) => {
                 self.advance();
                 let mut qualified = name;
Diff in /data/data/com.termux/files/home/titan/crates/titan_parser/src/lib.rs:371:
[31m-                while self.eat(TokenKind::ColonColon) { qualified.push_str("::"); qualified.push_str(&self.expect_ident()?); }
[0m[31m-                if self.at(TokenKind::LBrace) && qualified.chars().next().is_some_and(char::is_uppercase) {
[0m[32m+                while self.eat(TokenKind::ColonColon) {
[0m[32m+                    qualified.push_str("::");
[0m[32m+                    qualified.push_str(&self.expect_ident()?);
[0m[32m+                }
[0m[32m+                if self.at(TokenKind::LBrace)
[0m[32m+                    && qualified.chars().next().is_some_and(char::is_uppercase)
[0m[32m+                {
[0m                     self.advance();
                     let mut fields = Vec::new();
                     while !self.at(TokenKind::RBrace) {
Diff in /data/data/com.termux/files/home/titan/crates/titan_parser/src/lib.rs:376:
                         let field = self.expect_ident()?;
[31m-                        let value = if self.eat(TokenKind::Colon) { self.parse_expr()? } else { Expr::Ident { name: field.clone(), span } };
[0m[32m+                        let value = if self.eat(TokenKind::Colon) {
[0m[32m+                            self.parse_expr()?
[0m[32m+                        } else {
[0m[32m+                            Expr::Ident {
[0m[32m+                                name: field.clone(),
[0m[32m+                                span,
[0m[32m+                            }
[0m[32m+                        };
[0m                         fields.push((field, value));
[31m-                        if !self.eat(TokenKind::Comma) { break; }
[0m[32m+                        if !self.eat(TokenKind::Comma) {
[0m[32m+                            break;
[0m[32m+                        }
[0m                     }
                     self.expect(TokenKind::RBrace)?;
[31m-                    Ok(Expr::StructLit { name: qualified, fields, span })
[0m[31m-                } else { Ok(Expr::Ident { name: qualified, span }) }
[0m[32m+                    Ok(Expr::StructLit {
[0m[32m+                        name: qualified,
[0m[32m+                        fields,
[0m[32m+                        span,
[0m[32m+                    })
[0m[32m+                } else {
[0m[32m+                    Ok(Expr::Ident {
[0m[32m+                        name: qualified,
[0m[32m+                        span,
[0m[32m+                    })
[0m[32m+                }
[0m             }
             Some(TokenKind::LParen) => {
                 self.advance();
Diff in /data/data/com.termux/files/home/titan/crates/titan_parser/src/lib.rs:387:
[31m-                if self.eat(TokenKind::RParen) { return Ok(Expr::Tuple { elements: Vec::new(), span }); }
[0m[32m+                if self.eat(TokenKind::RParen) {
[0m[32m+                    return Ok(Expr::Tuple {
[0m[32m+                        elements: Vec::new(),
[0m[32m+                        span,
[0m[32m+                    });
[0m[32m+                }
[0m                 let first = self.parse_expr()?;
                 if self.eat(TokenKind::Comma) {
                     let mut elements = vec![first];
Diff in /data/data/com.termux/files/home/titan/crates/titan_parser/src/lib.rs:391:
[31m-                    while !self.at(TokenKind::RParen) { elements.push(self.parse_expr()?); if !self.eat(TokenKind::Comma) { break; } }
[0m[32m+                    while !self.at(TokenKind::RParen) {
[0m[32m+                        elements.push(self.parse_expr()?);
[0m[32m+                        if !self.eat(TokenKind::Comma) {
[0m[32m+                            break;
[0m[32m+                        }
[0m[32m+                    }
[0m                     self.expect(TokenKind::RParen)?;
                     Ok(Expr::Tuple { elements, span })
[31m-                } else { self.expect(TokenKind::RParen)?; Ok(first) }
[0m[32m+                } else {
[0m[32m+                    self.expect(TokenKind::RParen)?;
[0m[32m+                    Ok(first)
[0m[32m+                }
[0m             }
             Some(TokenKind::LBracket) => {
                 self.advance();
Diff in /data/data/com.termux/files/home/titan/crates/titan_parser/src/lib.rs:398:
                 let mut elements = Vec::new();
[31m-                while !self.at(TokenKind::RBracket) { elements.push(self.parse_expr()?); if !self.eat(TokenKind::Comma) { break; } }
[0m[32m+                while !self.at(TokenKind::RBracket) {
[0m[32m+                    elements.push(self.parse_expr()?);
[0m[32m+                    if !self.eat(TokenKind::Comma) {
[0m[32m+                        break;
[0m[32m+                    }
[0m[32m+                }
[0m                 self.expect(TokenKind::RBracket)?;
                 Ok(Expr::Array { elements, span })
             }
Diff in /data/data/com.termux/files/home/titan/crates/titan_parser/src/lib.rs:403:
[31m-            Some(TokenKind::LBrace) => { self.advance(); Ok(Expr::Block(Box::new(self.parse_block_after_open(span)?))) }
[0m[32m+            Some(TokenKind::LBrace) => {
[0m[32m+                self.advance();
[0m[32m+                Ok(Expr::Block(Box::new(self.parse_block_after_open(span)?)))
[0m[32m+            }
[0m             Some(TokenKind::Pipe) | Some(TokenKind::LazyOr) => self.parse_closure(),
             Some(TokenKind::If) => self.parse_if(),
             Some(TokenKind::While) => self.parse_while(),
Diff in /data/data/com.termux/files/home/titan/crates/titan_parser/src/lib.rs:409:
             Some(TokenKind::Match) => self.parse_match(),
             Some(TokenKind::Return) => {
                 self.advance();
[31m-                let value = if self.at_any(&[TokenKind::RBrace, TokenKind::Semicolon, TokenKind::Eof]) { None } else { Some(Box::new(self.parse_expr()?)) };
[0m[32m+                let value =
[0m[32m+                    if self.at_any(&[TokenKind::RBrace, TokenKind::Semicolon, TokenKind::Eof]) {
[0m[32m+                        None
[0m[32m+                    } else {
[0m[32m+                        Some(Box::new(self.parse_expr()?))
[0m[32m+                    };
[0m                 Ok(Expr::Return { value, span })
             }
             Some(TokenKind::Break) => {
Diff in /data/data/com.termux/files/home/titan/crates/titan_parser/src/lib.rs:416:
                 self.advance();
[31m-                let value = if self.at_any(&[TokenKind::RBrace, TokenKind::Semicolon, TokenKind::Eof]) { None } else { Some(Box::new(self.parse_expr()?)) };
[0m[32m+                let value =
[0m[32m+                    if self.at_any(&[TokenKind::RBrace, TokenKind::Semicolon, TokenKind::Eof]) {
[0m[32m+                        None
[0m[32m+                    } else {
[0m[32m+                        Some(Box::new(self.parse_expr()?))
[0m[32m+                    };
[0m                 Ok(Expr::Break { value, span })
             }
[31m-            Some(TokenKind::Continue) => { self.advance(); Ok(Expr::Continue { span }) }
[0m[32m+            Some(TokenKind::Continue) => {
[0m[32m+                self.advance();
[0m[32m+                Ok(Expr::Continue { span })
[0m[32m+            }
[0m             _ => Err(self.expected("an expression")),
         }
     }
Diff in /data/data/com.termux/files/home/titan/crates/titan_parser/src/lib.rs:425:
     fn parse_closure(&mut self) -> Result<Expr> {
         let span = self.span();
         if self.eat(TokenKind::LazyOr) {
[31m-            let return_type = if self.eat(TokenKind::ThinArrow) { Some(self.parse_type()?) } else { None };
[0m[31m-            return Ok(Expr::Closure { params: Vec::new(), return_type, body: Box::new(self.parse_expr()?), span });
[0m[32m+            let return_type = if self.eat(TokenKind::ThinArrow) {
[0m[32m+                Some(self.parse_type()?)
[0m[32m+            } else {
[0m[32m+                None
[0m[32m+            };
[0m[32m+            return Ok(Expr::Closure {
[0m[32m+                params: Vec::new(),
[0m[32m+                return_type,
[0m[32m+                body: Box::new(self.parse_expr()?),
[0m[32m+                span,
[0m[32m+            });
[0m         }
         self.expect(TokenKind::Pipe)?;
         let mut params = Vec::new();
Diff in /data/data/com.termux/files/home/titan/crates/titan_parser/src/lib.rs:433:
         while !self.at(TokenKind::Pipe) {
             let param_span = self.span();
             let name = self.expect_ident()?;
[31m-            let type_ann = if self.eat(TokenKind::Colon) { Some(self.parse_type()?) } else { None };
[0m[31m-            params.push(Param { name, type_ann, default: None, span: param_span });
[0m[31m-            if !self.eat(TokenKind::Comma) { break; }
[0m[32m+            let type_ann = if self.eat(TokenKind::Colon) {
[0m[32m+                Some(self.parse_type()?)
[0m[32m+            } else {
[0m[32m+                None
[0m[32m+            };
[0m[32m+            params.push(Param {
[0m[32m+                name,
[0m[32m+                type_ann,
[0m[32m+                default: None,
[0m[32m+                span: param_span,
[0m[32m+            });
[0m[32m+            if !self.eat(TokenKind::Comma) {
[0m[32m+                break;
[0m[32m+            }
[0m         }
         self.expect(TokenKind::Pipe)?;
[31m-        let return_type = if self.eat(TokenKind::ThinArrow) { Some(self.parse_type()?) } else { None };
[0m[32m+        let return_type = if self.eat(TokenKind::ThinArrow) {
[0m[32m+            Some(self.parse_type()?)
[0m[32m+        } else {
[0m[32m+            None
[0m[32m+        };
[0m         let body = Box::new(self.parse_expr()?);
[31m-        Ok(Expr::Closure { params, return_type, body, span })
[0m[32m+        Ok(Expr::Closure {
[0m[32m+            params,
[0m[32m+            return_type,
[0m[32m+            body,
[0m[32m+            span,
[0m[32m+        })
[0m     }
 
     fn parse_if(&mut self) -> Result<Expr> {
Diff in /data/data/com.termux/files/home/titan/crates/titan_parser/src/lib.rs:451:
         let else_branch = if self.eat(TokenKind::Else) {
             if self.at(TokenKind::If) {
                 let nested = self.parse_if()?;
[31m-                Some(Block { stmts: Vec::new(), final_expr: Some(Box::new(nested)), span })
[0m[31m-            } else { self.expect(TokenKind::LBrace)?; Some(self.parse_block_after_open(span)?) }
[0m[31m-        } else { None };
[0m[31m-        Ok(Expr::If { condition, then_branch, else_branch, span })
[0m[32m+                Some(Block {
[0m[32m+                    stmts: Vec::new(),
[0m[32m+                    final_expr: Some(Box::new(nested)),
[0m[32m+                    span,
[0m[32m+                })
[0m[32m+            } else {
[0m[32m+                self.expect(TokenKind::LBrace)?;
[0m[32m+                Some(self.parse_block_after_open(span)?)
[0m[32m+            }
[0m[32m+        } else {
[0m[32m+            None
[0m[32m+        };
[0m[32m+        Ok(Expr::If {
[0m[32m+            condition,
[0m[32m+            then_branch,
[0m[32m+            else_branch,
[0m[32m+            span,
[0m[32m+        })
[0m     }
 
     fn parse_while(&mut self) -> Result<Expr> {
Diff in /data/data/com.termux/files/home/titan/crates/titan_parser/src/lib.rs:462:
         let condition = Box::new(self.parse_expr()?);
         self.expect(TokenKind::LBrace)?;
         let body = self.parse_block_after_open(span)?;
[31m-        Ok(Expr::While { condition, body, span })
[0m[32m+        Ok(Expr::While {
[0m[32m+            condition,
[0m[32m+            body,
[0m[32m+            span,
[0m[32m+        })
[0m     }
 
     fn parse_for(&mut self) -> Result<Expr> {
Diff in /data/data/com.termux/files/home/titan/crates/titan_parser/src/lib.rs:472:
         let iterator = Box::new(self.parse_expr()?);
         self.expect(TokenKind::LBrace)?;
         let body = self.parse_block_after_open(span)?;
[31m-        Ok(Expr::For { pattern, iterator, body, span })
[0m[32m+        Ok(Expr::For {
[0m[32m+            pattern,
[0m[32m+            iterator,
[0m[32m+            body,
[0m[32m+            span,
[0m[32m+        })
[0m     }
 
     fn parse_loop(&mut self) -> Result<Expr> {
Diff in /data/data/com.termux/files/home/titan/crates/titan_parser/src/lib.rs:479:
         let span = self.expect(TokenKind::Loop)?;
         self.expect(TokenKind::LBrace)?;
[31m-        Ok(Expr::Loop { body: self.parse_block_after_open(span)?, span })
[0m[32m+        Ok(Expr::Loop {
[0m[32m+            body: self.parse_block_after_open(span)?,
[0m[32m+            span,
[0m[32m+        })
[0m     }
 
     fn parse_match(&mut self) -> Result<Expr> {
Diff in /data/data/com.termux/files/home/titan/crates/titan_parser/src/lib.rs:489:
         while !self.at(TokenKind::RBrace) {
             let arm_span = self.span();
             let pattern = self.parse_pattern()?;
[31m-            let guard = if self.eat(TokenKind::If) { Some(Box::new(self.parse_expr()?)) } else { None };
[0m[32m+            let guard = if self.eat(TokenKind::If) {
[0m[32m+                Some(Box::new(self.parse_expr()?))
[0m[32m+            } else {
[0m[32m+                None
[0m[32m+            };
[0m             self.expect(TokenKind::FatArrow)?;
[31m-            let body = if self.eat(TokenKind::LBrace) { self.parse_block_after_open(arm_span)? } else {
[0m[31m-                Block { stmts: Vec::new(), final_expr: Some(Box::new(self.parse_expr()?)), span: arm_span }
[0m[32m+            let body = if self.eat(TokenKind::LBrace) {
[0m[32m+                self.parse_block_after_open(arm_span)?
[0m[32m+            } else {
[0m[32m+                Block {
[0m[32m+                    stmts: Vec::new(),
[0m[32m+                    final_expr: Some(Box::new(self.parse_expr()?)),
[0m[32m+                    span: arm_span,
[0m[32m+                }
[0m             };
[31m-            arms.push(MatchArm { pattern, guard, body, span: arm_span });
[0m[32m+            arms.push(MatchArm {
[0m[32m+                pattern,
[0m[32m+                guard,
[0m[32m+                body,
[0m[32m+                span: arm_span,
[0m[32m+            });
[0m             self.eat(TokenKind::Comma);
         }
         self.expect(TokenKind::RBrace)?;
Diff in /data/data/com.termux/files/home/titan/crates/titan_parser/src/lib.rs:501:
[31m-        Ok(Expr::Match { scrutinee, arms, span })
[0m[32m+        Ok(Expr::Match {
[0m[32m+            scrutinee,
[0m[32m+            arms,
[0m[32m+            span,
[0m[32m+        })
[0m     }
 
     fn parse_pattern(&mut self) -> Result<Pattern> {
Diff in /data/data/com.termux/files/home/titan/crates/titan_parser/src/lib.rs:505:
         let span = self.span();
         let mut pattern = match self.peek_kind().cloned() {
[31m-            Some(TokenKind::Underscore) => { self.advance(); Pattern::Wildcard { span } }
[0m[32m+            Some(TokenKind::Underscore) => {
[0m[32m+                self.advance();
[0m[32m+                Pattern::Wildcard { span }
[0m[32m+            }
[0m             Some(TokenKind::Ident(name)) => {
                 self.advance();
                 if self.eat(TokenKind::ColonColon) {
Diff in /data/data/com.termux/files/home/titan/crates/titan_parser/src/lib.rs:511:
                     let variant = self.expect_ident()?;
[31m-                    let inner = if self.eat(TokenKind::LParen) { let p = self.parse_pattern()?; self.expect(TokenKind::RParen)?; Some(Box::new(p)) } else { None };
[0m[31m-                    Pattern::Enum { name, variant, inner, span }
[0m[31m-                } else { Pattern::Ident { name, span } }
[0m[32m+                    let inner = if self.eat(TokenKind::LParen) {
[0m[32m+                        let p = self.parse_pattern()?;
[0m[32m+                        self.expect(TokenKind::RParen)?;
[0m[32m+                        Some(Box::new(p))
[0m[32m+                    } else {
[0m[32m+                        None
[0m[32m+                    };
[0m[32m+                    Pattern::Enum {
[0m[32m+                        name,
[0m[32m+                        variant,
[0m[32m+                        inner,
[0m[32m+                        span,
[0m[32m+                    }
[0m[32m+                } else {
[0m[32m+                    Pattern::Ident { name, span }
[0m[32m+                }
[0m             }
[31m-            Some(TokenKind::IntLit(value)) => { self.advance(); Pattern::Literal { value: Box::new(Expr::Int { value: parse_int(&value, span)?, span }), span } }
[0m[31m-            Some(TokenKind::StringLit(value)) => { self.advance(); Pattern::Literal { value: Box::new(Expr::String { value, span }), span } }
[0m[31m-            Some(TokenKind::True) => { self.advance(); Pattern::Literal { value: Box::new(Expr::Bool { value: true, span }), span } }
[0m[31m-            Some(TokenKind::False) => { self.advance(); Pattern::Literal { value: Box::new(Expr::Bool { value: false, span }), span } }
[0m[32m+            Some(TokenKind::IntLit(value)) => {
[0m[32m+                self.advance();
[0m[32m+                Pattern::Literal {
[0m[32m+                    value: Box::new(Expr::Int {
[0m[32m+                        value: parse_int(&value, span)?,
[0m[32m+                        span,
[0m[32m+                    }),
[0m[32m+                    span,
[0m[32m+                }
[0m[32m+            }
[0m[32m+            Some(TokenKind::StringLit(value)) => {
[0m[32m+                self.advance();
[0m[32m+                Pattern::Literal {
[0m[32m+                    value: Box::new(Expr::String { value, span }),
[0m[32m+                    span,
[0m[32m+                }
[0m[32m+            }
[0m[32m+            Some(TokenKind::True) => {
[0m[32m+                self.advance();
[0m[32m+                Pattern::Literal {
[0m[32m+                    value: Box::new(Expr::Bool { value: true, span }),
[0m[32m+                    span,
[0m[32m+                }
[0m[32m+            }
[0m[32m+            Some(TokenKind::False) => {
[0m[32m+                self.advance();
[0m[32m+                Pattern::Literal {
[0m[32m+                    value: Box::new(Expr::Bool { value: false, span }),
[0m[32m+                    span,
[0m[32m+                }
[0m[32m+            }
[0m             _ => return Err(self.expected("a pattern")),
         };
[31m-        while self.eat(TokenKind::Pipe) { pattern = Pattern::Or { left: Box::new(pattern), right: Box::new(self.parse_pattern()?), span }; }
[0m[32m+        while self.eat(TokenKind::Pipe) {
[0m[32m+            pattern = Pattern::Or {
[0m[32m+                left: Box::new(pattern),
[0m[32m+                right: Box::new(self.parse_pattern()?),
[0m[32m+                span,
[0m[32m+            };
[0m[32m+        }
[0m         Ok(pattern)
     }
 
Diff in /data/data/com.termux/files/home/titan/crates/titan_parser/src/lib.rs:526:
[31m-    fn peek_kind(&self) -> Option<&TokenKind> { self.tokens.get(self.pos).map(|t| &t.kind) }
[0m[31m-    fn span(&self) -> Span { self.tokens.get(self.pos).map(|t| t.span).unwrap_or_default() }
[0m[31m-    fn previous_span(&self) -> Span { self.tokens.get(self.pos.saturating_sub(1)).map(|t| t.span).unwrap_or_default() }
[0m[31m-    fn advance(&mut self) -> Option<Token> { let token = self.tokens.get(self.pos).cloned()?; self.pos += 1; Some(token) }
[0m[31m-    fn at(&self, kind: TokenKind) -> bool { self.peek_kind().is_some_and(|k| same_variant(k, &kind)) }
[0m[31m-    fn at_any(&self, kinds: &[TokenKind]) -> bool { kinds.iter().any(|k| self.at(k.clone())) }
[0m[31m-    fn eat(&mut self, kind: TokenKind) -> bool { if self.at(kind) { self.advance(); true } else { false } }
[0m[32m+    fn peek_kind(&self) -> Option<&TokenKind> {
[0m[32m+        self.tokens.get(self.pos).map(|t| &t.kind)
[0m[32m+    }
[0m[32m+    fn span(&self) -> Span {
[0m[32m+        self.tokens
[0m[32m+            .get(self.pos)
[0m[32m+            .map(|t| t.span)
[0m[32m+            .unwrap_or_default()
[0m[32m+    }
[0m[32m+    fn previous_span(&self) -> Span {
[0m[32m+        self.tokens
[0m[32m+            .get(self.pos.saturating_sub(1))
[0m[32m+            .map(|t| t.span)
[0m[32m+            .unwrap_or_default()
[0m[32m+    }
[0m[32m+    fn advance(&mut self) -> Option<Token> {
[0m[32m+        let token = self.tokens.get(self.pos).cloned()?;
[0m[32m+        self.pos += 1;
[0m[32m+        Some(token)
[0m[32m+    }
[0m[32m+    fn at(&self, kind: TokenKind) -> bool {
[0m[32m+        self.peek_kind().is_some_and(|k| same_variant(k, &kind))
[0m[32m+    }
[0m[32m+    fn at_any(&self, kinds: &[TokenKind]) -> bool {
[0m[32m+        kinds.iter().any(|k| self.at(k.clone()))
[0m[32m+    }
[0m[32m+    fn eat(&mut self, kind: TokenKind) -> bool {
[0m[32m+        if self.at(kind) {
[0m[32m+            self.advance();
[0m[32m+            true
[0m[32m+        } else {
[0m[32m+            false
[0m[32m+        }
[0m[32m+    }
[0m     fn expect(&mut self, kind: TokenKind) -> Result<Span> {
[31m-        if self.at(kind.clone()) { Ok(self.advance().unwrap().span) } else { Err(self.expected(&format!("{:?}", kind))) }
[0m[32m+        if self.at(kind.clone()) {
[0m[32m+            Ok(self.advance().unwrap().span)
[0m[32m+        } else {
[0m[32m+            Err(self.expected(&format!("{:?}", kind)))
[0m[32m+        }
[0m     }
     fn expect_ident(&mut self) -> Result<String> {
[31m-        if let Some(TokenKind::Ident(name)) = self.peek_kind().cloned() { self.advance(); Ok(name) } else { Err(self.expected("an identifier")) }
[0m[32m+        if let Some(TokenKind::Ident(name)) = self.peek_kind().cloned() {
[0m[32m+            self.advance();
[0m[32m+            Ok(name)
[0m[32m+        } else {
[0m[32m+            Err(self.expected("an identifier"))
[0m[32m+        }
[0m     }
     fn expected(&self, expected: &str) -> ParseError {
         let token = self.tokens.get(self.pos);
Diff in /data/data/com.termux/files/home/titan/crates/titan_parser/src/lib.rs:541:
         ParseError::Expected {
             expected: expected.into(),
[31m-            found: token.map(|t| format!("{:?}", t.kind)).unwrap_or_else(|| "end of input".into()),
[0m[31m-            line: token.map_or(0, |t| t.span.line), column: token.map_or(0, |t| t.span.column),
[0m[32m+            found: token
[0m[32m+                .map(|t| format!("{:?}", t.kind))
[0m[32m+                .unwrap_or_else(|| "end of input".into()),
[0m[32m+            line: token.map_or(0, |t| t.span.line),
[0m[32m+            column: token.map_or(0, |t| t.span.column),
[0m         }
     }
[31m-    fn message(&self, message: &str) -> ParseError { let s = self.span(); ParseError::Message { message: message.into(), line: s.line, column: s.column } }
[0m[32m+    fn message(&self, message: &str) -> ParseError {
[0m[32m+        let s = self.span();
[0m[32m+        ParseError::Message {
[0m[32m+            message: message.into(),
[0m[32m+            line: s.line,
[0m[32m+            column: s.column,
[0m[32m+        }
[0m[32m+    }
[0m     fn synchronize_item(&mut self) {
         while !self.at(TokenKind::Eof) {
[31m-            if self.at_any(&[TokenKind::Fn, TokenKind::Struct, TokenKind::Enum, TokenKind::Trait, TokenKind::Impl, TokenKind::Module, TokenKind::Import, TokenKind::Const]) { return; }
[0m[32m+            if self.at_any(&[
[0m[32m+                TokenKind::Fn,
[0m[32m+                TokenKind::Struct,
[0m[32m+                TokenKind::Enum,
[0m[32m+                TokenKind::Trait,
[0m[32m+                TokenKind::Impl,
[0m[32m+                TokenKind::Module,
[0m[32m+                TokenKind::Import,
[0m[32m+                TokenKind::Const,
[0m[32m+            ]) {
[0m[32m+                return;
[0m[32m+            }
[0m             self.advance();
         }
     }
Diff in /data/data/com.termux/files/home/titan/crates/titan_parser/src/lib.rs:557:
     let mut remainder = value;
     while let Some(open) = remainder.find('{') {
         let after_open = &remainder[open + 1..];
[31m-        let Some(close) = after_open.find('}') else { return false };
[0m[31m-        if valid_interpolation(after_open[..close].trim()) { return true; }
[0m[32m+        let Some(close) = after_open.find('}') else {
[0m[32m+            return false;
[0m[32m+        };
[0m[32m+        if valid_interpolation(after_open[..close].trim()) {
[0m[32m+            return true;
[0m[32m+        }
[0m         remainder = &after_open[close + 1..];
     }
     false
Diff in /data/data/com.termux/files/home/titan/crates/titan_parser/src/lib.rs:565:
 }
 
 fn valid_interpolation(value: &str) -> bool {
[31m-    if valid_identifier(value) { return true; }
[0m[31m-    let Some((function, arguments)) = value.split_once('(') else { return false };
[0m[31m-    if !value.ends_with(')') || !valid_identifier(function.trim()) { return false; }
[0m[32m+    if valid_identifier(value) {
[0m[32m+        return true;
[0m[32m+    }
[0m[32m+    let Some((function, arguments)) = value.split_once('(') else {
[0m[32m+        return false;
[0m[32m+    };
[0m[32m+    if !value.ends_with(')') || !valid_identifier(function.trim()) {
[0m[32m+        return false;
[0m[32m+    }
[0m     let arguments = &arguments[..arguments.len().saturating_sub(1)];
[31m-    arguments.trim().is_empty() || arguments.split(',').map(str::trim).all(|argument| !argument.is_empty() && (valid_identifier(argument) || argument.parse::<i64>().is_ok()))
[0m[32m+    arguments.trim().is_empty()
[0m[32m+        || arguments.split(',').map(str::trim).all(|argument| {
[0m[32m+            !argument.is_empty() && (valid_identifier(argument) || argument.parse::<i64>().is_ok())
[0m[32m+        })
[0m }
 
 fn valid_identifier(value: &str) -> bool {
Diff in /data/data/com.termux/files/home/titan/crates/titan_parser/src/lib.rs:576:
     let mut chars = value.chars();
[31m-    chars.next().is_some_and(|first| first == '_' || first.is_alphabetic())
[0m[32m+    chars
[0m[32m+        .next()
[0m[32m+        .is_some_and(|first| first == '_' || first.is_alphabetic())
[0m         && chars.all(|character| character == '_' || character.is_alphanumeric())
 }
 
Diff in /data/data/com.termux/files/home/titan/crates/titan_parser/src/lib.rs:581:
[31m-fn same_variant(a: &TokenKind, b: &TokenKind) -> bool { std::mem::discriminant(a) == std::mem::discriminant(b) }
[0m[32m+fn same_variant(a: &TokenKind, b: &TokenKind) -> bool {
[0m[32m+    std::mem::discriminant(a) == std::mem::discriminant(b)
[0m[32m+}
[0m 
 fn parse_int(value: &str, span: Span) -> Result<i64> {
[31m-    value.replace('_', "").parse().map_err(|_| ParseError::Message { message: format!("integer literal out of range: {value}"), line: span.line, column: span.column })
[0m[32m+    value
[0m[32m+        .replace('_', "")
[0m[32m+        .parse()
[0m[32m+        .map_err(|_| ParseError::Message {
[0m[32m+            message: format!("integer literal out of range: {value}"),
[0m[32m+            line: span.line,
[0m[32m+            column: span.column,
[0m[32m+        })
[0m }
 fn parse_float(value: &str, span: Span) -> Result<f64> {
[31m-    value.replace('_', "").parse().map_err(|_| ParseError::Message { message: format!("invalid float literal: {value}"), line: span.line, column: span.column })
[0m[32m+    value
[0m[32m+        .replace('_', "")
[0m[32m+        .parse()
[0m[32m+        .map_err(|_| ParseError::Message {
[0m[32m+            message: format!("invalid float literal: {value}"),
[0m[32m+            line: span.line,
[0m[32m+            column: span.column,
[0m[32m+        })
[0m }
 
 #[cfg(test)]
Diff in /data/data/com.termux/files/home/titan/crates/titan_parser/src/lib.rs:601:
 
     #[test]
     fn parses_functions_types_and_control_flow() {
[31m-        let program = parse("fn fib(n: int) -> int { if n <= 1 { return n } fib(n-1) + fib(n-2) }").unwrap();
[0m[32m+        let program =
[0m[32m+            parse("fn fib(n: int) -> int { if n <= 1 { return n } fib(n-1) + fib(n-2) }").unwrap();
[0m         assert_eq!(program.items.len(), 1);
     }
 
Diff in /data/data/com.termux/files/home/titan/crates/titan_parser/src/lib.rs:620:
     #[test]
     fn distinguishes_json_braces_from_interpolation() {
         let program = parse(r#"fn main() { "{\"answer\":42}" }"#).unwrap();
[31m-        let Item::Function(function) = &program.items[0] else { panic!("expected function") };
[0m[31m-        let expression = function.body.as_ref().and_then(|body| body.final_expr.as_deref()).unwrap();
[0m[32m+        let Item::Function(function) = &program.items[0] else {
[0m[32m+            panic!("expected function")
[0m[32m+        };
[0m[32m+        let expression = function
[0m[32m+            .body
[0m[32m+            .as_ref()
[0m[32m+            .and_then(|body| body.final_expr.as_deref())
[0m[32m+            .unwrap();
[0m         assert!(matches!(expression, Expr::String { .. }));
         assert!(contains_interpolation("answer={answer}"));
     }
Diff in /data/data/com.termux/files/home/titan/crates/titan_parser/src/lib.rs:628:
 
     #[test]
[31m-    fn rejects_invalid_programs() { assert!(parse("fn broken( {").is_err()); }
[0m[32m+    fn rejects_invalid_programs() {
[0m[32m+        assert!(parse("fn broken( {").is_err());
[0m[32m+    }
[0m }
 
Diff in /data/data/com.termux/files/home/titan/crates/titan_pkg/src/lib.rs:3:
 pub mod project;
 pub use project::{create_project, default_entry, find_project_root, ProjectError, SourceProject};
 
[32m+use serde::{Deserialize, Serialize};
[0m use std::collections::BTreeMap;
 use std::path::Path;
 use thiserror::Error;
Diff in /data/data/com.termux/files/home/titan/crates/titan_pkg/src/lib.rs:9:
[31m-use serde::{Deserialize, Serialize};
[0m 
 #[derive(Error, Debug)]
 pub enum PkgError {
Diff in /data/data/com.termux/files/home/titan/crates/titan_pkg/src/lib.rs:55:
         let content = std::fs::read_to_string(path.join("Titan.toml"))
             .map_err(|_| PkgError::NotFound("Titan.toml".into()))?;
         let manifest: Self = toml::from_str(&content)?;
[31m-        semver::Version::parse(&manifest.package.version).map_err(|_| PkgError::InvalidVersion(manifest.package.version.clone()))?;
[0m[32m+        semver::Version::parse(&manifest.package.version)
[0m[32m+            .map_err(|_| PkgError::InvalidVersion(manifest.package.version.clone()))?;
[0m         Ok(manifest)
     }
     pub fn new(name: &str) -> Self {
Diff in /data/data/com.termux/files/home/titan/crates/titan_pkg/src/lib.rs:62:
         Manifest {
             package: PackageInfo {
[31m-                name: name.into(), version: "0.1.0".into(), edition: "2021".into(),
[0m[31m-                description: String::new(), license: "MIT".into(),
[0m[32m+                name: name.into(),
[0m[32m+                version: "0.1.0".into(),
[0m[32m+                edition: "2021".into(),
[0m[32m+                description: String::new(),
[0m[32m+                license: "MIT".into(),
[0m             },
             dependencies: BTreeMap::new(),
         }
Diff in /data/data/com.termux/files/home/titan/crates/titan_pkg/src/lib.rs:86:
     pub fn from_dependencies(dependencies: &BTreeMap<String, std::path::PathBuf>) -> Result<Self> {
         let mut packages = Vec::new();
         for (alias, source_root) in dependencies {
[31m-            let root = source_root.parent().ok_or_else(|| PkgError::NotFound(source_root.display().to_string()))?;
[0m[32m+            let root = source_root
[0m[32m+                .parent()
[0m[32m+                .ok_or_else(|| PkgError::NotFound(source_root.display().to_string()))?;
[0m             let manifest = Manifest::from_dir(root)?;
             packages.push(LockedPackage {
                 name: alias.clone(),
Diff in /data/data/com.termux/files/home/titan/crates/titan_pkg/src/lib.rs:95:
             });
         }
         packages.sort_by(|a, b| a.name.cmp(&b.name));
[31m-        Ok(Self { version: 1, packages })
[0m[32m+        Ok(Self {
[0m[32m+            version: 1,
[0m[32m+            packages,
[0m[32m+        })
[0m     }
 
[31m-    pub fn read(path: &Path) -> Result<Self> { Ok(serde_json::from_str(&std::fs::read_to_string(path)?)?) }
[0m[32m+    pub fn read(path: &Path) -> Result<Self> {
[0m[32m+        Ok(serde_json::from_str(&std::fs::read_to_string(path)?)?)
[0m[32m+    }
[0m 
     pub fn write(&self, path: &Path) -> Result<()> {
         let content = serde_json::to_string_pretty(self)? + "\n";
Diff in /data/data/com.termux/files/home/titan/crates/titan_pkg/src/lib.rs:105:
         let temporary = path.with_extension("lock.tmp");
         std::fs::write(&temporary, content)?;
[31m-        if path.exists() { std::fs::remove_file(path)?; }
[0m[32m+        if path.exists() {
[0m[32m+            std::fs::remove_file(path)?;
[0m[32m+        }
[0m         std::fs::rename(temporary, path)?;
         Ok(())
     }
Diff in /data/data/com.termux/files/home/titan/crates/titan_pkg/src/lib.rs:111:
 }
[32m+
[0mDiff in /data/data/com.termux/files/home/titan/crates/titan_pkg/src/project.rs:12:
     #[error("entry source not found: {0}")]
     EntryNotFound(PathBuf),
     #[error("cannot read {path}: {source}")]
[31m-    Read { path: PathBuf, #[source] source: std::io::Error },
[0m[32m+    Read {
[0m[32m+        path: PathBuf,
[0m[32m+        #[source]
[0m[32m+        source: std::io::Error,
[0m[32m+    },
[0m     #[error("lexical errors in {path}: {errors}")]
     Lex { path: PathBuf, errors: String },
     #[error("parse errors in {path}: {errors}")]
Diff in /data/data/com.termux/files/home/titan/crates/titan_pkg/src/project.rs:34:
     #[error("dependency cycle: {0}")]
     DependencyCycle(String),
     #[error("cannot create project file {path}: {source}")]
[31m-    Create { path: PathBuf, #[source] source: std::io::Error },
[0m[32m+    Create {
[0m[32m+        path: PathBuf,
[0m[32m+        #[source]
[0m[32m+        source: std::io::Error,
[0m[32m+    },
[0m }
 
 #[derive(Debug, Clone)]
Diff in /data/data/com.termux/files/home/titan/crates/titan_pkg/src/project.rs:52:
 impl SourceProject {
     pub fn load(entry: impl AsRef<Path>) -> Result<Self, ProjectError> {
         let requested = entry.as_ref();
[31m-        if !requested.exists() { return Err(ProjectError::EntryNotFound(requested.to_path_buf())); }
[0m[31m-        let entry = requested.canonicalize().map_err(|source| ProjectError::Read { path: requested.to_path_buf(), source })?;
[0m[31m-        let root = find_project_root(&entry).unwrap_or_else(|| entry.parent().unwrap_or(Path::new(".")).to_path_buf());
[0m[31m-        let source_root_candidate = if root.join("Titan.toml").is_file() { root.join("src") } else { root.clone() };
[0m[31m-        let source_root = source_root_candidate.canonicalize().map_err(|source| ProjectError::Read { path: source_root_candidate, source })?;
[0m[32m+        if !requested.exists() {
[0m[32m+            return Err(ProjectError::EntryNotFound(requested.to_path_buf()));
[0m[32m+        }
[0m[32m+        let entry = requested
[0m[32m+            .canonicalize()
[0m[32m+            .map_err(|source| ProjectError::Read {
[0m[32m+                path: requested.to_path_buf(),
[0m[32m+                source,
[0m[32m+            })?;
[0m[32m+        let root = find_project_root(&entry)
[0m[32m+            .unwrap_or_else(|| entry.parent().unwrap_or(Path::new(".")).to_path_buf());
[0m[32m+        let source_root_candidate = if root.join("Titan.toml").is_file() {
[0m[32m+            root.join("src")
[0m[32m+        } else {
[0m[32m+            root.clone()
[0m[32m+        };
[0m[32m+        let source_root =
[0m[32m+            source_root_candidate
[0m[32m+                .canonicalize()
[0m[32m+                .map_err(|source| ProjectError::Read {
[0m[32m+                    path: source_root_candidate,
[0m[32m+                    source,
[0m[32m+                })?;
[0m         let manifest = if root.join("Titan.toml").is_file() {
[31m-            Some(crate::Manifest::from_dir(&root).map_err(|error| ProjectError::Manifest { path: root.join("Titan.toml"), message: error.to_string() })?)
[0m[31m-        } else { None };
[0m[31m-        let dependencies = if let Some(manifest) = &manifest { collect_dependencies(&root, manifest)? } else { BTreeMap::new() };
[0m[31m-        let mut allowed_roots = vec![source_root.clone()]; allowed_roots.extend(dependencies.values().cloned());
[0m[32m+            Some(
[0m[32m+                crate::Manifest::from_dir(&root).map_err(|error| ProjectError::Manifest {
[0m[32m+                    path: root.join("Titan.toml"),
[0m[32m+                    message: error.to_string(),
[0m[32m+                })?,
[0m[32m+            )
[0m[32m+        } else {
[0m[32m+            None
[0m[32m+        };
[0m[32m+        let dependencies = if let Some(manifest) = &manifest {
[0m[32m+            collect_dependencies(&root, manifest)?
[0m[32m+        } else {
[0m[32m+            BTreeMap::new()
[0m[32m+        };
[0m[32m+        let mut allowed_roots = vec![source_root.clone()];
[0m[32m+        allowed_roots.extend(dependencies.values().cloned());
[0m         // Test and tool entrypoints may live outside `src`, but every resolved
         // import is still required to canonicalize inside an allowed source root.
[31m-        let mut loader = Loader { source_root: source_root.clone(), dependency_roots: dependencies.clone(), allowed_roots, sources: BTreeMap::new(), visited: HashSet::new(), stack: Vec::new(), items: Vec::new(), order: Vec::new() };
[0m[32m+        let mut loader = Loader {
[0m[32m+            source_root: source_root.clone(),
[0m[32m+            dependency_roots: dependencies.clone(),
[0m[32m+            allowed_roots,
[0m[32m+            sources: BTreeMap::new(),
[0m[32m+            visited: HashSet::new(),
[0m[32m+            stack: Vec::new(),
[0m[32m+            items: Vec::new(),
[0m[32m+            order: Vec::new(),
[0m[32m+        };
[0m         loader.visit(&entry)?;
[31m-        Ok(Self { root, source_root, entry, manifest, dependencies, program: Program { items: loader.items }, sources: loader.sources, load_order: loader.order })
[0m[32m+        Ok(Self {
[0m[32m+            root,
[0m[32m+            source_root,
[0m[32m+            entry,
[0m[32m+            manifest,
[0m[32m+            dependencies,
[0m[32m+            program: Program {
[0m[32m+                items: loader.items,
[0m[32m+            },
[0m[32m+            sources: loader.sources,
[0m[32m+            load_order: loader.order,
[0m[32m+        })
[0m     }
 }
 
Diff in /data/data/com.termux/files/home/titan/crates/titan_pkg/src/project.rs:83:
 
 impl Loader {
     fn visit(&mut self, path: &Path) -> Result<(), ProjectError> {
[31m-        let path = path.canonicalize().map_err(|source| ProjectError::Read { path: path.to_path_buf(), source })?;
[0m[32m+        let path = path.canonicalize().map_err(|source| ProjectError::Read {
[0m[32m+            path: path.to_path_buf(),
[0m[32m+            source,
[0m[32m+        })?;
[0m         if let Some(position) = self.stack.iter().position(|item| item == &path) {
[31m-            let mut cycle: Vec<_> = self.stack[position..].iter().map(|p| relative_display(p, &self.source_root)).collect();
[0m[32m+            let mut cycle: Vec<_> = self.stack[position..]
[0m[32m+                .iter()
[0m[32m+                .map(|p| relative_display(p, &self.source_root))
[0m[32m+                .collect();
[0m             cycle.push(relative_display(&path, &self.source_root));
[31m-            return Err(ProjectError::ImportCycle { chain: cycle.join(" -> ") });
[0m[32m+            return Err(ProjectError::ImportCycle {
[0m[32m+                chain: cycle.join(" -> "),
[0m[32m+            });
[0m         }
[31m-        if self.visited.contains(&path) { return Ok(()); }
[0m[31m-        let source = std::fs::read_to_string(&path).map_err(|source| ProjectError::Read { path: path.clone(), source })?;
[0m[32m+        if self.visited.contains(&path) {
[0m[32m+            return Ok(());
[0m[32m+        }
[0m[32m+        let source = std::fs::read_to_string(&path).map_err(|source| ProjectError::Read {
[0m[32m+            path: path.clone(),
[0m[32m+            source,
[0m[32m+        })?;
[0m         let program = parse_file(&path, &source)?;
         self.sources.insert(path.clone(), source);
         self.stack.push(path.clone());
Diff in /data/data/com.termux/files/home/titan/crates/titan_pkg/src/project.rs:97:
         for item in &program.items {
             if let Item::Import(import) = item {
[31m-                if import.path.first().map(String::as_str) == Some("std") { continue; }
[0m[32m+                if import.path.first().map(String::as_str) == Some("std") {
[0m[32m+                    continue;
[0m[32m+                }
[0m                 let imported = self.resolve_import(&import.path, &path)?;
                 self.visit(&imported)?;
             }
Diff in /data/data/com.termux/files/home/titan/crates/titan_pkg/src/project.rs:104:
         self.stack.pop();
         self.visited.insert(path.clone());
         self.order.push(path);
[31m-        self.items.extend(program.items.into_iter().filter(|item| !matches!(item, Item::Import(_))));
[0m[32m+        self.items.extend(
[0m[32m+            program
[0m[32m+                .items
[0m[32m+                .into_iter()
[0m[32m+                .filter(|item| !matches!(item, Item::Import(_))),
[0m[32m+        );
[0m         Ok(())
     }
 
Diff in /data/data/com.termux/files/home/titan/crates/titan_pkg/src/project.rs:111:
     fn resolve_import(&self, segments: &[String], from: &Path) -> Result<PathBuf, ProjectError> {
         let display = segments.join("::");
[31m-        let (base, path_segments) = if let Some(root) = segments.first().and_then(|name| self.dependency_roots.get(name)) {
[0m[32m+        let (base, path_segments) = if let Some(root) = segments
[0m[32m+            .first()
[0m[32m+            .and_then(|name| self.dependency_roots.get(name))
[0m[32m+        {
[0m             (root, &segments[1..])
         } else {
[31m-            let owner = self.allowed_roots.iter().filter(|root| from.starts_with(root)).max_by_key(|root| root.components().count()).unwrap_or(&self.source_root);
[0m[32m+            let owner = self
[0m[32m+                .allowed_roots
[0m[32m+                .iter()
[0m[32m+                .filter(|root| from.starts_with(root))
[0m[32m+                .max_by_key(|root| root.components().count())
[0m[32m+                .unwrap_or(&self.source_root);
[0m             (owner, segments)
         };
         if path_segments.is_empty() {
Diff in /data/data/com.termux/files/home/titan/crates/titan_pkg/src/project.rs:120:
             let candidate = base.join("lib.titan");
[31m-            if candidate.is_file() { return candidate.canonicalize().map_err(|source| ProjectError::Read { path: candidate, source }); }
[0m[32m+            if candidate.is_file() {
[0m[32m+                return candidate
[0m[32m+                    .canonicalize()
[0m[32m+                    .map_err(|source| ProjectError::Read {
[0m[32m+                        path: candidate,
[0m[32m+                        source,
[0m[32m+                    });
[0m[32m+            }
[0m         }
         for length in (1..=path_segments.len()).rev() {
[31m-            let relative = path_segments[..length].iter().fold(PathBuf::new(), |path, part| path.join(part));
[0m[31m-            let candidates = [base.join(&relative).with_extension("titan"), base.join(&relative).join("mod.titan")];
[0m[32m+            let relative = path_segments[..length]
[0m[32m+                .iter()
[0m[32m+                .fold(PathBuf::new(), |path, part| path.join(part));
[0m[32m+            let candidates = [
[0m[32m+                base.join(&relative).with_extension("titan"),
[0m[32m+                base.join(&relative).join("mod.titan"),
[0m[32m+            ];
[0m             for candidate in candidates {
                 if candidate.is_file() {
[31m-                    let canonical = candidate.canonicalize().map_err(|source| ProjectError::Read { path: candidate.clone(), source })?;
[0m[31m-                    if !self.allowed_roots.iter().any(|root| canonical.starts_with(root)) { return Err(ProjectError::ImportEscapesRoot { import: display, root: base.clone() }); }
[0m[32m+                    let canonical =
[0m[32m+                        candidate
[0m[32m+                            .canonicalize()
[0m[32m+                            .map_err(|source| ProjectError::Read {
[0m[32m+                                path: candidate.clone(),
[0m[32m+                                source,
[0m[32m+                            })?;
[0m[32m+                    if !self
[0m[32m+                        .allowed_roots
[0m[32m+                        .iter()
[0m[32m+                        .any(|root| canonical.starts_with(root))
[0m[32m+                    {
[0m[32m+                        return Err(ProjectError::ImportEscapesRoot {
[0m[32m+                            import: display,
[0m[32m+                            root: base.clone(),
[0m[32m+                        });
[0m[32m+                    }
[0m                     return Ok(canonical);
                 }
             }
Diff in /data/data/com.termux/files/home/titan/crates/titan_pkg/src/project.rs:133:
         }
[31m-        Err(ProjectError::ImportNotFound { import: display, from: from.to_path_buf() })
[0m[32m+        Err(ProjectError::ImportNotFound {
[0m[32m+            import: display,
[0m[32m+            from: from.to_path_buf(),
[0m[32m+        })
[0m     }
 }
 
Diff in /data/data/com.termux/files/home/titan/crates/titan_pkg/src/project.rs:138:
[31m-fn collect_dependencies(root: &Path, manifest: &crate::Manifest) -> Result<BTreeMap<String, PathBuf>, ProjectError> {
[0m[31m-    fn visit(root: &Path, manifest: &crate::Manifest, output: &mut BTreeMap<String, PathBuf>, stack: &mut Vec<PathBuf>) -> Result<(), ProjectError> {
[0m[31m-        let root = root.canonicalize().map_err(|source| ProjectError::Read { path: root.to_path_buf(), source })?;
[0m[32m+fn collect_dependencies(
[0m[32m+    root: &Path,
[0m[32m+    manifest: &crate::Manifest,
[0m[32m+) -> Result<BTreeMap<String, PathBuf>, ProjectError> {
[0m[32m+    fn visit(
[0m[32m+        root: &Path,
[0m[32m+        manifest: &crate::Manifest,
[0m[32m+        output: &mut BTreeMap<String, PathBuf>,
[0m[32m+        stack: &mut Vec<PathBuf>,
[0m[32m+    ) -> Result<(), ProjectError> {
[0m[32m+        let root = root.canonicalize().map_err(|source| ProjectError::Read {
[0m[32m+            path: root.to_path_buf(),
[0m[32m+            source,
[0m[32m+        })?;
[0m         if let Some(position) = stack.iter().position(|path| path == &root) {
[31m-            let chain = stack[position..].iter().chain(std::iter::once(&root)).map(|path| path.display().to_string()).collect::<Vec<_>>().join(" -> ");
[0m[32m+            let chain = stack[position..]
[0m[32m+                .iter()
[0m[32m+                .chain(std::iter::once(&root))
[0m[32m+                .map(|path| path.display().to_string())
[0m[32m+                .collect::<Vec<_>>()
[0m[32m+                .join(" -> ");
[0m             return Err(ProjectError::DependencyCycle(chain));
         }
         stack.push(root.clone());
Diff in /data/data/com.termux/files/home/titan/crates/titan_pkg/src/project.rs:146:
         for (alias, dependency) in &manifest.dependencies {
[31m-            let relative = dependency.path.as_ref().ok_or_else(|| ProjectError::DependencyNeedsPath { name: alias.clone() })?;
[0m[31m-            let dependency_root = root.join(relative).canonicalize().map_err(|source| ProjectError::Read { path: root.join(relative), source })?;
[0m[31m-            let dependency_manifest = crate::Manifest::from_dir(&dependency_root).map_err(|error| ProjectError::Manifest { path: dependency_root.join("Titan.toml"), message: error.to_string() })?;
[0m[32m+            let relative =
[0m[32m+                dependency
[0m[32m+                    .path
[0m[32m+                    .as_ref()
[0m[32m+                    .ok_or_else(|| ProjectError::DependencyNeedsPath {
[0m[32m+                        name: alias.clone(),
[0m[32m+                    })?;
[0m[32m+            let dependency_root =
[0m[32m+                root.join(relative)
[0m[32m+                    .canonicalize()
[0m[32m+                    .map_err(|source| ProjectError::Read {
[0m[32m+                        path: root.join(relative),
[0m[32m+                        source,
[0m[32m+                    })?;
[0m[32m+            let dependency_manifest =
[0m[32m+                crate::Manifest::from_dir(&dependency_root).map_err(|error| {
[0m[32m+                    ProjectError::Manifest {
[0m[32m+                        path: dependency_root.join("Titan.toml"),
[0m[32m+                        message: error.to_string(),
[0m[32m+                    }
[0m[32m+                })?;
[0m             let source_candidate = dependency_root.join("src");
[31m-            let source_root = source_candidate.canonicalize().map_err(|source| ProjectError::Read { path: source_candidate, source })?;
[0m[32m+            let source_root =
[0m[32m+                source_candidate
[0m[32m+                    .canonicalize()
[0m[32m+                    .map_err(|source| ProjectError::Read {
[0m[32m+                        path: source_candidate,
[0m[32m+                        source,
[0m[32m+                    })?;
[0m             output.entry(alias.clone()).or_insert(source_root);
             visit(&dependency_root, &dependency_manifest, output, stack)?;
         }
Diff in /data/data/com.termux/files/home/titan/crates/titan_pkg/src/project.rs:155:
[31m-        stack.pop(); Ok(())
[0m[32m+        stack.pop();
[0m[32m+        Ok(())
[0m     }
[31m-    let mut output = BTreeMap::new(); visit(root, manifest, &mut output, &mut Vec::new())?; Ok(output)
[0m[32m+    let mut output = BTreeMap::new();
[0m[32m+    visit(root, manifest, &mut output, &mut Vec::new())?;
[0m[32m+    Ok(output)
[0m }
 
 fn parse_file(path: &Path, source: &str) -> Result<Program, ProjectError> {
Diff in /data/data/com.termux/files/home/titan/crates/titan_pkg/src/project.rs:161:
     let mut lexer = Lexer::new(source);
     let (tokens, errors) = lexer.tokenize();
[31m-    if !errors.is_empty() { return Err(ProjectError::Lex { path: path.to_path_buf(), errors: errors.iter().map(ToString::to_string).collect::<Vec<_>>().join("\n") }); }
[0m[32m+    if !errors.is_empty() {
[0m[32m+        return Err(ProjectError::Lex {
[0m[32m+            path: path.to_path_buf(),
[0m[32m+            errors: errors
[0m[32m+                .iter()
[0m[32m+                .map(ToString::to_string)
[0m[32m+                .collect::<Vec<_>>()
[0m[32m+                .join("\n"),
[0m[32m+        });
[0m[32m+    }
[0m     let mut parser = Parser::new(tokens.to_vec());
     parser.parse_program().map_err(|error| {
         let mut errors = vec![error.to_string()];
Diff in /data/data/com.termux/files/home/titan/crates/titan_pkg/src/project.rs:167:
         errors.extend(parser.errors().iter().skip(1).map(ToString::to_string));
[31m-        ProjectError::Parse { path: path.to_path_buf(), errors: errors.join("\n") }
[0m[32m+        ProjectError::Parse {
[0m[32m+            path: path.to_path_buf(),
[0m[32m+            errors: errors.join("\n"),
[0m[32m+        }
[0m     })
 }
 
Diff in /data/data/com.termux/files/home/titan/crates/titan_pkg/src/project.rs:172:
 pub fn find_project_root(path: &Path) -> Option<PathBuf> {
     let absolute = path.canonicalize().ok()?;
[31m-    let start = if absolute.is_dir() { absolute.as_path() } else { absolute.parent()? };
[0m[31m-    start.ancestors().find(|directory| directory.join("Titan.toml").is_file()).map(Path::to_path_buf)
[0m[32m+    let start = if absolute.is_dir() {
[0m[32m+        absolute.as_path()
[0m[32m+    } else {
[0m[32m+        absolute.parent()?
[0m[32m+    };
[0m[32m+    start
[0m[32m+        .ancestors()
[0m[32m+        .find(|directory| directory.join("Titan.toml").is_file())
[0m[32m+        .map(Path::to_path_buf)
[0m }
 
 pub fn default_entry(path: impl AsRef<Path>) -> PathBuf {
Diff in /data/data/com.termux/files/home/titan/crates/titan_pkg/src/project.rs:179:
     let path = path.as_ref();
[31m-    if path.is_file() || path.extension().and_then(|value| value.to_str()) == Some("titan") { return path.to_path_buf(); }
[0m[31m-    if let Some(root) = find_project_root(path) { return root.join("src/main.titan"); }
[0m[32m+    if path.is_file() || path.extension().and_then(|value| value.to_str()) == Some("titan") {
[0m[32m+        return path.to_path_buf();
[0m[32m+    }
[0m[32m+    if let Some(root) = find_project_root(path) {
[0m[32m+        return root.join("src/main.titan");
[0m[32m+    }
[0m     path.join("main.titan")
 }
 
Diff in /data/data/com.termux/files/home/titan/crates/titan_pkg/src/project.rs:185:
 pub fn create_project(path: impl AsRef<Path>, name: &str) -> Result<PathBuf, ProjectError> {
[31m-    if name.is_empty() || !name.chars().next().is_some_and(|c| c.is_ascii_alphabetic()) || !name.chars().all(|c| c.is_ascii_alphanumeric() || c == '_' || c == '-') {
[0m[32m+    if name.is_empty()
[0m[32m+        || !name.chars().next().is_some_and(|c| c.is_ascii_alphabetic())
[0m[32m+        || !name
[0m[32m+            .chars()
[0m[32m+            .all(|c| c.is_ascii_alphanumeric() || c == '_' || c == '-')
[0m[32m+    {
[0m         return Err(ProjectError::InvalidName(name.into()));
     }
     let root = path.as_ref();
Diff in /data/data/com.termux/files/home/titan/crates/titan_pkg/src/project.rs:190:
[31m-    if root.exists() && root.read_dir().map(|mut entries| entries.next().is_some()).unwrap_or(true) { return Err(ProjectError::AlreadyExists(root.to_path_buf())); }
[0m[32m+    if root.exists()
[0m[32m+        && root
[0m[32m+            .read_dir()
[0m[32m+            .map(|mut entries| entries.next().is_some())
[0m[32m+            .unwrap_or(true)
[0m[32m+    {
[0m[32m+        return Err(ProjectError::AlreadyExists(root.to_path_buf()));
[0m[32m+    }
[0m     let source_dir = root.join("src");
[31m-    std::fs::create_dir_all(&source_dir).map_err(|error| ProjectError::Create { path: root.to_path_buf(), source: error })?;
[0m[32m+    std::fs::create_dir_all(&source_dir).map_err(|error| ProjectError::Create {
[0m[32m+        path: root.to_path_buf(),
[0m[32m+        source: error,
[0m[32m+    })?;
[0m     let manifest = format!("[package]\nname = \"{name}\"\nversion = \"0.1.0\"\nedition = \"2021\"\nlicense = \"MIT\"\n\n[dependencies]\n");
[31m-    std::fs::write(root.join("Titan.toml"), manifest).map_err(|error| ProjectError::Create { path: root.join("Titan.toml"), source: error })?;
[0m[32m+    std::fs::write(root.join("Titan.toml"), manifest).map_err(|error| ProjectError::Create {
[0m[32m+        path: root.join("Titan.toml"),
[0m[32m+        source: error,
[0m[32m+    })?;
[0m     let main_source = source_dir.join("main.titan");
[31m-    std::fs::write(&main_source, "fn main() {\n    print(\"Hello from Titan!\")\n}\n").map_err(|error| ProjectError::Create { path: main_source, source: error })?;
[0m[32m+    std::fs::write(
[0m[32m+        &main_source,
[0m[32m+        "fn main() {\n    print(\"Hello from Titan!\")\n}\n",
[0m[32m+    )
[0m[32m+    .map_err(|error| ProjectError::Create {
[0m[32m+        path: main_source,
[0m[32m+        source: error,
[0m[32m+    })?;
[0m     Ok(root.to_path_buf())
 }
 
Diff in /data/data/com.termux/files/home/titan/crates/titan_pkg/src/project.rs:200:
[31m-fn relative_display(path: &Path, root: &Path) -> String { path.strip_prefix(root).unwrap_or(path).display().to_string() }
[0m[32m+fn relative_display(path: &Path, root: &Path) -> String {
[0m[32m+    path.strip_prefix(root)
[0m[32m+        .unwrap_or(path)
[0m[32m+        .display()
[0m[32m+        .to_string()
[0m[32m+}
[0m 
 #[cfg(test)]
 mod tests {
Diff in /data/data/com.termux/files/home/titan/crates/titan_pkg/src/project.rs:204:
     use super::*;
     use std::time::{SystemTime, UNIX_EPOCH};
 
[31m-    fn temporary(name: &str) -> PathBuf { std::env::temp_dir().join(format!("titan-{name}-{}-{}", std::process::id(), SystemTime::now().duration_since(UNIX_EPOCH).unwrap().as_nanos())) }
[0m[32m+    fn temporary(name: &str) -> PathBuf {
[0m[32m+        std::env::temp_dir().join(format!(
[0m[32m+            "titan-{name}-{}-{}",
[0m[32m+            std::process::id(),
[0m[32m+            SystemTime::now()
[0m[32m+                .duration_since(UNIX_EPOCH)
[0m[32m+                .unwrap()
[0m[32m+                .as_nanos()
[0m[32m+        ))
[0m[32m+    }
[0m 
     #[test]
     fn loads_imports_once_in_dependency_order() {
Diff in /data/data/com.termux/files/home/titan/crates/titan_pkg/src/project.rs:211:
[31m-        let root = temporary("imports"); create_project(&root, "imports").unwrap();
[0m[31m-        std::fs::write(root.join("src/math.titan"), "fn double(x: int) -> int { x * 2 }").unwrap();
[0m[31m-        std::fs::write(root.join("src/main.titan"), "import math\nimport math\nfn main() { double(21) }").unwrap();
[0m[32m+        let root = temporary("imports");
[0m[32m+        create_project(&root, "imports").unwrap();
[0m[32m+        std::fs::write(
[0m[32m+            root.join("src/math.titan"),
[0m[32m+            "fn double(x: int) -> int { x * 2 }",
[0m[32m+        )
[0m[32m+        .unwrap();
[0m[32m+        std::fs::write(
[0m[32m+            root.join("src/main.titan"),
[0m[32m+            "import math\nimport math\nfn main() { double(21) }",
[0m[32m+        )
[0m[32m+        .unwrap();
[0m         let project = SourceProject::load(root.join("src/main.titan")).unwrap();
[31m-        assert_eq!(project.load_order.len(), 2); assert_eq!(project.program.items.len(), 2);
[0m[32m+        assert_eq!(project.load_order.len(), 2);
[0m[32m+        assert_eq!(project.program.items.len(), 2);
[0m         std::fs::remove_dir_all(root).unwrap();
     }
 
Diff in /data/data/com.termux/files/home/titan/crates/titan_pkg/src/project.rs:219:
     #[test]
     fn detects_import_cycles() {
[31m-        let root = temporary("cycle"); create_project(&root, "cycle").unwrap();
[0m[32m+        let root = temporary("cycle");
[0m[32m+        create_project(&root, "cycle").unwrap();
[0m         std::fs::write(root.join("src/a.titan"), "import b\nfn a() { 1 }").unwrap();
         std::fs::write(root.join("src/b.titan"), "import a\nfn b() { 2 }").unwrap();
         std::fs::write(root.join("src/main.titan"), "import a\nfn main() { a() }").unwrap();
Diff in /data/data/com.termux/files/home/titan/crates/titan_pkg/src/project.rs:225:
[31m-        assert!(matches!(SourceProject::load(root.join("src/main.titan")), Err(ProjectError::ImportCycle { .. })));
[0m[32m+        assert!(matches!(
[0m[32m+            SourceProject::load(root.join("src/main.titan")),
[0m[32m+            Err(ProjectError::ImportCycle { .. })
[0m[32m+        ));
[0m         std::fs::remove_dir_all(root).unwrap();
     }
 
Diff in /data/data/com.termux/files/home/titan/crates/titan_pkg/src/project.rs:229:
     #[test]
     fn resolves_local_path_dependencies() {
[31m-        let parent = temporary("dependency"); let dependency = parent.join("mathlib"); let application = parent.join("app");
[0m[32m+        let parent = temporary("dependency");
[0m[32m+        let dependency = parent.join("mathlib");
[0m[32m+        let application = parent.join("app");
[0m         create_project(&dependency, "mathlib").unwrap();
[31m-        std::fs::rename(dependency.join("src/main.titan"), dependency.join("src/lib.titan")).unwrap();
[0m[31m-        std::fs::write(dependency.join("src/lib.titan"), "fn triple(value: int) -> int { value * 3 }").unwrap();
[0m[32m+        std::fs::rename(
[0m[32m+            dependency.join("src/main.titan"),
[0m[32m+            dependency.join("src/lib.titan"),
[0m[32m+        )
[0m[32m+        .unwrap();
[0m[32m+        std::fs::write(
[0m[32m+            dependency.join("src/lib.titan"),
[0m[32m+            "fn triple(value: int) -> int { value * 3 }",
[0m[32m+        )
[0m[32m+        .unwrap();
[0m         create_project(&application, "app").unwrap();
[31m-        let manifest = std::fs::read_to_string(application.join("Titan.toml")).unwrap() + "\n[dependencies.math]\npath = \"../mathlib\"\n";
[0m[32m+        let manifest = std::fs::read_to_string(application.join("Titan.toml")).unwrap()
[0m[32m+            + "\n[dependencies.math]\npath = \"../mathlib\"\n";
[0m         std::fs::write(application.join("Titan.toml"), manifest).unwrap();
[31m-        std::fs::write(application.join("src/main.titan"), "import math\nfn main() { triple(14) }").unwrap();
[0m[32m+        std::fs::write(
[0m[32m+            application.join("src/main.titan"),
[0m[32m+            "import math\nfn main() { triple(14) }",
[0m[32m+        )
[0m[32m+        .unwrap();
[0m         let project = SourceProject::load(application.join("src/main.titan")).unwrap();
[31m-        assert!(project.dependencies.contains_key("math")); assert_eq!(project.program.items.len(), 2);
[0m[32m+        assert!(project.dependencies.contains_key("math"));
[0m[32m+        assert_eq!(project.program.items.len(), 2);
[0m         std::fs::remove_dir_all(parent).unwrap();
     }
 }
Diff in /data/data/com.termux/files/home/titan/crates/titan_runtime/src/lib.rs:18:
 }
 
 impl Scheduler {
[31m-    pub fn new() -> Self { Self { fibers: Vec::new(), run_queue: VecDeque::new(), next_id: 1 } }
[0m[32m+    pub fn new() -> Self {
[0m[32m+        Self {
[0m[32m+            fibers: Vec::new(),
[0m[32m+            run_queue: VecDeque::new(),
[0m[32m+            next_id: 1,
[0m[32m+        }
[0m[32m+    }
[0m 
     pub fn spawn(&mut self, requested_parent: Option<FiberId>) -> FiberId {
         let id = self.next_id;
Diff in /data/data/com.termux/files/home/titan/crates/titan_runtime/src/lib.rs:25:
         self.next_id += 1;
[31m-        let parent = requested_parent.filter(|parent| self.fibers.iter().any(|fiber| fiber.id == *parent));
[0m[32m+        let parent =
[0m[32m+            requested_parent.filter(|parent| self.fibers.iter().any(|fiber| fiber.id == *parent));
[0m         if let Some(parent) = parent {
[31m-            if let Some(fiber) = self.fibers.iter_mut().find(|fiber| fiber.id == parent) { fiber.children.push(id); }
[0m[32m+            if let Some(fiber) = self.fibers.iter_mut().find(|fiber| fiber.id == parent) {
[0m[32m+                fiber.children.push(id);
[0m[32m+            }
[0m         }
[31m-        self.fibers.push(Fiber { id, parent, children: Vec::new() });
[0m[32m+        self.fibers.push(Fiber {
[0m[32m+            id,
[0m[32m+            parent,
[0m[32m+            children: Vec::new(),
[0m[32m+        });
[0m         self.run_queue.push_back(id);
         id
     }
Diff in /data/data/com.termux/files/home/titan/crates/titan_runtime/src/lib.rs:34:
 
     pub fn wake(&mut self, fiber_id: FiberId) -> bool {
[31m-        if !self.fibers.iter().any(|fiber| fiber.id == fiber_id) || self.run_queue.contains(&fiber_id) { return false; }
[0m[32m+        if !self.fibers.iter().any(|fiber| fiber.id == fiber_id)
[0m[32m+            || self.run_queue.contains(&fiber_id)
[0m[32m+        {
[0m[32m+            return false;
[0m[32m+        }
[0m         self.run_queue.push_back(fiber_id);
         true
     }
Diff in /data/data/com.termux/files/home/titan/crates/titan_runtime/src/lib.rs:40:
 
[31m-    pub fn fiber(&self, fiber_id: FiberId) -> Option<&Fiber> { self.fibers.iter().find(|fiber| fiber.id == fiber_id) }
[0m[31m-    pub fn is_queued(&self, fiber_id: FiberId) -> bool { self.run_queue.contains(&fiber_id) }
[0m[31m-    pub fn fiber_count(&self) -> usize { self.fibers.len() }
[0m[31m-    pub fn queued_count(&self) -> usize { self.run_queue.len() }
[0m[32m+    pub fn fiber(&self, fiber_id: FiberId) -> Option<&Fiber> {
[0m[32m+        self.fibers.iter().find(|fiber| fiber.id == fiber_id)
[0m[32m+    }
[0m[32m+    pub fn is_queued(&self, fiber_id: FiberId) -> bool {
[0m[32m+        self.run_queue.contains(&fiber_id)
[0m[32m+    }
[0m[32m+    pub fn fiber_count(&self) -> usize {
[0m[32m+        self.fibers.len()
[0m[32m+    }
[0m[32m+    pub fn queued_count(&self) -> usize {
[0m[32m+        self.run_queue.len()
[0m[32m+    }
[0m }
 
 impl Iterator for Scheduler {
Diff in /data/data/com.termux/files/home/titan/crates/titan_runtime/src/lib.rs:48:
     type Item = FiberId;
[31m-    fn next(&mut self) -> Option<Self::Item> { self.run_queue.pop_front() }
[0m[32m+    fn next(&mut self) -> Option<Self::Item> {
[0m[32m+        self.run_queue.pop_front()
[0m[32m+    }
[0m }
 
[31m-impl Default for Scheduler { fn default() -> Self { Self::new() } }
[0m[32m+impl Default for Scheduler {
[0m[32m+    fn default() -> Self {
[0m[32m+        Self::new()
[0m[32m+    }
[0m[32m+}
[0m 
 #[cfg(test)]
 mod tests {
Diff in /data/data/com.termux/files/home/titan/crates/titan_runtime/src/lib.rs:58:
     #[test]
     fn schedules_fifo_without_duplicate_wakes() {
         let mut scheduler = Scheduler::new();
[31m-        let first = scheduler.spawn(None); let second = scheduler.spawn(None);
[0m[32m+        let first = scheduler.spawn(None);
[0m[32m+        let second = scheduler.spawn(None);
[0m         assert_eq!(scheduler.next(), Some(first));
         assert!(scheduler.wake(first));
         assert!(!scheduler.wake(first));
Diff in /data/data/com.termux/files/home/titan/crates/titan_runtime/src/lib.rs:68:
     #[test]
     fn records_only_valid_parent_relationships() {
         let mut scheduler = Scheduler::new();
[31m-        let parent = scheduler.spawn(None); let child = scheduler.spawn(Some(parent)); let orphan = scheduler.spawn(Some(999));
[0m[32m+        let parent = scheduler.spawn(None);
[0m[32m+        let child = scheduler.spawn(Some(parent));
[0m[32m+        let orphan = scheduler.spawn(Some(999));
[0m         assert_eq!(scheduler.fiber(parent).unwrap().children, vec![child]);
         assert_eq!(scheduler.fiber(child).unwrap().parent, Some(parent));
         assert_eq!(scheduler.fiber(orphan).unwrap().parent, None);
Diff in /data/data/com.termux/files/home/titan/crates/titan_stdlib/src/bytes.rs:1:
 //! Bounds-checked binary reader and writer with explicit endianness.
 
 use thiserror::Error;
[31m-#[derive(Error, Debug, Clone, PartialEq, Eq)] pub enum ByteError { #[error("unexpected end of input at byte {offset}: needed {needed} bytes")] UnexpectedEnd { offset: usize, needed: usize }, #[error("invalid UTF-8 string")] InvalidUtf8, #[error("length {0} cannot be represented as u32")] LengthOverflow(usize) }
[0m[32m+#[derive(Error, Debug, Clone, PartialEq, Eq)]
[0m[32m+pub enum ByteError {
[0m[32m+    #[error("unexpected end of input at byte {offset}: needed {needed} bytes")]
[0m[32m+    UnexpectedEnd { offset: usize, needed: usize },
[0m[32m+    #[error("invalid UTF-8 string")]
[0m[32m+    InvalidUtf8,
[0m[32m+    #[error("length {0} cannot be represented as u32")]
[0m[32m+    LengthOverflow(usize),
[0m[32m+}
[0m 
[31m-pub struct Reader<'a> { data: &'a [u8], position: usize }
[0m[32m+pub struct Reader<'a> {
[0m[32m+    data: &'a [u8],
[0m[32m+    position: usize,
[0m[32m+}
[0m impl<'a> Reader<'a> {
[31m-    pub fn new(data: &'a [u8]) -> Self { Self { data, position: 0 } }
[0m[31m-    pub fn position(&self) -> usize { self.position }
[0m[31m-    pub fn remaining(&self) -> usize { self.data.len().saturating_sub(self.position) }
[0m[31m-    pub fn seek(&mut self, position: usize) -> Result<(), ByteError> { if position <= self.data.len() { self.position = position; Ok(()) } else { Err(ByteError::UnexpectedEnd { offset: self.data.len(), needed: position - self.data.len() }) } }
[0m[31m-    pub fn read_exact(&mut self, count: usize) -> Result<&'a [u8], ByteError> { if self.remaining() < count { return Err(ByteError::UnexpectedEnd { offset: self.position, needed: count }); } let start = self.position; self.position += count; Ok(&self.data[start..self.position]) }
[0m[31m-    pub fn u8(&mut self) -> Result<u8, ByteError> { Ok(self.read_exact(1)?[0]) }
[0m[31m-    pub fn u16_le(&mut self) -> Result<u16, ByteError> { Ok(u16::from_le_bytes(self.read_exact(2)?.try_into().unwrap())) }
[0m[31m-    pub fn u16_be(&mut self) -> Result<u16, ByteError> { Ok(u16::from_be_bytes(self.read_exact(2)?.try_into().unwrap())) }
[0m[31m-    pub fn u32_le(&mut self) -> Result<u32, ByteError> { Ok(u32::from_le_bytes(self.read_exact(4)?.try_into().unwrap())) }
[0m[31m-    pub fn u32_be(&mut self) -> Result<u32, ByteError> { Ok(u32::from_be_bytes(self.read_exact(4)?.try_into().unwrap())) }
[0m[31m-    pub fn u64_le(&mut self) -> Result<u64, ByteError> { Ok(u64::from_le_bytes(self.read_exact(8)?.try_into().unwrap())) }
[0m[31m-    pub fn i64_le(&mut self) -> Result<i64, ByteError> { Ok(i64::from_le_bytes(self.read_exact(8)?.try_into().unwrap())) }
[0m[31m-    pub fn f64_le(&mut self) -> Result<f64, ByteError> { Ok(f64::from_le_bytes(self.read_exact(8)?.try_into().unwrap())) }
[0m[31m-    pub fn string_u32(&mut self) -> Result<String, ByteError> { let length = self.u32_le()? as usize; String::from_utf8(self.read_exact(length)?.to_vec()).map_err(|_| ByteError::InvalidUtf8) }
[0m[32m+    pub fn new(data: &'a [u8]) -> Self {
[0m[32m+        Self { data, position: 0 }
[0m[32m+    }
[0m[32m+    pub fn position(&self) -> usize {
[0m[32m+        self.position
[0m[32m+    }
[0m[32m+    pub fn remaining(&self) -> usize {
[0m[32m+        self.data.len().saturating_sub(self.position)
[0m[32m+    }
[0m[32m+    pub fn seek(&mut self, position: usize) -> Result<(), ByteError> {
[0m[32m+        if position <= self.data.len() {
[0m[32m+            self.position = position;
[0m[32m+            Ok(())
[0m[32m+        } else {
[0m[32m+            Err(ByteError::UnexpectedEnd {
[0m[32m+                offset: self.data.len(),
[0m[32m+                needed: position - self.data.len(),
[0m[32m+            })
[0m[32m+        }
[0m[32m+    }
[0m[32m+    pub fn read_exact(&mut self, count: usize) -> Result<&'a [u8], ByteError> {
[0m[32m+        if self.remaining() < count {
[0m[32m+            return Err(ByteError::UnexpectedEnd {
[0m[32m+                offset: self.position,
[0m[32m+                needed: count,
[0m[32m+            });
[0m[32m+        }
[0m[32m+        let start = self.position;
[0m[32m+        self.position += count;
[0m[32m+        Ok(&self.data[start..self.position])
[0m[32m+    }
[0m[32m+    pub fn u8(&mut self) -> Result<u8, ByteError> {
[0m[32m+        Ok(self.read_exact(1)?[0])
[0m[32m+    }
[0m[32m+    pub fn u16_le(&mut self) -> Result<u16, ByteError> {
[0m[32m+        Ok(u16::from_le_bytes(self.read_exact(2)?.try_into().unwrap()))
[0m[32m+    }
[0m[32m+    pub fn u16_be(&mut self) -> Result<u16, ByteError> {
[0m[32m+        Ok(u16::from_be_bytes(self.read_exact(2)?.try_into().unwrap()))
[0m[32m+    }
[0m[32m+    pub fn u32_le(&mut self) -> Result<u32, ByteError> {
[0m[32m+        Ok(u32::from_le_bytes(self.read_exact(4)?.try_into().unwrap()))
[0m[32m+    }
[0m[32m+    pub fn u32_be(&mut self) -> Result<u32, ByteError> {
[0m[32m+        Ok(u32::from_be_bytes(self.read_exact(4)?.try_into().unwrap()))
[0m[32m+    }
[0m[32m+    pub fn u64_le(&mut self) -> Result<u64, ByteError> {
[0m[32m+        Ok(u64::from_le_bytes(self.read_exact(8)?.try_into().unwrap()))
[0m[32m+    }
[0m[32m+    pub fn i64_le(&mut self) -> Result<i64, ByteError> {
[0m[32m+        Ok(i64::from_le_bytes(self.read_exact(8)?.try_into().unwrap()))
[0m[32m+    }
[0m[32m+    pub fn f64_le(&mut self) -> Result<f64, ByteError> {
[0m[32m+        Ok(f64::from_le_bytes(self.read_exact(8)?.try_into().unwrap()))
[0m[32m+    }
[0m[32m+    pub fn string_u32(&mut self) -> Result<String, ByteError> {
[0m[32m+        let length = self.u32_le()? as usize;
[0m[32m+        String::from_utf8(self.read_exact(length)?.to_vec()).map_err(|_| ByteError::InvalidUtf8)
[0m[32m+    }
[0m }
 
[31m-#[derive(Debug, Clone, Default)] pub struct Writer { data: Vec<u8> }
[0m[32m+#[derive(Debug, Clone, Default)]
[0m[32m+pub struct Writer {
[0m[32m+    data: Vec<u8>,
[0m[32m+}
[0m impl Writer {
[31m-    pub fn new() -> Self { Self::default() }
[0m[31m-    pub fn with_capacity(capacity: usize) -> Self { Self { data: Vec::with_capacity(capacity) } }
[0m[31m-    pub fn bytes(&mut self, value: &[u8]) { self.data.extend_from_slice(value); }
[0m[31m-    pub fn u8(&mut self, value: u8) { self.data.push(value); }
[0m[31m-    pub fn u16_le(&mut self, value: u16) { self.bytes(&value.to_le_bytes()); }
[0m[31m-    pub fn u16_be(&mut self, value: u16) { self.bytes(&value.to_be_bytes()); }
[0m[31m-    pub fn u32_le(&mut self, value: u32) { self.bytes(&value.to_le_bytes()); }
[0m[31m-    pub fn u32_be(&mut self, value: u32) { self.bytes(&value.to_be_bytes()); }
[0m[31m-    pub fn u64_le(&mut self, value: u64) { self.bytes(&value.to_le_bytes()); }
[0m[31m-    pub fn i64_le(&mut self, value: i64) { self.bytes(&value.to_le_bytes()); }
[0m[31m-    pub fn f64_le(&mut self, value: f64) { self.bytes(&value.to_le_bytes()); }
[0m[31m-    pub fn string_u32(&mut self, value: &str) -> Result<(), ByteError> { let length = u32::try_from(value.len()).map_err(|_| ByteError::LengthOverflow(value.len()))?; self.u32_le(length); self.bytes(value.as_bytes()); Ok(()) }
[0m[31m-    pub fn as_slice(&self) -> &[u8] { &self.data }
[0m[31m-    pub fn into_vec(self) -> Vec<u8> { self.data }
[0m[32m+    pub fn new() -> Self {
[0m[32m+        Self::default()
[0m[32m+    }
[0m[32m+    pub fn with_capacity(capacity: usize) -> Self {
[0m[32m+        Self {
[0m[32m+            data: Vec::with_capacity(capacity),
[0m[32m+        }
[0m[32m+    }
[0m[32m+    pub fn bytes(&mut self, value: &[u8]) {
[0m[32m+        self.data.extend_from_slice(value);
[0m[32m+    }
[0m[32m+    pub fn u8(&mut self, value: u8) {
[0m[32m+        self.data.push(value);
[0m[32m+    }
[0m[32m+    pub fn u16_le(&mut self, value: u16) {
[0m[32m+        self.bytes(&value.to_le_bytes());
[0m[32m+    }
[0m[32m+    pub fn u16_be(&mut self, value: u16) {
[0m[32m+        self.bytes(&value.to_be_bytes());
[0m[32m+    }
[0m[32m+    pub fn u32_le(&mut self, value: u32) {
[0m[32m+        self.bytes(&value.to_le_bytes());
[0m[32m+    }
[0m[32m+    pub fn u32_be(&mut self, value: u32) {
[0m[32m+        self.bytes(&value.to_be_bytes());
[0m[32m+    }
[0m[32m+    pub fn u64_le(&mut self, value: u64) {
[0m[32m+        self.bytes(&value.to_le_bytes());
[0m[32m+    }
[0m[32m+    pub fn i64_le(&mut self, value: i64) {
[0m[32m+        self.bytes(&value.to_le_bytes());
[0m[32m+    }
[0m[32m+    pub fn f64_le(&mut self, value: f64) {
[0m[32m+        self.bytes(&value.to_le_bytes());
[0m[32m+    }
[0m[32m+    pub fn string_u32(&mut self, value: &str) -> Result<(), ByteError> {
[0m[32m+        let length =
[0m[32m+            u32::try_from(value.len()).map_err(|_| ByteError::LengthOverflow(value.len()))?;
[0m[32m+        self.u32_le(length);
[0m[32m+        self.bytes(value.as_bytes());
[0m[32m+        Ok(())
[0m[32m+    }
[0m[32m+    pub fn as_slice(&self) -> &[u8] {
[0m[32m+        &self.data
[0m[32m+    }
[0m[32m+    pub fn into_vec(self) -> Vec<u8> {
[0m[32m+        self.data
[0m[32m+    }
[0m }
 
[31m-#[cfg(test)] mod tests { use super::*; #[test] fn round_trip_binary_values() { let mut writer = Writer::new(); writer.u32_be(0x12345678); writer.i64_le(-42); writer.string_u32("TITAN").unwrap(); let data = writer.into_vec(); let mut reader = Reader::new(&data); assert_eq!(reader.u32_be().unwrap(), 0x12345678); assert_eq!(reader.i64_le().unwrap(), -42); assert_eq!(reader.string_u32().unwrap(), "TITAN"); assert_eq!(reader.remaining(), 0); } }
[0m[32m+#[cfg(test)]
[0m[32m+mod tests {
[0m[32m+    use super::*;
[0m[32m+    #[test]
[0m[32m+    fn round_trip_binary_values() {
[0m[32m+        let mut writer = Writer::new();
[0m[32m+        writer.u32_be(0x12345678);
[0m[32m+        writer.i64_le(-42);
[0m[32m+        writer.string_u32("TITAN").unwrap();
[0m[32m+        let data = writer.into_vec();
[0m[32m+        let mut reader = Reader::new(&data);
[0m[32m+        assert_eq!(reader.u32_be().unwrap(), 0x12345678);
[0m[32m+        assert_eq!(reader.i64_le().unwrap(), -42);
[0m[32m+        assert_eq!(reader.string_u32().unwrap(), "TITAN");
[0m[32m+        assert_eq!(reader.remaining(), 0);
[0m[32m+    }
[0m[32m+}
[0m 
Diff in /data/data/com.termux/files/home/titan/crates/titan_stdlib/src/cache.rs:3:
 use std::collections::{HashMap, VecDeque};
 use std::hash::Hash;
 
[31m-#[derive(Debug, Clone)] pub struct LruCache<K, V> { capacity: usize, values: HashMap<K, V>, order: VecDeque<K> }
[0m[32m+#[derive(Debug, Clone)]
[0m[32m+pub struct LruCache<K, V> {
[0m[32m+    capacity: usize,
[0m[32m+    values: HashMap<K, V>,
[0m[32m+    order: VecDeque<K>,
[0m[32m+}
[0m impl<K: Eq + Hash + Clone, V> LruCache<K, V> {
[31m-    pub fn new(capacity: usize) -> Self { Self { capacity, values: HashMap::with_capacity(capacity), order: VecDeque::with_capacity(capacity) } }
[0m[31m-    pub fn capacity(&self) -> usize { self.capacity }
[0m[31m-    pub fn len(&self) -> usize { self.values.len() }
[0m[31m-    pub fn is_empty(&self) -> bool { self.values.is_empty() }
[0m[31m-    pub fn contains_key(&self, key: &K) -> bool { self.values.contains_key(key) }
[0m[31m-    pub fn get(&mut self, key: &K) -> Option<&V> { if self.values.contains_key(key) { self.touch(key); self.values.get(key) } else { None } }
[0m[31m-    pub fn get_mut(&mut self, key: &K) -> Option<&mut V> { if self.values.contains_key(key) { self.touch(key); self.values.get_mut(key) } else { None } }
[0m[32m+    pub fn new(capacity: usize) -> Self {
[0m[32m+        Self {
[0m[32m+            capacity,
[0m[32m+            values: HashMap::with_capacity(capacity),
[0m[32m+            order: VecDeque::with_capacity(capacity),
[0m[32m+        }
[0m[32m+    }
[0m[32m+    pub fn capacity(&self) -> usize {
[0m[32m+        self.capacity
[0m[32m+    }
[0m[32m+    pub fn len(&self) -> usize {
[0m[32m+        self.values.len()
[0m[32m+    }
[0m[32m+    pub fn is_empty(&self) -> bool {
[0m[32m+        self.values.is_empty()
[0m[32m+    }
[0m[32m+    pub fn contains_key(&self, key: &K) -> bool {
[0m[32m+        self.values.contains_key(key)
[0m[32m+    }
[0m[32m+    pub fn get(&mut self, key: &K) -> Option<&V> {
[0m[32m+        if self.values.contains_key(key) {
[0m[32m+            self.touch(key);
[0m[32m+            self.values.get(key)
[0m[32m+        } else {
[0m[32m+            None
[0m[32m+        }
[0m[32m+    }
[0m[32m+    pub fn get_mut(&mut self, key: &K) -> Option<&mut V> {
[0m[32m+        if self.values.contains_key(key) {
[0m[32m+            self.touch(key);
[0m[32m+            self.values.get_mut(key)
[0m[32m+        } else {
[0m[32m+            None
[0m[32m+        }
[0m[32m+    }
[0m     pub fn insert(&mut self, key: K, value: V) -> Option<(K, V)> {
[31m-        if self.capacity == 0 { return Some((key, value)); }
[0m[31m-        if self.values.contains_key(&key) { self.values.insert(key.clone(), value); self.touch(&key); return None; }
[0m[31m-        self.order.push_back(key.clone()); self.values.insert(key, value);
[0m[31m-        if self.values.len() > self.capacity { let oldest = self.order.pop_front().unwrap(); let value = self.values.remove(&oldest).unwrap(); Some((oldest, value)) } else { None }
[0m[32m+        if self.capacity == 0 {
[0m[32m+            return Some((key, value));
[0m[32m+        }
[0m[32m+        if self.values.contains_key(&key) {
[0m[32m+            self.values.insert(key.clone(), value);
[0m[32m+            self.touch(&key);
[0m[32m+            return None;
[0m[32m+        }
[0m[32m+        self.order.push_back(key.clone());
[0m[32m+        self.values.insert(key, value);
[0m[32m+        if self.values.len() > self.capacity {
[0m[32m+            let oldest = self.order.pop_front().unwrap();
[0m[32m+            let value = self.values.remove(&oldest).unwrap();
[0m[32m+            Some((oldest, value))
[0m[32m+        } else {
[0m[32m+            None
[0m[32m+        }
[0m     }
[31m-    pub fn remove(&mut self, key: &K) -> Option<V> { self.order.retain(|item| item != key); self.values.remove(key) }
[0m[31m-    pub fn clear(&mut self) { self.order.clear(); self.values.clear(); }
[0m[31m-    pub fn iter_mru(&self) -> impl DoubleEndedIterator<Item = (&K, &V)> { self.order.iter().rev().filter_map(|key| self.values.get_key_value(key)) }
[0m[31m-    fn touch(&mut self, key: &K) { self.order.retain(|item| item != key); self.order.push_back(key.clone()); }
[0m[32m+    pub fn remove(&mut self, key: &K) -> Option<V> {
[0m[32m+        self.order.retain(|item| item != key);
[0m[32m+        self.values.remove(key)
[0m[32m+    }
[0m[32m+    pub fn clear(&mut self) {
[0m[32m+        self.order.clear();
[0m[32m+        self.values.clear();
[0m[32m+    }
[0m[32m+    pub fn iter_mru(&self) -> impl DoubleEndedIterator<Item = (&K, &V)> {
[0m[32m+        self.order
[0m[32m+            .iter()
[0m[32m+            .rev()
[0m[32m+            .filter_map(|key| self.values.get_key_value(key))
[0m[32m+    }
[0m[32m+    fn touch(&mut self, key: &K) {
[0m[32m+        self.order.retain(|item| item != key);
[0m[32m+        self.order.push_back(key.clone());
[0m[32m+    }
[0m }
 
[31m-#[cfg(test)] mod tests { use super::*; #[test] fn evicts_least_recently_used() { let mut cache = LruCache::new(2); cache.insert("a", 1); cache.insert("b", 2); assert_eq!(cache.get(&"a"), Some(&1)); assert_eq!(cache.insert("c", 3), Some(("b", 2))); assert!(!cache.contains_key(&"b")); } }
[0m[32m+#[cfg(test)]
[0m[32m+mod tests {
[0m[32m+    use super::*;
[0m[32m+    #[test]
[0m[32m+    fn evicts_least_recently_used() {
[0m[32m+        let mut cache = LruCache::new(2);
[0m[32m+        cache.insert("a", 1);
[0m[32m+        cache.insert("b", 2);
[0m[32m+        assert_eq!(cache.get(&"a"), Some(&1));
[0m[32m+        assert_eq!(cache.insert("c", 3), Some(("b", 2)));
[0m[32m+        assert!(!cache.contains_key(&"b"));
[0m[32m+    }
[0m[32m+}
[0m 
Diff in /data/data/com.termux/files/home/titan/crates/titan_stdlib/src/checksum.rs:1:
 //! Non-cryptographic checksums and constant-time byte comparison.
 //! These functions are for integrity/hash tables, not passwords or signatures.
 
[31m-pub fn fnv1a_64(bytes: &[u8]) -> u64 { let mut hash = 0xcbf29ce484222325u64; for byte in bytes { hash ^= u64::from(*byte); hash = hash.wrapping_mul(0x100000001b3); } hash }
[0m[31m-pub fn crc32(bytes: &[u8]) -> u32 { let mut crc = !0u32; for byte in bytes { crc ^= u32::from(*byte); for _ in 0..8 { crc = (crc >> 1) ^ (0xedb88320 & (0u32.wrapping_sub(crc & 1))); } } !crc }
[0m[31m-pub fn constant_time_eq(a: &[u8], b: &[u8]) -> bool { let mut difference = a.len() ^ b.len(); let max = a.len().max(b.len()); for i in 0..max { difference |= usize::from(a.get(i).copied().unwrap_or(0) ^ b.get(i).copied().unwrap_or(0)); } difference == 0 }
[0m[32m+pub fn fnv1a_64(bytes: &[u8]) -> u64 {
[0m[32m+    let mut hash = 0xcbf29ce484222325u64;
[0m[32m+    for byte in bytes {
[0m[32m+        hash ^= u64::from(*byte);
[0m[32m+        hash = hash.wrapping_mul(0x100000001b3);
[0m[32m+    }
[0m[32m+    hash
[0m[32m+}
[0m[32m+pub fn crc32(bytes: &[u8]) -> u32 {
[0m[32m+    let mut crc = !0u32;
[0m[32m+    for byte in bytes {
[0m[32m+        crc ^= u32::from(*byte);
[0m[32m+        for _ in 0..8 {
[0m[32m+            crc = (crc >> 1) ^ (0xedb88320 & (0u32.wrapping_sub(crc & 1)));
[0m[32m+        }
[0m[32m+    }
[0m[32m+    !crc
[0m[32m+}
[0m[32m+pub fn constant_time_eq(a: &[u8], b: &[u8]) -> bool {
[0m[32m+    let mut difference = a.len() ^ b.len();
[0m[32m+    let max = a.len().max(b.len());
[0m[32m+    for i in 0..max {
[0m[32m+        difference |= usize::from(a.get(i).copied().unwrap_or(0) ^ b.get(i).copied().unwrap_or(0));
[0m[32m+    }
[0m[32m+    difference == 0
[0m[32m+}
[0m 
[31m-#[cfg(test)] mod tests { use super::*; #[test] fn standard_vectors() { assert_eq!(fnv1a_64(b"hello"), 0xa430d84680aabd0b); assert_eq!(crc32(b"123456789"), 0xcbf43926); assert!(constant_time_eq(b"same", b"same")); assert!(!constant_time_eq(b"a", b"b")); } }
[0m[32m+#[cfg(test)]
[0m[32m+mod tests {
[0m[32m+    use super::*;
[0m[32m+    #[test]
[0m[32m+    fn standard_vectors() {
[0m[32m+        assert_eq!(fnv1a_64(b"hello"), 0xa430d84680aabd0b);
[0m[32m+        assert_eq!(crc32(b"123456789"), 0xcbf43926);
[0m[32m+        assert!(constant_time_eq(b"same", b"same"));
[0m[32m+        assert!(!constant_time_eq(b"a", b"b"));
[0m[32m+    }
[0m[32m+}
[0m 
Diff in /data/data/com.termux/files/home/titan/crates/titan_stdlib/src/collections.rs:11:
 pub type Deque<T> = VecDeque<T>;
 pub type MaxHeap<T> = BinaryHeap<T>;
 
[31m-pub fn vec_new<T>() -> Vec<T> { Vec::new() }
[0m[31m-pub fn vec_with_capacity<T>(capacity: usize) -> Vec<T> { Vec::with_capacity(capacity) }
[0m[31m-pub fn vec_push<T>(values: &mut Vec<T>, value: T) { values.push(value); }
[0m[31m-pub fn vec_pop<T>(values: &mut Vec<T>) -> Option<T> { values.pop() }
[0m[31m-pub fn vec_len<T>(values: &[T]) -> usize { values.len() }
[0m[31m-pub fn deduplicate<T: Eq + Hash + Clone>(values: &[T]) -> Vec<T> { let mut seen = HashSet::new(); values.iter().filter(|value| seen.insert((*value).clone())).cloned().collect() }
[0m[31m-pub fn frequencies<T: Eq + Hash + Clone>(values: &[T]) -> HashMap<T, usize> { let mut counts = HashMap::new(); for value in values { *counts.entry(value.clone()).or_insert(0) += 1; } counts }
[0m[31m-pub fn group_by<T, K: Eq + Hash>(values: impl IntoIterator<Item = T>, key: impl Fn(&T) -> K) -> HashMap<K, Vec<T>> { let mut groups = HashMap::new(); for value in values { groups.entry(key(&value)).or_insert_with(Vec::new).push(value); } groups }
[0m[31m-pub fn partition<T>(values: impl IntoIterator<Item = T>, predicate: impl Fn(&T) -> bool) -> (Vec<T>, Vec<T>) { values.into_iter().partition(predicate) }
[0m[31m-pub fn chunks<T: Clone>(values: &[T], size: usize) -> Vec<Vec<T>> { if size == 0 { Vec::new() } else { values.chunks(size).map(|chunk| chunk.to_vec()).collect() } }
[0m[31m-pub fn windows<T: Clone>(values: &[T], size: usize) -> Vec<Vec<T>> { if size == 0 { Vec::new() } else { values.windows(size).map(|window| window.to_vec()).collect() } }
[0m[31m-pub fn zip<A: Clone, B: Clone>(left: &[A], right: &[B]) -> Vec<(A, B)> { left.iter().cloned().zip(right.iter().cloned()).collect() }
[0m[31m-pub fn binary_search<T: Ord>(values: &[T], target: &T) -> Result<usize, usize> { values.binary_search(target) }
[0m[32m+pub fn vec_new<T>() -> Vec<T> {
[0m[32m+    Vec::new()
[0m[32m+}
[0m[32m+pub fn vec_with_capacity<T>(capacity: usize) -> Vec<T> {
[0m[32m+    Vec::with_capacity(capacity)
[0m[32m+}
[0m[32m+pub fn vec_push<T>(values: &mut Vec<T>, value: T) {
[0m[32m+    values.push(value);
[0m[32m+}
[0m[32m+pub fn vec_pop<T>(values: &mut Vec<T>) -> Option<T> {
[0m[32m+    values.pop()
[0m[32m+}
[0m[32m+pub fn vec_len<T>(values: &[T]) -> usize {
[0m[32m+    values.len()
[0m[32m+}
[0m[32m+pub fn deduplicate<T: Eq + Hash + Clone>(values: &[T]) -> Vec<T> {
[0m[32m+    let mut seen = HashSet::new();
[0m[32m+    values
[0m[32m+        .iter()
[0m[32m+        .filter(|value| seen.insert((*value).clone()))
[0m[32m+        .cloned()
[0m[32m+        .collect()
[0m[32m+}
[0m[32m+pub fn frequencies<T: Eq + Hash + Clone>(values: &[T]) -> HashMap<T, usize> {
[0m[32m+    let mut counts = HashMap::new();
[0m[32m+    for value in values {
[0m[32m+        *counts.entry(value.clone()).or_insert(0) += 1;
[0m[32m+    }
[0m[32m+    counts
[0m[32m+}
[0m[32m+pub fn group_by<T, K: Eq + Hash>(
[0m[32m+    values: impl IntoIterator<Item = T>,
[0m[32m+    key: impl Fn(&T) -> K,
[0m[32m+) -> HashMap<K, Vec<T>> {
[0m[32m+    let mut groups = HashMap::new();
[0m[32m+    for value in values {
[0m[32m+        groups
[0m[32m+            .entry(key(&value))
[0m[32m+            .or_insert_with(Vec::new)
[0m[32m+            .push(value);
[0m[32m+    }
[0m[32m+    groups
[0m[32m+}
[0m[32m+pub fn partition<T>(
[0m[32m+    values: impl IntoIterator<Item = T>,
[0m[32m+    predicate: impl Fn(&T) -> bool,
[0m[32m+) -> (Vec<T>, Vec<T>) {
[0m[32m+    values.into_iter().partition(predicate)
[0m[32m+}
[0m[32m+pub fn chunks<T: Clone>(values: &[T], size: usize) -> Vec<Vec<T>> {
[0m[32m+    if size == 0 {
[0m[32m+        Vec::new()
[0m[32m+    } else {
[0m[32m+        values.chunks(size).map(|chunk| chunk.to_vec()).collect()
[0m[32m+    }
[0m[32m+}
[0m[32m+pub fn windows<T: Clone>(values: &[T], size: usize) -> Vec<Vec<T>> {
[0m[32m+    if size == 0 {
[0m[32m+        Vec::new()
[0m[32m+    } else {
[0m[32m+        values.windows(size).map(|window| window.to_vec()).collect()
[0m[32m+    }
[0m[32m+}
[0m[32m+pub fn zip<A: Clone, B: Clone>(left: &[A], right: &[B]) -> Vec<(A, B)> {
[0m[32m+    left.iter().cloned().zip(right.iter().cloned()).collect()
[0m[32m+}
[0m[32m+pub fn binary_search<T: Ord>(values: &[T], target: &T) -> Result<usize, usize> {
[0m[32m+    values.binary_search(target)
[0m[32m+}
[0m 
[31m-#[cfg(test)] mod tests { use super::*; #[test] fn collection_algorithms() { assert_eq!(deduplicate(&[1, 2, 1, 3]), vec![1, 2, 3]); assert_eq!(frequencies(&["a", "b", "a"])["a"], 2); assert_eq!(chunks(&[1, 2, 3], 2), vec![vec![1, 2], vec![3]]); } }
[0m[32m+#[cfg(test)]
[0m[32m+mod tests {
[0m[32m+    use super::*;
[0m[32m+    #[test]
[0m[32m+    fn collection_algorithms() {
[0m[32m+        assert_eq!(deduplicate(&[1, 2, 1, 3]), vec![1, 2, 3]);
[0m[32m+        assert_eq!(frequencies(&["a", "b", "a"])["a"], 2);
[0m[32m+        assert_eq!(chunks(&[1, 2, 3], 2), vec![vec![1, 2], vec![3]]);
[0m[32m+    }
[0m[32m+}
[0m 
Diff in /data/data/com.termux/files/home/titan/crates/titan_stdlib/src/csv.rs:2:
 
 use thiserror::Error;
 
[31m-#[derive(Error, Debug, Clone, PartialEq, Eq)] pub enum CsvError {
[0m[31m-    #[error("unterminated quoted field at record {record}")] UnterminatedQuote { record: usize },
[0m[31m-    #[error("unexpected character after closing quote at byte {byte}")] AfterQuote { byte: usize },
[0m[31m-    #[error("unexpected quote in unquoted field at byte {byte}")] UnexpectedQuote { byte: usize },
[0m[32m+#[derive(Error, Debug, Clone, PartialEq, Eq)]
[0m[32m+pub enum CsvError {
[0m[32m+    #[error("unterminated quoted field at record {record}")]
[0m[32m+    UnterminatedQuote { record: usize },
[0m[32m+    #[error("unexpected character after closing quote at byte {byte}")]
[0m[32m+    AfterQuote { byte: usize },
[0m[32m+    #[error("unexpected quote in unquoted field at byte {byte}")]
[0m[32m+    UnexpectedQuote { byte: usize },
[0m }
 
 pub fn parse(input: &str) -> Result<Vec<Vec<String>>, CsvError> {
Diff in /data/data/com.termux/files/home/titan/crates/titan_stdlib/src/csv.rs:12:
[31m-    let bytes = input.as_bytes(); let mut rows = Vec::new(); let mut row = Vec::new(); let mut field = String::new(); let mut i = 0; let mut quoted = false; let mut closed_quote = false;
[0m[32m+    let bytes = input.as_bytes();
[0m[32m+    let mut rows = Vec::new();
[0m[32m+    let mut row = Vec::new();
[0m[32m+    let mut field = String::new();
[0m[32m+    let mut i = 0;
[0m[32m+    let mut quoted = false;
[0m[32m+    let mut closed_quote = false;
[0m     while i < bytes.len() {
         let c = bytes[i];
         if quoted {
Diff in /data/data/com.termux/files/home/titan/crates/titan_stdlib/src/csv.rs:16:
[31m-            if c == b'"' { if bytes.get(i + 1) == Some(&b'"') { field.push('"'); i += 2; continue; } quoted = false; closed_quote = true; i += 1; continue; }
[0m[31m-            let ch = input[i..].chars().next().unwrap(); field.push(ch); i += ch.len_utf8(); continue;
[0m[32m+            if c == b'"' {
[0m[32m+                if bytes.get(i + 1) == Some(&b'"') {
[0m[32m+                    field.push('"');
[0m[32m+                    i += 2;
[0m[32m+                    continue;
[0m[32m+                }
[0m[32m+                quoted = false;
[0m[32m+                closed_quote = true;
[0m[32m+                i += 1;
[0m[32m+                continue;
[0m[32m+            }
[0m[32m+            let ch = input[i..].chars().next().unwrap();
[0m[32m+            field.push(ch);
[0m[32m+            i += ch.len_utf8();
[0m[32m+            continue;
[0m         }
[31m-        if closed_quote && !matches!(c, b',' | b'\r' | b'\n') { return Err(CsvError::AfterQuote { byte: i }); }
[0m[32m+        if closed_quote && !matches!(c, b',' | b'\r' | b'\n') {
[0m[32m+            return Err(CsvError::AfterQuote { byte: i });
[0m[32m+        }
[0m         match c {
[31m-            b'"' if field.is_empty() && !closed_quote => { quoted = true; i += 1; }
[0m[32m+            b'"' if field.is_empty() && !closed_quote => {
[0m[32m+                quoted = true;
[0m[32m+                i += 1;
[0m[32m+            }
[0m             b'"' => return Err(CsvError::UnexpectedQuote { byte: i }),
[31m-            b',' => { row.push(std::mem::take(&mut field)); closed_quote = false; i += 1; }
[0m[31m-            b'\r' | b'\n' => { if c == b'\r' && bytes.get(i + 1) == Some(&b'\n') { i += 1; } row.push(std::mem::take(&mut field)); rows.push(std::mem::take(&mut row)); closed_quote = false; i += 1; }
[0m[31m-            _ => { let ch = input[i..].chars().next().unwrap(); field.push(ch); i += ch.len_utf8(); }
[0m[32m+            b',' => {
[0m[32m+                row.push(std::mem::take(&mut field));
[0m[32m+                closed_quote = false;
[0m[32m+                i += 1;
[0m[32m+            }
[0m[32m+            b'\r' | b'\n' => {
[0m[32m+                if c == b'\r' && bytes.get(i + 1) == Some(&b'\n') {
[0m[32m+                    i += 1;
[0m[32m+                }
[0m[32m+                row.push(std::mem::take(&mut field));
[0m[32m+                rows.push(std::mem::take(&mut row));
[0m[32m+                closed_quote = false;
[0m[32m+                i += 1;
[0m[32m+            }
[0m[32m+            _ => {
[0m[32m+                let ch = input[i..].chars().next().unwrap();
[0m[32m+                field.push(ch);
[0m[32m+                i += ch.len_utf8();
[0m[32m+            }
[0m         }
     }
[31m-    if quoted { return Err(CsvError::UnterminatedQuote { record: rows.len() + 1 }); }
[0m[31m-    if !field.is_empty() || !row.is_empty() || closed_quote { row.push(field); rows.push(row); }
[0m[32m+    if quoted {
[0m[32m+        return Err(CsvError::UnterminatedQuote {
[0m[32m+            record: rows.len() + 1,
[0m[32m+        });
[0m[32m+    }
[0m[32m+    if !field.is_empty() || !row.is_empty() || closed_quote {
[0m[32m+        row.push(field);
[0m[32m+        rows.push(row);
[0m[32m+    }
[0m     Ok(rows)
 }
 
Diff in /data/data/com.termux/files/home/titan/crates/titan_stdlib/src/csv.rs:33:
[31m-pub fn serialize(rows: &[Vec<String>]) -> String { rows.iter().map(|row| row.iter().map(|field| encode_field(field)).collect::<Vec<_>>().join(",")).collect::<Vec<_>>().join("\r\n") }
[0m[31m-fn encode_field(field: &str) -> String { if field.chars().any(|c| matches!(c, ',' | '"' | '\r' | '\n')) { format!("\"{}\"", field.replace('"', "\"\"")) } else { field.into() } }
[0m[32m+pub fn serialize(rows: &[Vec<String>]) -> String {
[0m[32m+    rows.iter()
[0m[32m+        .map(|row| {
[0m[32m+            row.iter()
[0m[32m+                .map(|field| encode_field(field))
[0m[32m+                .collect::<Vec<_>>()
[0m[32m+                .join(",")
[0m[32m+        })
[0m[32m+        .collect::<Vec<_>>()
[0m[32m+        .join("\r\n")
[0m[32m+}
[0m[32m+fn encode_field(field: &str) -> String {
[0m[32m+    if field.chars().any(|c| matches!(c, ',' | '"' | '\r' | '\n')) {
[0m[32m+        format!("\"{}\"", field.replace('"', "\"\""))
[0m[32m+    } else {
[0m[32m+        field.into()
[0m[32m+    }
[0m[32m+}
[0m 
[31m-#[derive(Debug, Clone)] pub struct Table { headers: Vec<String>, rows: Vec<Vec<String>> }
[0m[32m+#[derive(Debug, Clone)]
[0m[32m+pub struct Table {
[0m[32m+    headers: Vec<String>,
[0m[32m+    rows: Vec<Vec<String>>,
[0m[32m+}
[0m impl Table {
[31m-    pub fn from_rows(mut rows: Vec<Vec<String>>) -> Option<Self> { if rows.is_empty() { None } else { let headers = rows.remove(0); Some(Self { headers, rows }) } }
[0m[31m-    pub fn headers(&self) -> &[String] { &self.headers }
[0m[31m-    pub fn rows(&self) -> &[Vec<String>] { &self.rows }
[0m[31m-    pub fn column_index(&self, name: &str) -> Option<usize> { self.headers.iter().position(|h| h == name) }
[0m[31m-    pub fn get(&self, row: usize, column: &str) -> Option<&str> { self.rows.get(row)?.get(self.column_index(column)?).map(String::as_str) }
[0m[32m+    pub fn from_rows(mut rows: Vec<Vec<String>>) -> Option<Self> {
[0m[32m+        if rows.is_empty() {
[0m[32m+            None
[0m[32m+        } else {
[0m[32m+            let headers = rows.remove(0);
[0m[32m+            Some(Self { headers, rows })
[0m[32m+        }
[0m[32m+    }
[0m[32m+    pub fn headers(&self) -> &[String] {
[0m[32m+        &self.headers
[0m[32m+    }
[0m[32m+    pub fn rows(&self) -> &[Vec<String>] {
[0m[32m+        &self.rows
[0m[32m+    }
[0m[32m+    pub fn column_index(&self, name: &str) -> Option<usize> {
[0m[32m+        self.headers.iter().position(|h| h == name)
[0m[32m+    }
[0m[32m+    pub fn get(&self, row: usize, column: &str) -> Option<&str> {
[0m[32m+        self.rows
[0m[32m+            .get(row)?
[0m[32m+            .get(self.column_index(column)?)
[0m[32m+            .map(String::as_str)
[0m[32m+    }
[0m }
 
[31m-#[cfg(test)] mod tests { use super::*; #[test] fn quoted_round_trip() { let rows = vec![vec!["name".into(), "note".into()], vec!["Ada".into(), "a, \"quote\"\nline".into()]]; let encoded = serialize(&rows); assert_eq!(parse(&encoded).unwrap(), rows); } #[test] fn table_columns() { let table = Table::from_rows(parse("name,age\nAda,36").unwrap()).unwrap(); assert_eq!(table.get(0, "age"), Some("36")); } }
[0m[32m+#[cfg(test)]
[0m[32m+mod tests {
[0m[32m+    use super::*;
[0m[32m+    #[test]
[0m[32m+    fn quoted_round_trip() {
[0m[32m+        let rows = vec![
[0m[32m+            vec!["name".into(), "note".into()],
[0m[32m+            vec!["Ada".into(), "a, \"quote\"\nline".into()],
[0m[32m+        ];
[0m[32m+        let encoded = serialize(&rows);
[0m[32m+        assert_eq!(parse(&encoded).unwrap(), rows);
[0m[32m+    }
[0m[32m+    #[test]
[0m[32m+    fn table_columns() {
[0m[32m+        let table = Table::from_rows(parse("name,age\nAda,36").unwrap()).unwrap();
[0m[32m+        assert_eq!(table.get(0, "age"), Some("36"));
[0m[32m+    }
[0m[32m+}
[0m 
Diff in /data/data/com.termux/files/home/titan/crates/titan_stdlib/src/encoding.rs:2:
 
 use thiserror::Error;
 
[31m-#[derive(Error, Debug, Clone, PartialEq, Eq)] pub enum EncodingError {
[0m[31m-    #[error("invalid hexadecimal length")] InvalidHexLength,
[0m[31m-    #[error("invalid hexadecimal character at byte {0}")] InvalidHex(usize),
[0m[31m-    #[error("invalid base64 data at byte {0}")] InvalidBase64(usize),
[0m[31m-    #[error("invalid percent encoding at byte {0}")] InvalidPercent(usize),
[0m[31m-    #[error("decoded data is not UTF-8")] InvalidUtf8,
[0m[32m+#[derive(Error, Debug, Clone, PartialEq, Eq)]
[0m[32m+pub enum EncodingError {
[0m[32m+    #[error("invalid hexadecimal length")]
[0m[32m+    InvalidHexLength,
[0m[32m+    #[error("invalid hexadecimal character at byte {0}")]
[0m[32m+    InvalidHex(usize),
[0m[32m+    #[error("invalid base64 data at byte {0}")]
[0m[32m+    InvalidBase64(usize),
[0m[32m+    #[error("invalid percent encoding at byte {0}")]
[0m[32m+    InvalidPercent(usize),
[0m[32m+    #[error("decoded data is not UTF-8")]
[0m[32m+    InvalidUtf8,
[0m }
 
 const B64: &[u8; 64] = b"ABCDEFGHIJKLMNOPQRSTUVWXYZabcdefghijklmnopqrstuvwxyz0123456789+/";
Diff in /data/data/com.termux/files/home/titan/crates/titan_stdlib/src/encoding.rs:14:
 
[31m-pub fn hex_encode(bytes: &[u8]) -> String { const H: &[u8; 16] = b"0123456789abcdef"; let mut out = String::with_capacity(bytes.len() * 2); for b in bytes { out.push(H[(b >> 4) as usize] as char); out.push(H[(b & 15) as usize] as char); } out }
[0m[32m+pub fn hex_encode(bytes: &[u8]) -> String {
[0m[32m+    const H: &[u8; 16] = b"0123456789abcdef";
[0m[32m+    let mut out = String::with_capacity(bytes.len() * 2);
[0m[32m+    for b in bytes {
[0m[32m+        out.push(H[(b >> 4) as usize] as char);
[0m[32m+        out.push(H[(b & 15) as usize] as char);
[0m[32m+    }
[0m[32m+    out
[0m[32m+}
[0m pub fn hex_decode(text: &str) -> Result<Vec<u8>, EncodingError> {
[31m-    if !text.len().is_multiple_of(2) { return Err(EncodingError::InvalidHexLength); }
[0m[31m-    text.as_bytes().chunks_exact(2).enumerate().map(|(i, pair)| Ok((hex(pair[0]).ok_or(EncodingError::InvalidHex(i * 2))? << 4) | hex(pair[1]).ok_or(EncodingError::InvalidHex(i * 2 + 1))?)).collect()
[0m[32m+    if !text.len().is_multiple_of(2) {
[0m[32m+        return Err(EncodingError::InvalidHexLength);
[0m[32m+    }
[0m[32m+    text.as_bytes()
[0m[32m+        .chunks_exact(2)
[0m[32m+        .enumerate()
[0m[32m+        .map(|(i, pair)| {
[0m[32m+            Ok((hex(pair[0]).ok_or(EncodingError::InvalidHex(i * 2))? << 4)
[0m[32m+                | hex(pair[1]).ok_or(EncodingError::InvalidHex(i * 2 + 1))?)
[0m[32m+        })
[0m[32m+        .collect()
[0m }
[31m-fn hex(value: u8) -> Option<u8> { match value { b'0'..=b'9' => Some(value - b'0'), b'a'..=b'f' => Some(value - b'a' + 10), b'A'..=b'F' => Some(value - b'A' + 10), _ => None } }
[0m[32m+fn hex(value: u8) -> Option<u8> {
[0m[32m+    match value {
[0m[32m+        b'0'..=b'9' => Some(value - b'0'),
[0m[32m+        b'a'..=b'f' => Some(value - b'a' + 10),
[0m[32m+        b'A'..=b'F' => Some(value - b'A' + 10),
[0m[32m+        _ => None,
[0m[32m+    }
[0m[32m+}
[0m 
 pub fn base64_encode(bytes: &[u8]) -> String {
     let mut out = String::with_capacity(bytes.len().div_ceil(3) * 4);
Diff in /data/data/com.termux/files/home/titan/crates/titan_stdlib/src/encoding.rs:24:
     for chunk in bytes.chunks(3) {
[31m-        let bits = (u32::from(chunk[0]) << 16) | (u32::from(*chunk.get(1).unwrap_or(&0)) << 8) | u32::from(*chunk.get(2).unwrap_or(&0));
[0m[31m-        out.push(B64[((bits >> 18) & 63) as usize] as char); out.push(B64[((bits >> 12) & 63) as usize] as char);
[0m[31m-        out.push(if chunk.len() > 1 { B64[((bits >> 6) & 63) as usize] as char } else { '=' }); out.push(if chunk.len() > 2 { B64[(bits & 63) as usize] as char } else { '=' });
[0m[32m+        let bits = (u32::from(chunk[0]) << 16)
[0m[32m+            | (u32::from(*chunk.get(1).unwrap_or(&0)) << 8)
[0m[32m+            | u32::from(*chunk.get(2).unwrap_or(&0));
[0m[32m+        out.push(B64[((bits >> 18) & 63) as usize] as char);
[0m[32m+        out.push(B64[((bits >> 12) & 63) as usize] as char);
[0m[32m+        out.push(if chunk.len() > 1 {
[0m[32m+            B64[((bits >> 6) & 63) as usize] as char
[0m[32m+        } else {
[0m[32m+            '='
[0m[32m+        });
[0m[32m+        out.push(if chunk.len() > 2 {
[0m[32m+            B64[(bits & 63) as usize] as char
[0m[32m+        } else {
[0m[32m+            '='
[0m[32m+        });
[0m     }
     out
 }
Diff in /data/data/com.termux/files/home/titan/crates/titan_stdlib/src/encoding.rs:31:
 pub fn base64_decode(text: &str) -> Result<Vec<u8>, EncodingError> {
[31m-    let bytes = text.as_bytes(); if !bytes.len().is_multiple_of(4) { return Err(EncodingError::InvalidBase64(bytes.len())); }
[0m[32m+    let bytes = text.as_bytes();
[0m[32m+    if !bytes.len().is_multiple_of(4) {
[0m[32m+        return Err(EncodingError::InvalidBase64(bytes.len()));
[0m[32m+    }
[0m     let mut out = Vec::with_capacity(bytes.len() / 4 * 3);
     for (block, chunk) in bytes.chunks_exact(4).enumerate() {
[31m-        let last = block + 1 == bytes.len() / 4; let pad = usize::from(chunk[3] == b'=') + usize::from(chunk[2] == b'=');
[0m[31m-        if chunk[0] == b'=' || chunk[1] == b'=' || (!last && pad > 0) || pad > 2 || (chunk[2] == b'=' && chunk[3] != b'=') { return Err(EncodingError::InvalidBase64(block * 4)); }
[0m[31m-        let mut values = [0u8; 4]; for i in 0..4 { values[i] = if chunk[i] == b'=' { 0 } else { b64_value(chunk[i]).ok_or(EncodingError::InvalidBase64(block * 4 + i))? }; }
[0m[31m-        if (pad == 2 && values[1] & 0x0f != 0) || (pad == 1 && values[2] & 0x03 != 0) { return Err(EncodingError::InvalidBase64(block * 4 + 1)); }
[0m[31m-        let bits = (u32::from(values[0]) << 18) | (u32::from(values[1]) << 12) | (u32::from(values[2]) << 6) | u32::from(values[3]);
[0m[32m+        let last = block + 1 == bytes.len() / 4;
[0m[32m+        let pad = usize::from(chunk[3] == b'=') + usize::from(chunk[2] == b'=');
[0m[32m+        if chunk[0] == b'='
[0m[32m+            || chunk[1] == b'='
[0m[32m+            || (!last && pad > 0)
[0m[32m+            || pad > 2
[0m[32m+            || (chunk[2] == b'=' && chunk[3] != b'=')
[0m[32m+        {
[0m[32m+            return Err(EncodingError::InvalidBase64(block * 4));
[0m[32m+        }
[0m[32m+        let mut values = [0u8; 4];
[0m[32m+        for i in 0..4 {
[0m[32m+            values[i] = if chunk[i] == b'=' {
[0m[32m+                0
[0m[32m+            } else {
[0m[32m+                b64_value(chunk[i]).ok_or(EncodingError::InvalidBase64(block * 4 + i))?
[0m[32m+            };
[0m[32m+        }
[0m[32m+        if (pad == 2 && values[1] & 0x0f != 0) || (pad == 1 && values[2] & 0x03 != 0) {
[0m[32m+            return Err(EncodingError::InvalidBase64(block * 4 + 1));
[0m[32m+        }
[0m[32m+        let bits = (u32::from(values[0]) << 18)
[0m[32m+            | (u32::from(values[1]) << 12)
[0m[32m+            | (u32::from(values[2]) << 6)
[0m[32m+            | u32::from(values[3]);
[0m         out.push((bits >> 16) as u8);
[31m-        if pad < 2 { out.push((bits >> 8) as u8); }
[0m[31m-        if pad == 0 { out.push(bits as u8); }
[0m[32m+        if pad < 2 {
[0m[32m+            out.push((bits >> 8) as u8);
[0m[32m+        }
[0m[32m+        if pad == 0 {
[0m[32m+            out.push(bits as u8);
[0m[32m+        }
[0m     }
     Ok(out)
 }
Diff in /data/data/com.termux/files/home/titan/crates/titan_stdlib/src/encoding.rs:46:
[31m-fn b64_value(value: u8) -> Option<u8> { B64.iter().position(|v| *v == value).map(|i| i as u8) }
[0m[32m+fn b64_value(value: u8) -> Option<u8> {
[0m[32m+    B64.iter().position(|v| *v == value).map(|i| i as u8)
[0m[32m+}
[0m 
[31m-pub fn percent_encode(text: &str) -> String { let mut out = String::new(); for b in text.bytes() { if b.is_ascii_alphanumeric() || b"-._~".contains(&b) { out.push(b as char); } else { out.push('%'); out.push_str(&format!("{b:02X}")); } } out }
[0m[32m+pub fn percent_encode(text: &str) -> String {
[0m[32m+    let mut out = String::new();
[0m[32m+    for b in text.bytes() {
[0m[32m+        if b.is_ascii_alphanumeric() || b"-._~".contains(&b) {
[0m[32m+            out.push(b as char);
[0m[32m+        } else {
[0m[32m+            out.push('%');
[0m[32m+            out.push_str(&format!("{b:02X}"));
[0m[32m+        }
[0m[32m+    }
[0m[32m+    out
[0m[32m+}
[0m pub fn percent_decode(text: &str) -> Result<String, EncodingError> {
[31m-    let bytes = text.as_bytes(); let mut out = Vec::new(); let mut i = 0;
[0m[31m-    while i < bytes.len() { if bytes[i] == b'%' { if i + 2 >= bytes.len() { return Err(EncodingError::InvalidPercent(i)); } let a = hex(bytes[i + 1]).ok_or(EncodingError::InvalidPercent(i))?; let b = hex(bytes[i + 2]).ok_or(EncodingError::InvalidPercent(i))?; out.push((a << 4) | b); i += 3; } else { out.push(bytes[i]); i += 1; } }
[0m[32m+    let bytes = text.as_bytes();
[0m[32m+    let mut out = Vec::new();
[0m[32m+    let mut i = 0;
[0m[32m+    while i < bytes.len() {
[0m[32m+        if bytes[i] == b'%' {
[0m[32m+            if i + 2 >= bytes.len() {
[0m[32m+                return Err(EncodingError::InvalidPercent(i));
[0m[32m+            }
[0m[32m+            let a = hex(bytes[i + 1]).ok_or(EncodingError::InvalidPercent(i))?;
[0m[32m+            let b = hex(bytes[i + 2]).ok_or(EncodingError::InvalidPercent(i))?;
[0m[32m+            out.push((a << 4) | b);
[0m[32m+            i += 3;
[0m[32m+        } else {
[0m[32m+            out.push(bytes[i]);
[0m[32m+            i += 1;
[0m[32m+        }
[0m[32m+    }
[0m     String::from_utf8(out).map_err(|_| EncodingError::InvalidUtf8)
 }
 
Diff in /data/data/com.termux/files/home/titan/crates/titan_stdlib/src/encoding.rs:55:
[31m-#[cfg(test)] mod tests { use super::*; #[test] fn known_vectors() { assert_eq!(hex_encode(b"Titan"), "546974616e"); assert_eq!(hex_decode("546974616e").unwrap(), b"Titan"); assert_eq!(base64_encode(b"Titan"), "VGl0YW4="); assert_eq!(base64_decode("VGl0YW4=").unwrap(), b"Titan"); } #[test] fn rejects_non_canonical_base64() { for value in ["A===", "Zh==", "Zm9="] { assert!(base64_decode(value).is_err(), "{value}"); } } #[test] fn percent_round_trip() { let value = "año / 1"; assert_eq!(percent_decode(&percent_encode(value)).unwrap(), value); } }
[0m[32m+#[cfg(test)]
[0m[32m+mod tests {
[0m[32m+    use super::*;
[0m[32m+    #[test]
[0m[32m+    fn known_vectors() {
[0m[32m+        assert_eq!(hex_encode(b"Titan"), "546974616e");
[0m[32m+        assert_eq!(hex_decode("546974616e").unwrap(), b"Titan");
[0m[32m+        assert_eq!(base64_encode(b"Titan"), "VGl0YW4=");
[0m[32m+        assert_eq!(base64_decode("VGl0YW4=").unwrap(), b"Titan");
[0m[32m+    }
[0m[32m+    #[test]
[0m[32m+    fn rejects_non_canonical_base64() {
[0m[32m+        for value in ["A===", "Zh==", "Zm9="] {
[0m[32m+            assert!(base64_decode(value).is_err(), "{value}");
[0m[32m+        }
[0m[32m+    }
[0m[32m+    #[test]
[0m[32m+    fn percent_round_trip() {
[0m[32m+        let value = "año / 1";
[0m[32m+        assert_eq!(percent_decode(&percent_encode(value)).unwrap(), value);
[0m[32m+    }
[0m[32m+}
[0m 
Diff in /data/data/com.termux/files/home/titan/crates/titan_stdlib/src/io.rs:4:
 use std::io::{self, BufRead, BufReader, Read, Write};
 use std::path::{Path, PathBuf};
 
[31m-pub fn read_file(path: impl AsRef<Path>) -> io::Result<String> { fs::read_to_string(path) }
[0m[31m-pub fn read_bytes(path: impl AsRef<Path>) -> io::Result<Vec<u8>> { fs::read(path) }
[0m[31m-pub fn read_limited(path: impl AsRef<Path>, max_bytes: u64) -> io::Result<Vec<u8>> { let file = fs::File::open(path)?; if file.metadata()?.len() > max_bytes { return Err(io::Error::new(io::ErrorKind::FileTooLarge, "file exceeds configured limit")); } let mut output = Vec::new(); file.take(max_bytes.saturating_add(1)).read_to_end(&mut output)?; if output.len() as u64 > max_bytes { return Err(io::Error::new(io::ErrorKind::FileTooLarge, "file exceeds configured limit")); } Ok(output) }
[0m[31m-pub fn read_lines(path: impl AsRef<Path>) -> io::Result<Vec<String>> { BufReader::new(fs::File::open(path)?).lines().collect() }
[0m[31m-pub fn write_file(path: impl AsRef<Path>, content: &str) -> io::Result<()> { fs::write(path, content) }
[0m[31m-pub fn write_bytes(path: impl AsRef<Path>, content: &[u8]) -> io::Result<()> { fs::write(path, content) }
[0m[31m-pub fn append(path: impl AsRef<Path>, content: &[u8]) -> io::Result<()> { use std::fs::OpenOptions; OpenOptions::new().create(true).append(true).open(path)?.write_all(content) }
[0m[32m+pub fn read_file(path: impl AsRef<Path>) -> io::Result<String> {
[0m[32m+    fs::read_to_string(path)
[0m[32m+}
[0m[32m+pub fn read_bytes(path: impl AsRef<Path>) -> io::Result<Vec<u8>> {
[0m[32m+    fs::read(path)
[0m[32m+}
[0m[32m+pub fn read_limited(path: impl AsRef<Path>, max_bytes: u64) -> io::Result<Vec<u8>> {
[0m[32m+    let file = fs::File::open(path)?;
[0m[32m+    if file.metadata()?.len() > max_bytes {
[0m[32m+        return Err(io::Error::new(
[0m[32m+            io::ErrorKind::FileTooLarge,
[0m[32m+            "file exceeds configured limit",
[0m[32m+        ));
[0m[32m+    }
[0m[32m+    let mut output = Vec::new();
[0m[32m+    file.take(max_bytes.saturating_add(1))
[0m[32m+        .read_to_end(&mut output)?;
[0m[32m+    if output.len() as u64 > max_bytes {
[0m[32m+        return Err(io::Error::new(
[0m[32m+            io::ErrorKind::FileTooLarge,
[0m[32m+            "file exceeds configured limit",
[0m[32m+        ));
[0m[32m+    }
[0m[32m+    Ok(output)
[0m[32m+}
[0m[32m+pub fn read_lines(path: impl AsRef<Path>) -> io::Result<Vec<String>> {
[0m[32m+    BufReader::new(fs::File::open(path)?).lines().collect()
[0m[32m+}
[0m[32m+pub fn write_file(path: impl AsRef<Path>, content: &str) -> io::Result<()> {
[0m[32m+    fs::write(path, content)
[0m[32m+}
[0m[32m+pub fn write_bytes(path: impl AsRef<Path>, content: &[u8]) -> io::Result<()> {
[0m[32m+    fs::write(path, content)
[0m[32m+}
[0m[32m+pub fn append(path: impl AsRef<Path>, content: &[u8]) -> io::Result<()> {
[0m[32m+    use std::fs::OpenOptions;
[0m[32m+    OpenOptions::new()
[0m[32m+        .create(true)
[0m[32m+        .append(true)
[0m[32m+        .open(path)?
[0m[32m+        .write_all(content)
[0m[32m+}
[0m pub fn atomic_write(path: impl AsRef<Path>, content: &[u8]) -> io::Result<()> {
[31m-    let path = path.as_ref(); let parent = path.parent().unwrap_or_else(|| Path::new(".")); fs::create_dir_all(parent)?;
[0m[31m-    let file_name = path.file_name().map(|name| name.to_string_lossy()).unwrap_or_else(|| "titan".into());
[0m[32m+    let path = path.as_ref();
[0m[32m+    let parent = path.parent().unwrap_or_else(|| Path::new("."));
[0m[32m+    fs::create_dir_all(parent)?;
[0m[32m+    let file_name = path
[0m[32m+        .file_name()
[0m[32m+        .map(|name| name.to_string_lossy())
[0m[32m+        .unwrap_or_else(|| "titan".into());
[0m     let mut attempt = 0u32;
[31m-    let temporary = loop { let candidate = parent.join(format!(".{}.{}.{}.tmp", file_name, std::process::id(), attempt)); match fs::OpenOptions::new().write(true).create_new(true).open(&candidate) { Ok(mut file) => { file.write_all(content)?; file.sync_all()?; break candidate; } Err(error) if error.kind() == io::ErrorKind::AlreadyExists => { attempt = attempt.checked_add(1).ok_or_else(|| io::Error::new(io::ErrorKind::AlreadyExists, "unable to allocate temporary path"))?; } Err(error) => return Err(error) } };
[0m[31m-    if let Err(error) = fs::rename(&temporary, path) { let _ = fs::remove_file(&temporary); return Err(error); } Ok(())
[0m[32m+    let temporary = loop {
[0m[32m+        let candidate = parent.join(format!(
[0m[32m+            ".{}.{}.{}.tmp",
[0m[32m+            file_name,
[0m[32m+            std::process::id(),
[0m[32m+            attempt
[0m[32m+        ));
[0m[32m+        match fs::OpenOptions::new()
[0m[32m+            .write(true)
[0m[32m+            .create_new(true)
[0m[32m+            .open(&candidate)
[0m[32m+        {
[0m[32m+            Ok(mut file) => {
[0m[32m+                file.write_all(content)?;
[0m[32m+                file.sync_all()?;
[0m[32m+                break candidate;
[0m[32m+            }
[0m[32m+            Err(error) if error.kind() == io::ErrorKind::AlreadyExists => {
[0m[32m+                attempt = attempt.checked_add(1).ok_or_else(|| {
[0m[32m+                    io::Error::new(
[0m[32m+                        io::ErrorKind::AlreadyExists,
[0m[32m+                        "unable to allocate temporary path",
[0m[32m+                    )
[0m[32m+                })?;
[0m[32m+            }
[0m[32m+            Err(error) => return Err(error),
[0m[32m+        }
[0m[32m+    };
[0m[32m+    if let Err(error) = fs::rename(&temporary, path) {
[0m[32m+        let _ = fs::remove_file(&temporary);
[0m[32m+        return Err(error);
[0m[32m+    }
[0m[32m+    Ok(())
[0m }
[31m-pub fn exists(path: impl AsRef<Path>) -> bool { path.as_ref().exists() }
[0m[31m-pub fn is_file(path: impl AsRef<Path>) -> bool { path.as_ref().is_file() }
[0m[31m-pub fn is_dir(path: impl AsRef<Path>) -> bool { path.as_ref().is_dir() }
[0m[31m-pub fn create_dir(path: impl AsRef<Path>) -> io::Result<()> { fs::create_dir_all(path) }
[0m[31m-pub fn remove_file(path: impl AsRef<Path>) -> io::Result<()> { fs::remove_file(path) }
[0m[31m-pub fn remove_dir(path: impl AsRef<Path>) -> io::Result<()> { fs::remove_dir_all(path) }
[0m[31m-pub fn list_dir(path: impl AsRef<Path>) -> io::Result<Vec<PathBuf>> { let mut entries: Vec<_> = fs::read_dir(path)?.map(|entry| entry.map(|e| e.path())).collect::<io::Result<_>>()?; entries.sort(); Ok(entries) }
[0m[31m-pub fn walk(path: impl AsRef<Path>, max_depth: usize) -> io::Result<Vec<PathBuf>> { fn visit(path: &Path, depth: usize, max: usize, output: &mut Vec<PathBuf>) -> io::Result<()> { if depth > max { return Ok(()); } let mut entries: Vec<_> = fs::read_dir(path)?.collect::<io::Result<_>>()?; entries.sort_by_key(|e| e.file_name()); for entry in entries { let value = entry.path(); output.push(value.clone()); if entry.file_type()?.is_dir() { visit(&value, depth + 1, max, output)?; } } Ok(()) } let mut output = Vec::new(); visit(path.as_ref(), 0, max_depth, &mut output)?; Ok(output) }
[0m[31m-pub fn file_size(path: impl AsRef<Path>) -> io::Result<u64> { fs::metadata(path).map(|m| m.len()) }
[0m[31m-pub fn copy(from: impl AsRef<Path>, to: impl AsRef<Path>) -> io::Result<u64> { fs::copy(from, to) }
[0m[31m-pub fn rename(from: impl AsRef<Path>, to: impl AsRef<Path>) -> io::Result<()> { fs::rename(from, to) }
[0m[31m-pub fn stdin_line() -> io::Result<String> { let mut line = String::new(); io::stdin().read_line(&mut line)?; Ok(line.trim_end_matches(['\r', '\n']).into()) }
[0m[31m-pub fn stdout_line(value: &str) { println!("{value}"); }
[0m[32m+pub fn exists(path: impl AsRef<Path>) -> bool {
[0m[32m+    path.as_ref().exists()
[0m[32m+}
[0m[32m+pub fn is_file(path: impl AsRef<Path>) -> bool {
[0m[32m+    path.as_ref().is_file()
[0m[32m+}
[0m[32m+pub fn is_dir(path: impl AsRef<Path>) -> bool {
[0m[32m+    path.as_ref().is_dir()
[0m[32m+}
[0m[32m+pub fn create_dir(path: impl AsRef<Path>) -> io::Result<()> {
[0m[32m+    fs::create_dir_all(path)
[0m[32m+}
[0m[32m+pub fn remove_file(path: impl AsRef<Path>) -> io::Result<()> {
[0m[32m+    fs::remove_file(path)
[0m[32m+}
[0m[32m+pub fn remove_dir(path: impl AsRef<Path>) -> io::Result<()> {
[0m[32m+    fs::remove_dir_all(path)
[0m[32m+}
[0m[32m+pub fn list_dir(path: impl AsRef<Path>) -> io::Result<Vec<PathBuf>> {
[0m[32m+    let mut entries: Vec<_> = fs::read_dir(path)?
[0m[32m+        .map(|entry| entry.map(|e| e.path()))
[0m[32m+        .collect::<io::Result<_>>()?;
[0m[32m+    entries.sort();
[0m[32m+    Ok(entries)
[0m[32m+}
[0m[32m+pub fn walk(path: impl AsRef<Path>, max_depth: usize) -> io::Result<Vec<PathBuf>> {
[0m[32m+    fn visit(path: &Path, depth: usize, max: usize, output: &mut Vec<PathBuf>) -> io::Result<()> {
[0m[32m+        if depth > max {
[0m[32m+            return Ok(());
[0m[32m+        }
[0m[32m+        let mut entries: Vec<_> = fs::read_dir(path)?.collect::<io::Result<_>>()?;
[0m[32m+        entries.sort_by_key(|e| e.file_name());
[0m[32m+        for entry in entries {
[0m[32m+            let value = entry.path();
[0m[32m+            output.push(value.clone());
[0m[32m+            if entry.file_type()?.is_dir() {
[0m[32m+                visit(&value, depth + 1, max, output)?;
[0m[32m+            }
[0m[32m+        }
[0m[32m+        Ok(())
[0m[32m+    }
[0m[32m+    let mut output = Vec::new();
[0m[32m+    visit(path.as_ref(), 0, max_depth, &mut output)?;
[0m[32m+    Ok(output)
[0m[32m+}
[0m[32m+pub fn file_size(path: impl AsRef<Path>) -> io::Result<u64> {
[0m[32m+    fs::metadata(path).map(|m| m.len())
[0m[32m+}
[0m[32m+pub fn copy(from: impl AsRef<Path>, to: impl AsRef<Path>) -> io::Result<u64> {
[0m[32m+    fs::copy(from, to)
[0m[32m+}
[0m[32m+pub fn rename(from: impl AsRef<Path>, to: impl AsRef<Path>) -> io::Result<()> {
[0m[32m+    fs::rename(from, to)
[0m[32m+}
[0m[32m+pub fn stdin_line() -> io::Result<String> {
[0m[32m+    let mut line = String::new();
[0m[32m+    io::stdin().read_line(&mut line)?;
[0m[32m+    Ok(line.trim_end_matches(['\r', '\n']).into())
[0m[32m+}
[0m[32m+pub fn stdout_line(value: &str) {
[0m[32m+    println!("{value}");
[0m[32m+}
[0m 
Diff in /data/data/com.termux/files/home/titan/crates/titan_stdlib/src/json.rs:1:
 //! JSON parsing, construction, querying, and merge operations.
 
[31m-pub use serde_json::{Error as JsonError, Map as JsonMap, Number as JsonNumber, Value as JsonValue};
[0m[32m+pub use serde_json::{
[0m[32m+    Error as JsonError, Map as JsonMap, Number as JsonNumber, Value as JsonValue,
[0m[32m+};
[0m 
[31m-pub fn parse(text: &str) -> Result<JsonValue, JsonError> { serde_json::from_str(text) }
[0m[31m-pub fn stringify(value: &JsonValue) -> String { value.to_string() }
[0m[31m-pub fn stringify_pretty(value: &JsonValue) -> Result<String, JsonError> { serde_json::to_string_pretty(value) }
[0m[31m-pub fn object() -> JsonValue { JsonValue::Object(JsonMap::new()) }
[0m[31m-pub fn array() -> JsonValue { JsonValue::Array(Vec::new()) }
[0m[31m-pub fn null() -> JsonValue { JsonValue::Null }
[0m[31m-pub fn pointer<'a>(value: &'a JsonValue, path: &str) -> Option<&'a JsonValue> { value.pointer(path) }
[0m[31m-pub fn pointer_mut<'a>(value: &'a mut JsonValue, path: &str) -> Option<&'a mut JsonValue> { value.pointer_mut(path) }
[0m[31m-pub fn get_path<'a>(value: &'a JsonValue, path: &[&str]) -> Option<&'a JsonValue> { let mut current = value; for part in path { current = match current { JsonValue::Object(map) => map.get(*part)?, JsonValue::Array(values) => values.get(part.parse::<usize>().ok()?)?, _ => return None }; } Some(current) }
[0m[32m+pub fn parse(text: &str) -> Result<JsonValue, JsonError> {
[0m[32m+    serde_json::from_str(text)
[0m[32m+}
[0m[32m+pub fn stringify(value: &JsonValue) -> String {
[0m[32m+    value.to_string()
[0m[32m+}
[0m[32m+pub fn stringify_pretty(value: &JsonValue) -> Result<String, JsonError> {
[0m[32m+    serde_json::to_string_pretty(value)
[0m[32m+}
[0m[32m+pub fn object() -> JsonValue {
[0m[32m+    JsonValue::Object(JsonMap::new())
[0m[32m+}
[0m[32m+pub fn array() -> JsonValue {
[0m[32m+    JsonValue::Array(Vec::new())
[0m[32m+}
[0m[32m+pub fn null() -> JsonValue {
[0m[32m+    JsonValue::Null
[0m[32m+}
[0m[32m+pub fn pointer<'a>(value: &'a JsonValue, path: &str) -> Option<&'a JsonValue> {
[0m[32m+    value.pointer(path)
[0m[32m+}
[0m[32m+pub fn pointer_mut<'a>(value: &'a mut JsonValue, path: &str) -> Option<&'a mut JsonValue> {
[0m[32m+    value.pointer_mut(path)
[0m[32m+}
[0m[32m+pub fn get_path<'a>(value: &'a JsonValue, path: &[&str]) -> Option<&'a JsonValue> {
[0m[32m+    let mut current = value;
[0m[32m+    for part in path {
[0m[32m+        current = match current {
[0m[32m+            JsonValue::Object(map) => map.get(*part)?,
[0m[32m+            JsonValue::Array(values) => values.get(part.parse::<usize>().ok()?)?,
[0m[32m+            _ => return None,
[0m[32m+        };
[0m[32m+    }
[0m[32m+    Some(current)
[0m[32m+}
[0m pub fn merge(target: &mut JsonValue, patch: JsonValue) {
     match (target, patch) {
[31m-        (JsonValue::Object(target), JsonValue::Object(patch)) => for (key, value) in patch { if value.is_null() { target.remove(&key); } else { merge(target.entry(key).or_insert(JsonValue::Null), value); } },
[0m[32m+        (JsonValue::Object(target), JsonValue::Object(patch)) => {
[0m[32m+            for (key, value) in patch {
[0m[32m+                if value.is_null() {
[0m[32m+                    target.remove(&key);
[0m[32m+                } else {
[0m[32m+                    merge(target.entry(key).or_insert(JsonValue::Null), value);
[0m[32m+                }
[0m[32m+            }
[0m[32m+        }
[0m         (target, patch) => *target = patch,
     }
 }
Diff in /data/data/com.termux/files/home/titan/crates/titan_stdlib/src/json.rs:20:
[31m-pub fn flatten(value: &JsonValue) -> Vec<(String, JsonValue)> { fn visit(value: &JsonValue, path: String, output: &mut Vec<(String, JsonValue)>) { match value { JsonValue::Object(map) => for (key, value) in map { visit(value, format!("{path}/{}", key.replace('~', "~0").replace('/', "~1")), output); }, JsonValue::Array(values) => for (index, value) in values.iter().enumerate() { visit(value, format!("{path}/{index}"), output); }, value => output.push((path, value.clone())) } } let mut output = Vec::new(); visit(value, String::new(), &mut output); output }
[0m[32m+pub fn flatten(value: &JsonValue) -> Vec<(String, JsonValue)> {
[0m[32m+    fn visit(value: &JsonValue, path: String, output: &mut Vec<(String, JsonValue)>) {
[0m[32m+        match value {
[0m[32m+            JsonValue::Object(map) => {
[0m[32m+                for (key, value) in map {
[0m[32m+                    visit(
[0m[32m+                        value,
[0m[32m+                        format!("{path}/{}", key.replace('~', "~0").replace('/', "~1")),
[0m[32m+                        output,
[0m[32m+                    );
[0m[32m+                }
[0m[32m+            }
[0m[32m+            JsonValue::Array(values) => {
[0m[32m+                for (index, value) in values.iter().enumerate() {
[0m[32m+                    visit(value, format!("{path}/{index}"), output);
[0m[32m+                }
[0m[32m+            }
[0m[32m+            value => output.push((path, value.clone())),
[0m[32m+        }
[0m[32m+    }
[0m[32m+    let mut output = Vec::new();
[0m[32m+    visit(value, String::new(), &mut output);
[0m[32m+    output
[0m[32m+}
[0m 
[31m-#[cfg(test)] mod tests { use super::*; #[test] fn queries_and_merges() { let mut value = parse(r#"{"user":{"name":"Ada","active":true}}"#).unwrap(); assert_eq!(pointer(&value, "/user/name").and_then(JsonValue::as_str), Some("Ada")); merge(&mut value, parse(r#"{"user":{"active":null,"age":36}}"#).unwrap()); assert!(pointer(&value, "/user/active").is_none()); assert_eq!(pointer(&value, "/user/age").and_then(JsonValue::as_i64), Some(36)); } }
[0m[32m+#[cfg(test)]
[0m[32m+mod tests {
[0m[32m+    use super::*;
[0m[32m+    #[test]
[0m[32m+    fn queries_and_merges() {
[0m[32m+        let mut value = parse(r#"{"user":{"name":"Ada","active":true}}"#).unwrap();
[0m[32m+        assert_eq!(
[0m[32m+            pointer(&value, "/user/name").and_then(JsonValue::as_str),
[0m[32m+            Some("Ada")
[0m[32m+        );
[0m[32m+        merge(
[0m[32m+            &mut value,
[0m[32m+            parse(r#"{"user":{"active":null,"age":36}}"#).unwrap(),
[0m[32m+        );
[0m[32m+        assert!(pointer(&value, "/user/active").is_none());
[0m[32m+        assert_eq!(
[0m[32m+            pointer(&value, "/user/age").and_then(JsonValue::as_i64),
[0m[32m+            Some(36)
[0m[32m+        );
[0m[32m+    }
[0m[32m+}
[0m 
Diff in /data/data/com.termux/files/home/titan/crates/titan_stdlib/src/lib.rs:9:
 pub mod io;
 pub mod json;
 pub mod math;
[31m-pub mod net;
[0m pub mod native;
[32m+pub mod net;
[0m pub mod path;
 pub mod process;
 pub mod stats;
Diff in /data/data/com.termux/files/home/titan/crates/titan_stdlib/src/lib.rs:19:
 pub mod text;
 pub mod time;
 
[31m-pub fn print(value: &str) { println!("{}", value); }
[0m[31m-pub fn eprint(value: &str) { eprintln!("{}", value); }
[0m[31m-pub fn args() -> Vec<String> { std::env::args().collect() }
[0m[31m-pub fn env(key: &str) -> Option<String> { std::env::var(key).ok() }
[0m[32m+pub fn print(value: &str) {
[0m[32m+    println!("{}", value);
[0m[32m+}
[0m[32m+pub fn eprint(value: &str) {
[0m[32m+    eprintln!("{}", value);
[0m[32m+}
[0m[32m+pub fn args() -> Vec<String> {
[0m[32m+    std::env::args().collect()
[0m[32m+}
[0m[32m+pub fn env(key: &str) -> Option<String> {
[0m[32m+    std::env::var(key).ok()
[0m[32m+}
[0m pub fn now() -> f64 {
     std::time::SystemTime::now()
         .duration_since(std::time::UNIX_EPOCH)
Diff in /data/data/com.termux/files/home/titan/crates/titan_stdlib/src/lib.rs:29:
[31m-        .map(|d| d.as_secs_f64()).unwrap_or(0.0)
[0m[32m+        .map(|d| d.as_secs_f64())
[0m[32m+        .unwrap_or(0.0)
[0m }
 pub fn sleep(seconds: f64) {
     std::thread::sleep(std::time::Duration::from_secs_f64(seconds));
Diff in /data/data/com.termux/files/home/titan/crates/titan_stdlib/src/lib.rs:33:
 }
[32m+
[0mDiff in /data/data/com.termux/files/home/titan/crates/titan_stdlib/src/math.rs:2:
 
 pub const PI: f64 = std::f64::consts::PI;
 pub const E: f64 = std::f64::consts::E;
[31m-pub fn sqrt(x: f64) -> f64 { x.sqrt() }
[0m[31m-pub fn pow(b: f64, e: f64) -> f64 { b.powf(e) }
[0m[31m-pub fn sin(x: f64) -> f64 { x.sin() }
[0m[31m-pub fn cos(x: f64) -> f64 { x.cos() }
[0m[31m-pub fn tan(x: f64) -> f64 { x.tan() }
[0m[31m-pub fn ln(x: f64) -> f64 { x.ln() }
[0m[31m-pub fn abs(x: f64) -> f64 { x.abs() }
[0m[31m-pub fn round(x: f64) -> f64 { x.round() }
[0m[31m-pub fn floor(x: f64) -> f64 { x.floor() }
[0m[31m-pub fn ceil(x: f64) -> f64 { x.ceil() }
[0m[31m-pub fn min<T: PartialOrd>(a: T, b: T) -> T { if a<b {a} else {b} }
[0m[31m-pub fn max<T: PartialOrd>(a: T, b: T) -> T { if a>b {a} else {b} }
[0m[31m-pub fn mean(values: &[f64]) -> f64 { if values.is_empty(){0.0} else {values.iter().sum::<f64>()/values.len() as f64} }
[0m[32m+pub fn sqrt(x: f64) -> f64 {
[0m[32m+    x.sqrt()
[0m[32m+}
[0m[32m+pub fn pow(b: f64, e: f64) -> f64 {
[0m[32m+    b.powf(e)
[0m[32m+}
[0m[32m+pub fn sin(x: f64) -> f64 {
[0m[32m+    x.sin()
[0m[32m+}
[0m[32m+pub fn cos(x: f64) -> f64 {
[0m[32m+    x.cos()
[0m[32m+}
[0m[32m+pub fn tan(x: f64) -> f64 {
[0m[32m+    x.tan()
[0m[32m+}
[0m[32m+pub fn ln(x: f64) -> f64 {
[0m[32m+    x.ln()
[0m[32m+}
[0m[32m+pub fn abs(x: f64) -> f64 {
[0m[32m+    x.abs()
[0m[32m+}
[0m[32m+pub fn round(x: f64) -> f64 {
[0m[32m+    x.round()
[0m[32m+}
[0m[32m+pub fn floor(x: f64) -> f64 {
[0m[32m+    x.floor()
[0m[32m+}
[0m[32m+pub fn ceil(x: f64) -> f64 {
[0m[32m+    x.ceil()
[0m[32m+}
[0m[32m+pub fn min<T: PartialOrd>(a: T, b: T) -> T {
[0m[32m+    if a < b {
[0m[32m+        a
[0m[32m+    } else {
[0m[32m+        b
[0m[32m+    }
[0m[32m+}
[0m[32m+pub fn max<T: PartialOrd>(a: T, b: T) -> T {
[0m[32m+    if a > b {
[0m[32m+        a
[0m[32m+    } else {
[0m[32m+        b
[0m[32m+    }
[0m[32m+}
[0m[32m+pub fn mean(values: &[f64]) -> f64 {
[0m[32m+    if values.is_empty() {
[0m[32m+        0.0
[0m[32m+    } else {
[0m[32m+        values.iter().sum::<f64>() / values.len() as f64
[0m[32m+    }
[0m[32m+}
[0m[32m+
[0mDiff in /data/data/com.termux/files/home/titan/crates/titan_stdlib/src/native.rs:5:
 //! authoritative registry without introducing a crate dependency cycle.
 
 #[derive(Debug, Clone, Copy, PartialEq, Eq)]
[31m-pub enum NativeType { Any, Int, Float, Bool, String, Bytes, Array, Map, Nil }
[0m[32m+pub enum NativeType {
[0m[32m+    Any,
[0m[32m+    Int,
[0m[32m+    Float,
[0m[32m+    Bool,
[0m[32m+    String,
[0m[32m+    Bytes,
[0m[32m+    Array,
[0m[32m+    Map,
[0m[32m+    Nil,
[0m[32m+}
[0m 
 #[derive(Debug, Clone, Copy, PartialEq, Eq)]
[31m-pub enum Capability { None, Filesystem, Process, Network, Environment }
[0m[32m+pub enum Capability {
[0m[32m+    None,
[0m[32m+    Filesystem,
[0m[32m+    Process,
[0m[32m+    Network,
[0m[32m+    Environment,
[0m[32m+}
[0m 
 #[derive(Debug, Clone, Copy)]
 pub struct NativeSignature {
Diff in /data/data/com.termux/files/home/titan/crates/titan_stdlib/src/native.rs:24:
 }
 
 pub static NATIVES: &[NativeSignature] = &[
[31m-    native!("std::text::length", [String], Int), native!("std::text::reverse", [String], String),
[0m[31m-    native!("std::text::uppercase", [String], String), native!("std::text::lowercase", [String], String),
[0m[31m-    native!("std::text::trim", [String], String), native!("std::text::capitalize", [String], String),
[0m[31m-    native!("std::text::escape_html", [String], String), native!("std::text::slugify", [String], String),
[0m[31m-    native!("std::text::levenshtein", [String, String], Int), native!("std::text::contains", [String, String], Bool),
[0m[31m-    native!("std::text::starts_with", [String, String], Bool), native!("std::text::ends_with", [String, String], Bool),
[0m[31m-    native!("std::text::replace", [String, String, String], String), native!("std::text::truncate", [String, Int, String], String),
[0m[31m-    native!("std::text::words", [String], Array), native!("std::text::lines", [String], Array),
[0m[31m-
[0m[31m-    native!("std::encoding::hex_encode", [Bytes], String), native!("std::encoding::hex_decode", [String], Bytes),
[0m[31m-    native!("std::encoding::base64_encode", [Bytes], String), native!("std::encoding::base64_decode", [String], Bytes),
[0m[31m-    native!("std::encoding::percent_encode", [String], String), native!("std::encoding::percent_decode", [String], String),
[0m[31m-    native!("std::encoding::utf8_encode", [String], Bytes), native!("std::encoding::utf8_decode", [Bytes], String),
[0m[31m-
[0m[31m-    native!("std::checksum::fnv1a64", [Bytes], Int), native!("std::checksum::crc32", [Bytes], Int),
[0m[32m+    native!("std::text::length", [String], Int),
[0m[32m+    native!("std::text::reverse", [String], String),
[0m[32m+    native!("std::text::uppercase", [String], String),
[0m[32m+    native!("std::text::lowercase", [String], String),
[0m[32m+    native!("std::text::trim", [String], String),
[0m[32m+    native!("std::text::capitalize", [String], String),
[0m[32m+    native!("std::text::escape_html", [String], String),
[0m[32m+    native!("std::text::slugify", [String], String),
[0m[32m+    native!("std::text::levenshtein", [String, String], Int),
[0m[32m+    native!("std::text::contains", [String, String], Bool),
[0m[32m+    native!("std::text::starts_with", [String, String], Bool),
[0m[32m+    native!("std::text::ends_with", [String, String], Bool),
[0m[32m+    native!("std::text::replace", [String, String, String], String),
[0m[32m+    native!("std::text::truncate", [String, Int, String], String),
[0m[32m+    native!("std::text::words", [String], Array),
[0m[32m+    native!("std::text::lines", [String], Array),
[0m[32m+    native!("std::encoding::hex_encode", [Bytes], String),
[0m[32m+    native!("std::encoding::hex_decode", [String], Bytes),
[0m[32m+    native!("std::encoding::base64_encode", [Bytes], String),
[0m[32m+    native!("std::encoding::base64_decode", [String], Bytes),
[0m[32m+    native!("std::encoding::percent_encode", [String], String),
[0m[32m+    native!("std::encoding::percent_decode", [String], String),
[0m[32m+    native!("std::encoding::utf8_encode", [String], Bytes),
[0m[32m+    native!("std::encoding::utf8_decode", [Bytes], String),
[0m[32m+    native!("std::checksum::fnv1a64", [Bytes], Int),
[0m[32m+    native!("std::checksum::crc32", [Bytes], Int),
[0m     native!("std::checksum::constant_time_eq", [Bytes, Bytes], Bool),
[31m-    native!("std::bytes::from_array", [Array], Bytes), native!("std::bytes::to_array", [Bytes], Array),
[0m[31m-    native!("std::bytes::length", [Bytes], Int), native!("std::bytes::concat", [Bytes, Bytes], Bytes),
[0m[31m-    native!("std::bytes::slice", [Bytes, Int, Int], Bytes), native!("std::bytes::read_u32_le", [Bytes, Int], Int),
[0m[32m+    native!("std::bytes::from_array", [Array], Bytes),
[0m[32m+    native!("std::bytes::to_array", [Bytes], Array),
[0m[32m+    native!("std::bytes::length", [Bytes], Int),
[0m[32m+    native!("std::bytes::concat", [Bytes, Bytes], Bytes),
[0m[32m+    native!("std::bytes::slice", [Bytes, Int, Int], Bytes),
[0m[32m+    native!("std::bytes::read_u32_le", [Bytes, Int], Int),
[0m     native!("std::bytes::write_u32_le", [Int], Bytes),
[31m-
[0m[31m-    native!("std::csv::parse", [String], Array), native!("std::csv::serialize", [Array], String),
[0m[31m-    native!("std::json::parse", [String], Any), native!("std::json::stringify", [Any], String),
[0m[31m-    native!("std::json::pretty", [Any], String), native!("std::json::pointer", [Any, String], Any),
[0m[31m-    native!("std::json::merge", [Any, Any], Any), native!("std::json::flatten", [Any], Array),
[0m[31m-
[0m[31m-    native!("std::collections::length", [Any], Int), native!("std::collections::contains", [Array, Any], Bool),
[0m[31m-    native!("std::collections::reverse", [Array], Array), native!("std::collections::deduplicate", [Array], Array),
[0m[31m-    native!("std::collections::join", [Array, String], String), native!("std::collections::chunk", [Array, Int], Array),
[0m[31m-    native!("std::map::keys", [Map], Array), native!("std::map::values", [Map], Array),
[0m[31m-    native!("std::map::contains", [Map, String], Bool), native!("std::map::get", [Map, String], Any),
[0m[31m-    native!("std::map::insert", [Map, String, Any], Map), native!("std::map::remove", [Map, String], Map),
[0m[31m-
[0m[31m-    native!("std::math::sqrt", [Float], Float), native!("std::math::pow", [Float, Float], Float),
[0m[31m-    native!("std::math::sin", [Float], Float), native!("std::math::cos", [Float], Float),
[0m[31m-    native!("std::math::tan", [Float], Float), native!("std::math::ln", [Float], Float),
[0m[31m-    native!("std::math::abs", [Float], Float), native!("std::math::floor", [Float], Float),
[0m[31m-    native!("std::math::ceil", [Float], Float), native!("std::math::round", [Float], Float),
[0m[31m-    native!("std::stats::mean", [Array], Float), native!("std::stats::median", [Array], Float),
[0m[31m-    native!("std::stats::quantile", [Array, Float], Float), native!("std::stats::variance", [Array], Float),
[0m[32m+    native!("std::csv::parse", [String], Array),
[0m[32m+    native!("std::csv::serialize", [Array], String),
[0m[32m+    native!("std::json::parse", [String], Any),
[0m[32m+    native!("std::json::stringify", [Any], String),
[0m[32m+    native!("std::json::pretty", [Any], String),
[0m[32m+    native!("std::json::pointer", [Any, String], Any),
[0m[32m+    native!("std::json::merge", [Any, Any], Any),
[0m[32m+    native!("std::json::flatten", [Any], Array),
[0m[32m+    native!("std::collections::length", [Any], Int),
[0m[32m+    native!("std::collections::contains", [Array, Any], Bool),
[0m[32m+    native!("std::collections::reverse", [Array], Array),
[0m[32m+    native!("std::collections::deduplicate", [Array], Array),
[0m[32m+    native!("std::collections::join", [Array, String], String),
[0m[32m+    native!("std::collections::chunk", [Array, Int], Array),
[0m[32m+    native!("std::map::keys", [Map], Array),
[0m[32m+    native!("std::map::values", [Map], Array),
[0m[32m+    native!("std::map::contains", [Map, String], Bool),
[0m[32m+    native!("std::map::get", [Map, String], Any),
[0m[32m+    native!("std::map::insert", [Map, String, Any], Map),
[0m[32m+    native!("std::map::remove", [Map, String], Map),
[0m[32m+    native!("std::math::sqrt", [Float], Float),
[0m[32m+    native!("std::math::pow", [Float, Float], Float),
[0m[32m+    native!("std::math::sin", [Float], Float),
[0m[32m+    native!("std::math::cos", [Float], Float),
[0m[32m+    native!("std::math::tan", [Float], Float),
[0m[32m+    native!("std::math::ln", [Float], Float),
[0m[32m+    native!("std::math::abs", [Float], Float),
[0m[32m+    native!("std::math::floor", [Float], Float),
[0m[32m+    native!("std::math::ceil", [Float], Float),
[0m[32m+    native!("std::math::round", [Float], Float),
[0m[32m+    native!("std::stats::mean", [Array], Float),
[0m[32m+    native!("std::stats::median", [Array], Float),
[0m[32m+    native!("std::stats::quantile", [Array, Float], Float),
[0m[32m+    native!("std::stats::variance", [Array], Float),
[0m     native!("std::stats::stddev", [Array], Float),
[31m-
[0m[31m-    native!("std::time::unix_seconds", [], Int), native!("std::time::unix_millis", [], Int),
[0m[32m+    native!("std::time::unix_seconds", [], Int),
[0m[32m+    native!("std::time::unix_millis", [], Int),
[0m     native!("std::time::sleep_ms", [Int], Nil),
[31m-
[0m[31m-    native!("std::path::join", [String, String], String), native!("std::path::normalize", [String], String),
[0m[31m-    native!("std::path::parent", [String], String), native!("std::path::file_name", [String], String),
[0m[31m-    native!("std::path::stem", [String], String), native!("std::path::extension", [String], String),
[0m[31m-    native!("std::path::absolute", [String], String, Filesystem), native!("std::path::canonical", [String], String, Filesystem),
[0m[31m-
[0m[31m-    native!("std::fs::read_text", [String], String, Filesystem), native!("std::fs::read_bytes", [String], Bytes, Filesystem),
[0m[31m-    native!("std::fs::write_text", [String, String], Nil, Filesystem), native!("std::fs::write_bytes", [String, Bytes], Nil, Filesystem),
[0m[31m-    native!("std::fs::atomic_write", [String, Bytes], Nil, Filesystem), native!("std::fs::append", [String, Bytes], Nil, Filesystem),
[0m[31m-    native!("std::fs::exists", [String], Bool, Filesystem), native!("std::fs::is_file", [String], Bool, Filesystem),
[0m[31m-    native!("std::fs::is_dir", [String], Bool, Filesystem), native!("std::fs::create_dir", [String], Nil, Filesystem),
[0m[31m-    native!("std::fs::remove_file", [String], Nil, Filesystem), native!("std::fs::remove_dir", [String], Nil, Filesystem),
[0m[31m-    native!("std::fs::list_dir", [String], Array, Filesystem), native!("std::fs::file_size", [String], Int, Filesystem),
[0m[31m-    native!("std::fs::copy", [String, String], Int, Filesystem), native!("std::fs::rename", [String, String], Nil, Filesystem),
[0m[31m-
[0m[32m+    native!("std::path::join", [String, String], String),
[0m[32m+    native!("std::path::normalize", [String], String),
[0m[32m+    native!("std::path::parent", [String], String),
[0m[32m+    native!("std::path::file_name", [String], String),
[0m[32m+    native!("std::path::stem", [String], String),
[0m[32m+    native!("std::path::extension", [String], String),
[0m[32m+    native!("std::path::absolute", [String], String, Filesystem),
[0m[32m+    native!("std::path::canonical", [String], String, Filesystem),
[0m[32m+    native!("std::fs::read_text", [String], String, Filesystem),
[0m[32m+    native!("std::fs::read_bytes", [String], Bytes, Filesystem),
[0m[32m+    native!("std::fs::write_text", [String, String], Nil, Filesystem),
[0m[32m+    native!("std::fs::write_bytes", [String, Bytes], Nil, Filesystem),
[0m[32m+    native!("std::fs::atomic_write", [String, Bytes], Nil, Filesystem),
[0m[32m+    native!("std::fs::append", [String, Bytes], Nil, Filesystem),
[0m[32m+    native!("std::fs::exists", [String], Bool, Filesystem),
[0m[32m+    native!("std::fs::is_file", [String], Bool, Filesystem),
[0m[32m+    native!("std::fs::is_dir", [String], Bool, Filesystem),
[0m[32m+    native!("std::fs::create_dir", [String], Nil, Filesystem),
[0m[32m+    native!("std::fs::remove_file", [String], Nil, Filesystem),
[0m[32m+    native!("std::fs::remove_dir", [String], Nil, Filesystem),
[0m[32m+    native!("std::fs::list_dir", [String], Array, Filesystem),
[0m[32m+    native!("std::fs::file_size", [String], Int, Filesystem),
[0m[32m+    native!("std::fs::copy", [String, String], Int, Filesystem),
[0m[32m+    native!("std::fs::rename", [String, String], Nil, Filesystem),
[0m     native!("std::process::run", [String, Array], Map, Process),
[31m-    native!("std::process::run_timeout", [String, Array, Int], Map, Process),
[0m[31m-    native!("std::env::get", [String], String, Environment), native!("std::env::args", [], Array, Environment),
[0m[32m+    native!(
[0m[32m+        "std::process::run_timeout",
[0m[32m+        [String, Array, Int],
[0m[32m+        Map,
[0m[32m+        Process
[0m[32m+    ),
[0m[32m+    native!("std::env::get", [String], String, Environment),
[0m[32m+    native!("std::env::args", [], Array, Environment),
[0m     native!("std::env::current_dir", [], String, Environment),
     native!("std::net::http_get", [String], Map, Network),
[31m-    native!("std::testing::assert", [Bool, String], Nil), native!("std::testing::assert_eq", [Any, Any, String], Nil),
[0m[32m+    native!("std::testing::assert", [Bool, String], Nil),
[0m[32m+    native!("std::testing::assert_eq", [Any, Any, String], Nil),
[0m ];
 
[31m-pub fn lookup(name: &str) -> Option<&'static NativeSignature> { NATIVES.iter().find(|signature| signature.name == name) }
[0m[31m-pub fn contains(name: &str) -> bool { lookup(name).is_some() }
[0m[32m+pub fn lookup(name: &str) -> Option<&'static NativeSignature> {
[0m[32m+    NATIVES.iter().find(|signature| signature.name == name)
[0m[32m+}
[0m[32m+pub fn contains(name: &str) -> bool {
[0m[32m+    lookup(name).is_some()
[0m[32m+}
[0m 
 #[cfg(test)]
 mod tests {
Diff in /data/data/com.termux/files/home/titan/crates/titan_stdlib/src/native.rs:104:
         let mut names = HashSet::new();
         for signature in NATIVES {
             assert!(signature.name.starts_with("std::"));
[31m-            assert!(names.insert(signature.name), "duplicate native {}", signature.name);
[0m[32m+            assert!(
[0m[32m+                names.insert(signature.name),
[0m[32m+                "duplicate native {}",
[0m[32m+                signature.name
[0m[32m+            );
[0m         }
         assert!(NATIVES.len() >= 80);
     }
Diff in /data/data/com.termux/files/home/titan/crates/titan_stdlib/src/net.rs:7:
 use std::io;
 use std::net::{TcpListener, TcpStream};
 
[31m-pub struct TcpServer { listener: TcpListener }
[0m[32m+pub struct TcpServer {
[0m[32m+    listener: TcpListener,
[0m[32m+}
[0m impl TcpServer {
[31m-    pub fn bind(addr: &str) -> io::Result<Self> { Ok(Self { listener: TcpListener::bind(addr)? }) }
[0m[31m-    pub fn accept(&self) -> io::Result<(TcpStream, String)> { let (stream, address) = self.listener.accept()?; Ok((stream, address.to_string())) }
[0m[31m-    pub fn local_addr(&self) -> io::Result<String> { self.listener.local_addr().map(|a| a.to_string()) }
[0m[32m+    pub fn bind(addr: &str) -> io::Result<Self> {
[0m[32m+        Ok(Self {
[0m[32m+            listener: TcpListener::bind(addr)?,
[0m[32m+        })
[0m[32m+    }
[0m[32m+    pub fn accept(&self) -> io::Result<(TcpStream, String)> {
[0m[32m+        let (stream, address) = self.listener.accept()?;
[0m[32m+        Ok((stream, address.to_string()))
[0m[32m+    }
[0m[32m+    pub fn local_addr(&self) -> io::Result<String> {
[0m[32m+        self.listener.local_addr().map(|a| a.to_string())
[0m[32m+    }
[0m }
 
[31m-pub struct TcpClient { stream: TcpStream }
[0m[32m+pub struct TcpClient {
[0m[32m+    stream: TcpStream,
[0m[32m+}
[0m impl TcpClient {
[31m-    pub fn connect(addr: &str) -> io::Result<Self> { Ok(Self { stream: TcpStream::connect(addr)? }) }
[0m[31m-    pub fn send(&mut self, data: &[u8]) -> io::Result<usize> { use std::io::Write; self.stream.write(data) }
[0m[31m-    pub fn send_str(&mut self, data: &str) -> io::Result<()> { use std::io::Write; self.stream.write_all(data.as_bytes()) }
[0m[31m-    pub fn recv_str(&mut self, max: usize) -> io::Result<String> { use std::io::Read; let mut buffer = vec![0; max]; let count = self.stream.read(&mut buffer)?; Ok(String::from_utf8_lossy(&buffer[..count]).into()) }
[0m[31m-    pub fn peer_addr(&self) -> io::Result<String> { self.stream.peer_addr().map(|a| a.to_string()) }
[0m[32m+    pub fn connect(addr: &str) -> io::Result<Self> {
[0m[32m+        Ok(Self {
[0m[32m+            stream: TcpStream::connect(addr)?,
[0m[32m+        })
[0m[32m+    }
[0m[32m+    pub fn send(&mut self, data: &[u8]) -> io::Result<usize> {
[0m[32m+        use std::io::Write;
[0m[32m+        self.stream.write(data)
[0m[32m+    }
[0m[32m+    pub fn send_str(&mut self, data: &str) -> io::Result<()> {
[0m[32m+        use std::io::Write;
[0m[32m+        self.stream.write_all(data.as_bytes())
[0m[32m+    }
[0m[32m+    pub fn recv_str(&mut self, max: usize) -> io::Result<String> {
[0m[32m+        use std::io::Read;
[0m[32m+        let mut buffer = vec![0; max];
[0m[32m+        let count = self.stream.read(&mut buffer)?;
[0m[32m+        Ok(String::from_utf8_lossy(&buffer[..count]).into())
[0m[32m+    }
[0m[32m+    pub fn peer_addr(&self) -> io::Result<String> {
[0m[32m+        self.stream.peer_addr().map(|a| a.to_string())
[0m[32m+    }
[0m }
 
 #[derive(Debug, Clone)]
Diff in /data/data/com.termux/files/home/titan/crates/titan_stdlib/src/net.rs:27:
[31m-pub struct HttpResponse { pub status: u16, pub headers: Vec<(String, String)>, pub body: Vec<u8> }
[0m[32m+pub struct HttpResponse {
[0m[32m+    pub status: u16,
[0m[32m+    pub headers: Vec<(String, String)>,
[0m[32m+    pub body: Vec<u8>,
[0m[32m+}
[0m impl HttpResponse {
[31m-    pub fn is_success(&self) -> bool { (200..300).contains(&self.status) }
[0m[31m-    pub fn text(&self) -> String { String::from_utf8_lossy(&self.body).into() }
[0m[32m+    pub fn is_success(&self) -> bool {
[0m[32m+        (200..300).contains(&self.status)
[0m[32m+    }
[0m[32m+    pub fn text(&self) -> String {
[0m[32m+        String::from_utf8_lossy(&self.body).into()
[0m[32m+    }
[0m }
 
 pub fn http_get(url: &str) -> io::Result<HttpResponse> {
Diff in /data/data/com.termux/files/home/titan/crates/titan_stdlib/src/net.rs:34:
[31m-    if url.starts_with("https://") { return Err(io::Error::new(io::ErrorKind::InvalidInput, "HTTPS requires a TLS-enabled client")); }
[0m[31m-    let raw = url.strip_prefix("http://").ok_or_else(|| io::Error::new(io::ErrorKind::InvalidInput, "URL must start with http://"))?;
[0m[31m-    let (authority, path) = raw.split_once('/').map(|(a, p)| (a, format!("/{p}"))).unwrap_or((raw, "/".into()));
[0m[32m+    if url.starts_with("https://") {
[0m[32m+        return Err(io::Error::new(
[0m[32m+            io::ErrorKind::InvalidInput,
[0m[32m+            "HTTPS requires a TLS-enabled client",
[0m[32m+        ));
[0m[32m+    }
[0m[32m+    let raw = url.strip_prefix("http://").ok_or_else(|| {
[0m[32m+        io::Error::new(io::ErrorKind::InvalidInput, "URL must start with http://")
[0m[32m+    })?;
[0m[32m+    let (authority, path) = raw
[0m[32m+        .split_once('/')
[0m[32m+        .map(|(a, p)| (a, format!("/{p}")))
[0m[32m+        .unwrap_or((raw, "/".into()));
[0m     let (host, port) = authority.rsplit_once(':').unwrap_or((authority, "80"));
[31m-    if host.is_empty() { return Err(io::Error::new(io::ErrorKind::InvalidInput, "URL has no host")); }
[0m[32m+    if host.is_empty() {
[0m[32m+        return Err(io::Error::new(
[0m[32m+            io::ErrorKind::InvalidInput,
[0m[32m+            "URL has no host",
[0m[32m+        ));
[0m[32m+    }
[0m 
     use std::io::{Read, Write};
[31m-    let mut connection = TcpStream::connect((host, port.parse::<u16>().map_err(|_| io::Error::new(io::ErrorKind::InvalidInput, "invalid port"))?))?;
[0m[32m+    let mut connection = TcpStream::connect((
[0m[32m+        host,
[0m[32m+        port.parse::<u16>()
[0m[32m+            .map_err(|_| io::Error::new(io::ErrorKind::InvalidInput, "invalid port"))?,
[0m[32m+    ))?;
[0m     connection.write_all(format!("GET {path} HTTP/1.1\r\nHost: {authority}\r\nUser-Agent: Titan/0.2\r\nAccept: */*\r\nConnection: close\r\n\r\n").as_bytes())?;
[31m-    let mut bytes = Vec::new(); connection.read_to_end(&mut bytes)?;
[0m[31m-    let separator = bytes.windows(4).position(|w| w == b"\r\n\r\n").ok_or_else(|| io::Error::new(io::ErrorKind::InvalidData, "malformed HTTP response"))?;
[0m[32m+    let mut bytes = Vec::new();
[0m[32m+    connection.read_to_end(&mut bytes)?;
[0m[32m+    let separator = bytes
[0m[32m+        .windows(4)
[0m[32m+        .position(|w| w == b"\r\n\r\n")
[0m[32m+        .ok_or_else(|| io::Error::new(io::ErrorKind::InvalidData, "malformed HTTP response"))?;
[0m     let head = String::from_utf8_lossy(&bytes[..separator]);
     let mut lines = head.split("\r\n");
[31m-    let status = lines.next().and_then(|line| line.split_whitespace().nth(1)).and_then(|s| s.parse().ok()).ok_or_else(|| io::Error::new(io::ErrorKind::InvalidData, "invalid HTTP status"))?;
[0m[31m-    let headers = lines.filter_map(|line| line.split_once(':')).map(|(name, value)| (name.trim().into(), value.trim().into())).collect();
[0m[31m-    Ok(HttpResponse { status, headers, body: bytes[separator + 4..].to_vec() })
[0m[32m+    let status = lines
[0m[32m+        .next()
[0m[32m+        .and_then(|line| line.split_whitespace().nth(1))
[0m[32m+        .and_then(|s| s.parse().ok())
[0m[32m+        .ok_or_else(|| io::Error::new(io::ErrorKind::InvalidData, "invalid HTTP status"))?;
[0m[32m+    let headers = lines
[0m[32m+        .filter_map(|line| line.split_once(':'))
[0m[32m+        .map(|(name, value)| (name.trim().into(), value.trim().into()))
[0m[32m+        .collect();
[0m[32m+    Ok(HttpResponse {
[0m[32m+        status,
[0m[32m+        headers,
[0m[32m+        body: bytes[separator + 4..].to_vec(),
[0m[32m+    })
[0m }
 
Diff in /data/data/com.termux/files/home/titan/crates/titan_stdlib/src/path.rs:4:
 use std::io;
 use std::path::{Component, Path, PathBuf};
 
[31m-pub fn join(base: impl AsRef<Path>, child: impl AsRef<Path>) -> PathBuf { base.as_ref().join(child) }
[0m[31m-pub fn parent(path: impl AsRef<Path>) -> Option<PathBuf> { path.as_ref().parent().map(Path::to_path_buf) }
[0m[31m-pub fn file_name(path: impl AsRef<Path>) -> Option<String> { path.as_ref().file_name().map(|s| s.to_string_lossy().into()) }
[0m[31m-pub fn stem(path: impl AsRef<Path>) -> Option<String> { path.as_ref().file_stem().map(|s| s.to_string_lossy().into()) }
[0m[31m-pub fn extension(path: impl AsRef<Path>) -> Option<String> { path.as_ref().extension().map(|s| s.to_string_lossy().into()) }
[0m[31m-pub fn with_extension(path: impl AsRef<Path>, value: &str) -> PathBuf { path.as_ref().with_extension(value) }
[0m[31m-pub fn absolute(path: impl AsRef<Path>) -> io::Result<PathBuf> { let path = path.as_ref(); if path.is_absolute() { Ok(normalize(path)) } else { Ok(normalize(std::env::current_dir()?.join(path))) } }
[0m[31m-pub fn canonical(path: impl AsRef<Path>) -> io::Result<PathBuf> { std::fs::canonicalize(path) }
[0m[32m+pub fn join(base: impl AsRef<Path>, child: impl AsRef<Path>) -> PathBuf {
[0m[32m+    base.as_ref().join(child)
[0m[32m+}
[0m[32m+pub fn parent(path: impl AsRef<Path>) -> Option<PathBuf> {
[0m[32m+    path.as_ref().parent().map(Path::to_path_buf)
[0m[32m+}
[0m[32m+pub fn file_name(path: impl AsRef<Path>) -> Option<String> {
[0m[32m+    path.as_ref()
[0m[32m+        .file_name()
[0m[32m+        .map(|s| s.to_string_lossy().into())
[0m[32m+}
[0m[32m+pub fn stem(path: impl AsRef<Path>) -> Option<String> {
[0m[32m+    path.as_ref()
[0m[32m+        .file_stem()
[0m[32m+        .map(|s| s.to_string_lossy().into())
[0m[32m+}
[0m[32m+pub fn extension(path: impl AsRef<Path>) -> Option<String> {
[0m[32m+    path.as_ref()
[0m[32m+        .extension()
[0m[32m+        .map(|s| s.to_string_lossy().into())
[0m[32m+}
[0m[32m+pub fn with_extension(path: impl AsRef<Path>, value: &str) -> PathBuf {
[0m[32m+    path.as_ref().with_extension(value)
[0m[32m+}
[0m[32m+pub fn absolute(path: impl AsRef<Path>) -> io::Result<PathBuf> {
[0m[32m+    let path = path.as_ref();
[0m[32m+    if path.is_absolute() {
[0m[32m+        Ok(normalize(path))
[0m[32m+    } else {
[0m[32m+        Ok(normalize(std::env::current_dir()?.join(path)))
[0m[32m+    }
[0m[32m+}
[0m[32m+pub fn canonical(path: impl AsRef<Path>) -> io::Result<PathBuf> {
[0m[32m+    std::fs::canonicalize(path)
[0m[32m+}
[0m pub fn normalize(path: impl AsRef<Path>) -> PathBuf {
     let mut output = PathBuf::new();
     for component in path.as_ref().components() {
Diff in /data/data/com.termux/files/home/titan/crates/titan_stdlib/src/path.rs:18:
         match component {
             Component::CurDir => {}
[31m-            Component::ParentDir => { if !output.pop() { output.push(".."); } }
[0m[32m+            Component::ParentDir => {
[0m[32m+                if !output.pop() {
[0m[32m+                    output.push("..");
[0m[32m+                }
[0m[32m+            }
[0m             Component::Normal(part) => output.push(part),
             Component::RootDir => output.push(Component::RootDir.as_os_str()),
             Component::Prefix(prefix) => output.push(prefix.as_os_str()),
Diff in /data/data/com.termux/files/home/titan/crates/titan_stdlib/src/path.rs:25:
     }
     output
 }
[31m-pub fn components(path: impl AsRef<Path>) -> Vec<OsString> { path.as_ref().components().map(|c| c.as_os_str().to_owned()).collect() }
[0m[31m-pub fn is_within(path: impl AsRef<Path>, root: impl AsRef<Path>) -> io::Result<bool> { let path = canonical(path)?; let root = canonical(root)?; Ok(path.starts_with(root)) }
[0m[32m+pub fn components(path: impl AsRef<Path>) -> Vec<OsString> {
[0m[32m+    path.as_ref()
[0m[32m+        .components()
[0m[32m+        .map(|c| c.as_os_str().to_owned())
[0m[32m+        .collect()
[0m[32m+}
[0m[32m+pub fn is_within(path: impl AsRef<Path>, root: impl AsRef<Path>) -> io::Result<bool> {
[0m[32m+    let path = canonical(path)?;
[0m[32m+    let root = canonical(root)?;
[0m[32m+    Ok(path.starts_with(root))
[0m[32m+}
[0m 
[31m-#[cfg(test)] mod tests { use super::*; #[test] fn manipulates_paths() { let value = normalize("a/./b/../c.txt"); assert_eq!(value, PathBuf::from("a/c.txt")); assert_eq!(stem(&value).as_deref(), Some("c")); assert_eq!(extension(&value).as_deref(), Some("txt")); } }
[0m[32m+#[cfg(test)]
[0m[32m+mod tests {
[0m[32m+    use super::*;
[0m[32m+    #[test]
[0m[32m+    fn manipulates_paths() {
[0m[32m+        let value = normalize("a/./b/../c.txt");
[0m[32m+        assert_eq!(value, PathBuf::from("a/c.txt"));
[0m[32m+        assert_eq!(stem(&value).as_deref(), Some("c"));
[0m[32m+        assert_eq!(extension(&value).as_deref(), Some("txt"));
[0m[32m+    }
[0m[32m+}
[0m 
Diff in /data/data/com.termux/files/home/titan/crates/titan_stdlib/src/process.rs:6:
 use std::process::{Command, Stdio};
 use std::time::{Duration, Instant};
 
[31m-#[derive(Debug, Clone, Default)] pub struct CommandSpec {
[0m[32m+#[derive(Debug, Clone, Default)]
[0m[32m+pub struct CommandSpec {
[0m     pub program: String,
     pub args: Vec<String>,
     pub cwd: Option<PathBuf>,
Diff in /data/data/com.termux/files/home/titan/crates/titan_stdlib/src/process.rs:13:
     pub env: BTreeMap<String, String>,
     pub clear_env: bool,
 }
[31m-#[derive(Debug, Clone)] pub struct ProcessOutput { pub status: Option<i32>, pub success: bool, pub stdout: Vec<u8>, pub stderr: Vec<u8>, pub timed_out: bool }
[0m[31m-impl ProcessOutput { pub fn stdout_text(&self) -> String { String::from_utf8_lossy(&self.stdout).into() } pub fn stderr_text(&self) -> String { String::from_utf8_lossy(&self.stderr).into() } }
[0m[32m+#[derive(Debug, Clone)]
[0m[32m+pub struct ProcessOutput {
[0m[32m+    pub status: Option<i32>,
[0m[32m+    pub success: bool,
[0m[32m+    pub stdout: Vec<u8>,
[0m[32m+    pub stderr: Vec<u8>,
[0m[32m+    pub timed_out: bool,
[0m[32m+}
[0m[32m+impl ProcessOutput {
[0m[32m+    pub fn stdout_text(&self) -> String {
[0m[32m+        String::from_utf8_lossy(&self.stdout).into()
[0m[32m+    }
[0m[32m+    pub fn stderr_text(&self) -> String {
[0m[32m+        String::from_utf8_lossy(&self.stderr).into()
[0m[32m+    }
[0m[32m+}
[0m 
 impl CommandSpec {
[31m-    pub fn new(program: impl Into<String>) -> Self { Self { program: program.into(), ..Self::default() } }
[0m[31m-    pub fn arg(mut self, value: impl Into<String>) -> Self { self.args.push(value.into()); self }
[0m[31m-    pub fn args<I, S>(mut self, values: I) -> Self where I: IntoIterator<Item = S>, S: Into<String> { self.args.extend(values.into_iter().map(Into::into)); self }
[0m[31m-    pub fn current_dir(mut self, path: impl Into<PathBuf>) -> Self { self.cwd = Some(path.into()); self }
[0m[31m-    pub fn env(mut self, key: impl Into<String>, value: impl Into<String>) -> Self { self.env.insert(key.into(), value.into()); self }
[0m[32m+    pub fn new(program: impl Into<String>) -> Self {
[0m[32m+        Self {
[0m[32m+            program: program.into(),
[0m[32m+            ..Self::default()
[0m[32m+        }
[0m[32m+    }
[0m[32m+    pub fn arg(mut self, value: impl Into<String>) -> Self {
[0m[32m+        self.args.push(value.into());
[0m[32m+        self
[0m[32m+    }
[0m[32m+    pub fn args<I, S>(mut self, values: I) -> Self
[0m[32m+    where
[0m[32m+        I: IntoIterator<Item = S>,
[0m[32m+        S: Into<String>,
[0m[32m+    {
[0m[32m+        self.args.extend(values.into_iter().map(Into::into));
[0m[32m+        self
[0m[32m+    }
[0m[32m+    pub fn current_dir(mut self, path: impl Into<PathBuf>) -> Self {
[0m[32m+        self.cwd = Some(path.into());
[0m[32m+        self
[0m[32m+    }
[0m[32m+    pub fn env(mut self, key: impl Into<String>, value: impl Into<String>) -> Self {
[0m[32m+        self.env.insert(key.into(), value.into());
[0m[32m+        self
[0m[32m+    }
[0m     fn command(&self) -> Command {
         let mut command = Command::new(&self.program);
         command.args(&self.args);
Diff in /data/data/com.termux/files/home/titan/crates/titan_stdlib/src/process.rs:28:
[31m-        if let Some(cwd) = &self.cwd { command.current_dir(cwd); }
[0m[31m-        if self.clear_env { command.env_clear(); }
[0m[32m+        if let Some(cwd) = &self.cwd {
[0m[32m+            command.current_dir(cwd);
[0m[32m+        }
[0m[32m+        if self.clear_env {
[0m[32m+            command.env_clear();
[0m[32m+        }
[0m         command.envs(&self.env);
         command
     }
Diff in /data/data/com.termux/files/home/titan/crates/titan_stdlib/src/process.rs:33:
[31m-    pub fn status(&self) -> io::Result<std::process::ExitStatus> { self.command().status() }
[0m[31m-    pub fn output(&self) -> io::Result<ProcessOutput> { let output = self.command().output()?; Ok(ProcessOutput { status: output.status.code(), success: output.status.success(), stdout: output.stdout, stderr: output.stderr, timed_out: false }) }
[0m[32m+    pub fn status(&self) -> io::Result<std::process::ExitStatus> {
[0m[32m+        self.command().status()
[0m[32m+    }
[0m[32m+    pub fn output(&self) -> io::Result<ProcessOutput> {
[0m[32m+        let output = self.command().output()?;
[0m[32m+        Ok(ProcessOutput {
[0m[32m+            status: output.status.code(),
[0m[32m+            success: output.status.success(),
[0m[32m+            stdout: output.stdout,
[0m[32m+            stderr: output.stderr,
[0m[32m+            timed_out: false,
[0m[32m+        })
[0m[32m+    }
[0m     pub fn output_timeout(&self, timeout: Duration) -> io::Result<ProcessOutput> {
         use std::io::Read;
[31m-        let mut command = self.command(); command.stdout(Stdio::piped()).stderr(Stdio::piped()); let mut child = command.spawn()?;
[0m[31m-        let mut stdout = child.stdout.take().ok_or_else(|| io::Error::other("stdout pipe unavailable"))?;
[0m[31m-        let mut stderr = child.stderr.take().ok_or_else(|| io::Error::other("stderr pipe unavailable"))?;
[0m[31m-        let stdout_reader = std::thread::spawn(move || { let mut data = Vec::new(); stdout.read_to_end(&mut data).map(|_| data) });
[0m[31m-        let stderr_reader = std::thread::spawn(move || { let mut data = Vec::new(); stderr.read_to_end(&mut data).map(|_| data) });
[0m[31m-        let started = Instant::now(); let (status, timed_out) = loop {
[0m[31m-            if let Some(status) = child.try_wait()? { break (status, false); }
[0m[31m-            if started.elapsed() >= timeout { let _ = child.kill(); break (child.wait()?, true); }
[0m[32m+        let mut command = self.command();
[0m[32m+        command.stdout(Stdio::piped()).stderr(Stdio::piped());
[0m[32m+        let mut child = command.spawn()?;
[0m[32m+        let mut stdout = child
[0m[32m+            .stdout
[0m[32m+            .take()
[0m[32m+            .ok_or_else(|| io::Error::other("stdout pipe unavailable"))?;
[0m[32m+        let mut stderr = child
[0m[32m+            .stderr
[0m[32m+            .take()
[0m[32m+            .ok_or_else(|| io::Error::other("stderr pipe unavailable"))?;
[0m[32m+        let stdout_reader = std::thread::spawn(move || {
[0m[32m+            let mut data = Vec::new();
[0m[32m+            stdout.read_to_end(&mut data).map(|_| data)
[0m[32m+        });
[0m[32m+        let stderr_reader = std::thread::spawn(move || {
[0m[32m+            let mut data = Vec::new();
[0m[32m+            stderr.read_to_end(&mut data).map(|_| data)
[0m[32m+        });
[0m[32m+        let started = Instant::now();
[0m[32m+        let (status, timed_out) = loop {
[0m[32m+            if let Some(status) = child.try_wait()? {
[0m[32m+                break (status, false);
[0m[32m+            }
[0m[32m+            if started.elapsed() >= timeout {
[0m[32m+                let _ = child.kill();
[0m[32m+                break (child.wait()?, true);
[0m[32m+            }
[0m             std::thread::sleep(Duration::from_millis(5));
         };
[31m-        let stdout = stdout_reader.join().map_err(|_| io::Error::other("stdout reader panicked"))??;
[0m[31m-        let stderr = stderr_reader.join().map_err(|_| io::Error::other("stderr reader panicked"))??;
[0m[31m-        Ok(ProcessOutput { status: status.code(), success: status.success() && !timed_out, stdout, stderr, timed_out })
[0m[32m+        let stdout = stdout_reader
[0m[32m+            .join()
[0m[32m+            .map_err(|_| io::Error::other("stdout reader panicked"))??;
[0m[32m+        let stderr = stderr_reader
[0m[32m+            .join()
[0m[32m+            .map_err(|_| io::Error::other("stderr reader panicked"))??;
[0m[32m+        Ok(ProcessOutput {
[0m[32m+            status: status.code(),
[0m[32m+            success: status.success() && !timed_out,
[0m[32m+            stdout,
[0m[32m+            stderr,
[0m[32m+            timed_out,
[0m[32m+        })
[0m     }
 }
 
Diff in /data/data/com.termux/files/home/titan/crates/titan_stdlib/src/process.rs:53:
[31m-#[cfg(test)] mod tests { use super::*; #[test] fn captures_output_without_shell() { let output = CommandSpec::new("printf").arg("Titan").output().unwrap(); assert!(output.success); assert_eq!(output.stdout_text(), "Titan"); } }
[0m[32m+#[cfg(test)]
[0m[32m+mod tests {
[0m[32m+    use super::*;
[0m[32m+    #[test]
[0m[32m+    fn captures_output_without_shell() {
[0m[32m+        let output = CommandSpec::new("printf").arg("Titan").output().unwrap();
[0m[32m+        assert!(output.success);
[0m[32m+        assert_eq!(output.stdout_text(), "Titan");
[0m[32m+    }
[0m[32m+}
[0m 
Diff in /data/data/com.termux/files/home/titan/crates/titan_stdlib/src/stats.rs:1:
 //! Numerically stable streaming descriptive statistics.
 
[31m-#[derive(Debug, Clone, Default)] pub struct Summary { count: u64, mean: f64, m2: f64, min: f64, max: f64 }
[0m[32m+#[derive(Debug, Clone, Default)]
[0m[32m+pub struct Summary {
[0m[32m+    count: u64,
[0m[32m+    mean: f64,
[0m[32m+    m2: f64,
[0m[32m+    min: f64,
[0m[32m+    max: f64,
[0m[32m+}
[0m impl Summary {
[31m-    pub fn new() -> Self { Self { min: f64::INFINITY, max: f64::NEG_INFINITY, ..Self::default() } }
[0m[31m-    pub fn push(&mut self, value: f64) { if !value.is_finite() { return; } self.count += 1; let delta = value - self.mean; self.mean += delta / self.count as f64; self.m2 += delta * (value - self.mean); self.min = self.min.min(value); self.max = self.max.max(value); }
[0m[31m-    pub fn extend(&mut self, values: impl IntoIterator<Item = f64>) { for value in values { self.push(value); } }
[0m[31m-    pub fn count(&self) -> u64 { self.count }
[0m[31m-    pub fn mean(&self) -> Option<f64> { (self.count > 0).then_some(self.mean) }
[0m[31m-    pub fn variance_population(&self) -> Option<f64> { (self.count > 0).then_some(self.m2 / self.count as f64) }
[0m[31m-    pub fn variance_sample(&self) -> Option<f64> { (self.count > 1).then_some(self.m2 / (self.count - 1) as f64) }
[0m[31m-    pub fn standard_deviation(&self) -> Option<f64> { self.variance_population().map(f64::sqrt) }
[0m[31m-    pub fn min(&self) -> Option<f64> { (self.count > 0).then_some(self.min) }
[0m[31m-    pub fn max(&self) -> Option<f64> { (self.count > 0).then_some(self.max) }
[0m[32m+    pub fn new() -> Self {
[0m[32m+        Self {
[0m[32m+            min: f64::INFINITY,
[0m[32m+            max: f64::NEG_INFINITY,
[0m[32m+            ..Self::default()
[0m[32m+        }
[0m[32m+    }
[0m[32m+    pub fn push(&mut self, value: f64) {
[0m[32m+        if !value.is_finite() {
[0m[32m+            return;
[0m[32m+        }
[0m[32m+        self.count += 1;
[0m[32m+        let delta = value - self.mean;
[0m[32m+        self.mean += delta / self.count as f64;
[0m[32m+        self.m2 += delta * (value - self.mean);
[0m[32m+        self.min = self.min.min(value);
[0m[32m+        self.max = self.max.max(value);
[0m[32m+    }
[0m[32m+    pub fn extend(&mut self, values: impl IntoIterator<Item = f64>) {
[0m[32m+        for value in values {
[0m[32m+            self.push(value);
[0m[32m+        }
[0m[32m+    }
[0m[32m+    pub fn count(&self) -> u64 {
[0m[32m+        self.count
[0m[32m+    }
[0m[32m+    pub fn mean(&self) -> Option<f64> {
[0m[32m+        (self.count > 0).then_some(self.mean)
[0m[32m+    }
[0m[32m+    pub fn variance_population(&self) -> Option<f64> {
[0m[32m+        (self.count > 0).then_some(self.m2 / self.count as f64)
[0m[32m+    }
[0m[32m+    pub fn variance_sample(&self) -> Option<f64> {
[0m[32m+        (self.count > 1).then_some(self.m2 / (self.count - 1) as f64)
[0m[32m+    }
[0m[32m+    pub fn standard_deviation(&self) -> Option<f64> {
[0m[32m+        self.variance_population().map(f64::sqrt)
[0m[32m+    }
[0m[32m+    pub fn min(&self) -> Option<f64> {
[0m[32m+        (self.count > 0).then_some(self.min)
[0m[32m+    }
[0m[32m+    pub fn max(&self) -> Option<f64> {
[0m[32m+        (self.count > 0).then_some(self.max)
[0m[32m+    }
[0m }
[31m-pub fn median(values: &mut [f64]) -> Option<f64> { quantile(values, 0.5) }
[0m[31m-pub fn quantile(values: &mut [f64], q: f64) -> Option<f64> { if values.is_empty() || !(0.0..=1.0).contains(&q) || values.iter().any(|v| !v.is_finite()) { return None; } values.sort_by(f64::total_cmp); let position = q * (values.len() - 1) as f64; let lower = position.floor() as usize; let upper = position.ceil() as usize; let fraction = position - lower as f64; Some(values[lower] * (1.0 - fraction) + values[upper] * fraction) }
[0m[32m+pub fn median(values: &mut [f64]) -> Option<f64> {
[0m[32m+    quantile(values, 0.5)
[0m[32m+}
[0m[32m+pub fn quantile(values: &mut [f64], q: f64) -> Option<f64> {
[0m[32m+    if values.is_empty() || !(0.0..=1.0).contains(&q) || values.iter().any(|v| !v.is_finite()) {
[0m[32m+        return None;
[0m[32m+    }
[0m[32m+    values.sort_by(f64::total_cmp);
[0m[32m+    let position = q * (values.len() - 1) as f64;
[0m[32m+    let lower = position.floor() as usize;
[0m[32m+    let upper = position.ceil() as usize;
[0m[32m+    let fraction = position - lower as f64;
[0m[32m+    Some(values[lower] * (1.0 - fraction) + values[upper] * fraction)
[0m[32m+}
[0m 
[31m-#[cfg(test)] mod tests { use super::*; #[test] fn stable_summary() { let mut summary = Summary::new(); summary.extend([1.0, 2.0, 3.0, 4.0]); assert_eq!(summary.mean(), Some(2.5)); assert_eq!(summary.variance_population(), Some(1.25)); let mut values = [4.0, 1.0, 3.0, 2.0]; assert_eq!(median(&mut values), Some(2.5)); } }
[0m[32m+#[cfg(test)]
[0m[32m+mod tests {
[0m[32m+    use super::*;
[0m[32m+    #[test]
[0m[32m+    fn stable_summary() {
[0m[32m+        let mut summary = Summary::new();
[0m[32m+        summary.extend([1.0, 2.0, 3.0, 4.0]);
[0m[32m+        assert_eq!(summary.mean(), Some(2.5));
[0m[32m+        assert_eq!(summary.variance_population(), Some(1.25));
[0m[32m+        let mut values = [4.0, 1.0, 3.0, 2.0];
[0m[32m+        assert_eq!(median(&mut values), Some(2.5));
[0m[32m+    }
[0m[32m+}
[0m 
Diff in /data/data/com.termux/files/home/titan/crates/titan_stdlib/src/sync.rs:4:
 use std::thread::{self, JoinHandle};
 
 type Job = Box<dyn FnOnce() + Send + 'static>;
[31m-enum Message { Run(Job), Stop }
[0m[32m+enum Message {
[0m[32m+    Run(Job),
[0m[32m+    Stop,
[0m[32m+}
[0m 
[31m-#[derive(Debug, Clone, PartialEq, Eq)] pub enum PoolError { Closed, InvalidSize }
[0m[32m+#[derive(Debug, Clone, PartialEq, Eq)]
[0m[32m+pub enum PoolError {
[0m[32m+    Closed,
[0m[32m+    InvalidSize,
[0m[32m+}
[0m 
[31m-pub struct ThreadPool { sender: Option<mpsc::SyncSender<Message>>, workers: Vec<JoinHandle<()>> }
[0m[32m+pub struct ThreadPool {
[0m[32m+    sender: Option<mpsc::SyncSender<Message>>,
[0m[32m+    workers: Vec<JoinHandle<()>>,
[0m[32m+}
[0m impl ThreadPool {
     pub fn new(size: usize, queue_capacity: usize) -> Result<Self, PoolError> {
[31m-        if size == 0 { return Err(PoolError::InvalidSize); }
[0m[31m-        let (sender, receiver) = mpsc::sync_channel::<Message>(queue_capacity); let receiver = Arc::new(Mutex::new(receiver)); let mut workers = Vec::with_capacity(size);
[0m[31m-        for index in 0..size { let receiver = Arc::clone(&receiver); workers.push(thread::Builder::new().name(format!("titan-worker-{index}")).spawn(move || loop { let message = match receiver.lock() { Ok(lock) => lock.recv(), Err(poisoned) => poisoned.into_inner().recv() }; match message { Ok(Message::Run(job)) => { let _ = std::panic::catch_unwind(std::panic::AssertUnwindSafe(job)); }, Ok(Message::Stop) | Err(_) => break } }).map_err(|_| PoolError::Closed)?); }
[0m[31m-        Ok(Self { sender: Some(sender), workers })
[0m[32m+        if size == 0 {
[0m[32m+            return Err(PoolError::InvalidSize);
[0m[32m+        }
[0m[32m+        let (sender, receiver) = mpsc::sync_channel::<Message>(queue_capacity);
[0m[32m+        let receiver = Arc::new(Mutex::new(receiver));
[0m[32m+        let mut workers = Vec::with_capacity(size);
[0m[32m+        for index in 0..size {
[0m[32m+            let receiver = Arc::clone(&receiver);
[0m[32m+            workers.push(
[0m[32m+                thread::Builder::new()
[0m[32m+                    .name(format!("titan-worker-{index}"))
[0m[32m+                    .spawn(move || loop {
[0m[32m+                        let message = match receiver.lock() {
[0m[32m+                            Ok(lock) => lock.recv(),
[0m[32m+                            Err(poisoned) => poisoned.into_inner().recv(),
[0m[32m+                        };
[0m[32m+                        match message {
[0m[32m+                            Ok(Message::Run(job)) => {
[0m[32m+                                let _ = std::panic::catch_unwind(std::panic::AssertUnwindSafe(job));
[0m[32m+                            }
[0m[32m+                            Ok(Message::Stop) | Err(_) => break,
[0m[32m+                        }
[0m[32m+                    })
[0m[32m+                    .map_err(|_| PoolError::Closed)?,
[0m[32m+            );
[0m[32m+        }
[0m[32m+        Ok(Self {
[0m[32m+            sender: Some(sender),
[0m[32m+            workers,
[0m[32m+        })
[0m     }
[31m-    pub fn execute<F>(&self, task: F) -> Result<(), PoolError> where F: FnOnce() + Send + 'static { self.sender.as_ref().ok_or(PoolError::Closed)?.send(Message::Run(Box::new(task))).map_err(|_| PoolError::Closed) }
[0m[31m-    pub fn size(&self) -> usize { self.workers.len() }
[0m[32m+    pub fn execute<F>(&self, task: F) -> Result<(), PoolError>
[0m[32m+    where
[0m[32m+        F: FnOnce() + Send + 'static,
[0m[32m+    {
[0m[32m+        self.sender
[0m[32m+            .as_ref()
[0m[32m+            .ok_or(PoolError::Closed)?
[0m[32m+            .send(Message::Run(Box::new(task)))
[0m[32m+            .map_err(|_| PoolError::Closed)
[0m[32m+    }
[0m[32m+    pub fn size(&self) -> usize {
[0m[32m+        self.workers.len()
[0m[32m+    }
[0m }
[31m-impl Drop for ThreadPool { fn drop(&mut self) { if let Some(sender) = self.sender.take() { for _ in &self.workers { let _ = sender.send(Message::Stop); } } for worker in self.workers.drain(..) { let _ = worker.join(); } } }
[0m[32m+impl Drop for ThreadPool {
[0m[32m+    fn drop(&mut self) {
[0m[32m+        if let Some(sender) = self.sender.take() {
[0m[32m+            for _ in &self.workers {
[0m[32m+                let _ = sender.send(Message::Stop);
[0m[32m+            }
[0m[32m+        }
[0m[32m+        for worker in self.workers.drain(..) {
[0m[32m+            let _ = worker.join();
[0m[32m+        }
[0m[32m+    }
[0m[32m+}
[0m 
[31m-#[derive(Debug)] pub struct Shared<T>(Arc<Mutex<T>>);
[0m[31m-impl<T> Clone for Shared<T> { fn clone(&self) -> Self { Self(Arc::clone(&self.0)) } }
[0m[31m-impl<T> Shared<T> { pub fn new(value: T) -> Self { Self(Arc::new(Mutex::new(value))) } pub fn lock(&self) -> MutexGuard<'_, T> { self.0.lock().unwrap_or_else(|p| p.into_inner()) } pub fn map<R>(&self, function: impl FnOnce(&mut T) -> R) -> R { function(&mut self.lock()) } }
[0m[31m-pub fn channel<T>() -> (mpsc::Sender<T>, mpsc::Receiver<T>) { mpsc::channel() }
[0m[31m-pub fn bounded_channel<T>(capacity: usize) -> (mpsc::SyncSender<T>, mpsc::Receiver<T>) { mpsc::sync_channel(capacity) }
[0m[32m+#[derive(Debug)]
[0m[32m+pub struct Shared<T>(Arc<Mutex<T>>);
[0m[32m+impl<T> Clone for Shared<T> {
[0m[32m+    fn clone(&self) -> Self {
[0m[32m+        Self(Arc::clone(&self.0))
[0m[32m+    }
[0m[32m+}
[0m[32m+impl<T> Shared<T> {
[0m[32m+    pub fn new(value: T) -> Self {
[0m[32m+        Self(Arc::new(Mutex::new(value)))
[0m[32m+    }
[0m[32m+    pub fn lock(&self) -> MutexGuard<'_, T> {
[0m[32m+        self.0.lock().unwrap_or_else(|p| p.into_inner())
[0m[32m+    }
[0m[32m+    pub fn map<R>(&self, function: impl FnOnce(&mut T) -> R) -> R {
[0m[32m+        function(&mut self.lock())
[0m[32m+    }
[0m[32m+}
[0m[32m+pub fn channel<T>() -> (mpsc::Sender<T>, mpsc::Receiver<T>) {
[0m[32m+    mpsc::channel()
[0m[32m+}
[0m[32m+pub fn bounded_channel<T>(capacity: usize) -> (mpsc::SyncSender<T>, mpsc::Receiver<T>) {
[0m[32m+    mpsc::sync_channel(capacity)
[0m[32m+}
[0m 
[31m-#[cfg(test)] mod tests { use super::*; #[test] fn pool_runs_jobs_and_joins() { let value = Shared::new(0); { let pool = ThreadPool::new(2, 4).unwrap(); for _ in 0..4 { let value = value.clone(); pool.execute(move || value.map(|v| *v += 1)).unwrap(); } } assert_eq!(*value.lock(), 4); } }
[0m[32m+#[cfg(test)]
[0m[32m+mod tests {
[0m[32m+    use super::*;
[0m[32m+    #[test]
[0m[32m+    fn pool_runs_jobs_and_joins() {
[0m[32m+        let value = Shared::new(0);
[0m[32m+        {
[0m[32m+            let pool = ThreadPool::new(2, 4).unwrap();
[0m[32m+            for _ in 0..4 {
[0m[32m+                let value = value.clone();
[0m[32m+                pool.execute(move || value.map(|v| *v += 1)).unwrap();
[0m[32m+            }
[0m[32m+        }
[0m[32m+        assert_eq!(*value.lock(), 4);
[0m[32m+    }
[0m[32m+}
[0m 
Diff in /data/data/com.termux/files/home/titan/crates/titan_stdlib/src/testing.rs:1:
 //! Titan Stdlib — Testing.
 
 pub fn assert_eq<T: std::fmt::Debug + PartialEq>(left: T, right: T, msg: &str) {
[31m-    if left != right { panic!("assert failed: {} (left={:?} right={:?})", msg, left, right); }
[0m[32m+    if left != right {
[0m[32m+        panic!("assert failed: {} (left={:?} right={:?})", msg, left, right);
[0m[32m+    }
[0m }
[31m-pub fn assert(cond: bool, msg: &str) { if !cond { panic!("assert failed: {}", msg); } }
[0m[31m-pub fn assert_ok<T, E: std::fmt::Debug>(r: Result<T,E>, msg: &str) -> T {
[0m[31m-    match r { Ok(v) => v, Err(_) => panic!("expected Ok: {}", msg) }
[0m[32m+pub fn assert(cond: bool, msg: &str) {
[0m[32m+    if !cond {
[0m[32m+        panic!("assert failed: {}", msg);
[0m[32m+    }
[0m[32m+}
[0m[32m+pub fn assert_ok<T, E: std::fmt::Debug>(r: Result<T, E>, msg: &str) -> T {
[0m[32m+    match r {
[0m[32m+        Ok(v) => v,
[0m[32m+        Err(_) => panic!("expected Ok: {}", msg),
[0m[32m+    }
[0m }
[32m+
[0mDiff in /data/data/com.termux/files/home/titan/crates/titan_stdlib/src/text.rs:1:
 //! Unicode-aware text utilities. Operations use Unicode scalar values (`char`),
 //! not bytes; user-perceived grapheme segmentation is intentionally not faked.
 
[31m-pub fn length(text: &str) -> usize { text.chars().count() }
[0m[31m-pub fn is_empty(text: &str) -> bool { text.is_empty() }
[0m[31m-pub fn codepoints(text: &str) -> Vec<u32> { text.chars().map(u32::from).collect() }
[0m[31m-pub fn from_codepoints(values: &[u32]) -> Option<String> { values.iter().map(|v| char::from_u32(*v)).collect() }
[0m[31m-pub fn reverse(text: &str) -> String { text.chars().rev().collect() }
[0m[31m-pub fn contains_ignore_ascii_case(text: &str, needle: &str) -> bool { text.to_ascii_lowercase().contains(&needle.to_ascii_lowercase()) }
[0m[31m-pub fn lines(text: &str) -> Vec<&str> { text.lines().collect() }
[0m[31m-pub fn words(text: &str) -> Vec<&str> { text.split_whitespace().collect() }
[0m[31m-pub fn repeat(text: &str, count: usize) -> String { text.repeat(count) }
[0m[31m-pub fn trim(text: &str) -> &str { text.trim() }
[0m[32m+pub fn length(text: &str) -> usize {
[0m[32m+    text.chars().count()
[0m[32m+}
[0m[32m+pub fn is_empty(text: &str) -> bool {
[0m[32m+    text.is_empty()
[0m[32m+}
[0m[32m+pub fn codepoints(text: &str) -> Vec<u32> {
[0m[32m+    text.chars().map(u32::from).collect()
[0m[32m+}
[0m[32m+pub fn from_codepoints(values: &[u32]) -> Option<String> {
[0m[32m+    values.iter().map(|v| char::from_u32(*v)).collect()
[0m[32m+}
[0m[32m+pub fn reverse(text: &str) -> String {
[0m[32m+    text.chars().rev().collect()
[0m[32m+}
[0m[32m+pub fn contains_ignore_ascii_case(text: &str, needle: &str) -> bool {
[0m[32m+    text.to_ascii_lowercase()
[0m[32m+        .contains(&needle.to_ascii_lowercase())
[0m[32m+}
[0m[32m+pub fn lines(text: &str) -> Vec<&str> {
[0m[32m+    text.lines().collect()
[0m[32m+}
[0m[32m+pub fn words(text: &str) -> Vec<&str> {
[0m[32m+    text.split_whitespace().collect()
[0m[32m+}
[0m[32m+pub fn repeat(text: &str, count: usize) -> String {
[0m[32m+    text.repeat(count)
[0m[32m+}
[0m[32m+pub fn trim(text: &str) -> &str {
[0m[32m+    text.trim()
[0m[32m+}
[0m pub fn truncate(text: &str, max_chars: usize, suffix: &str) -> String {
[31m-    if length(text) <= max_chars { return text.into(); }
[0m[31m-    if max_chars == 0 { return String::new(); }
[0m[32m+    if length(text) <= max_chars {
[0m[32m+        return text.into();
[0m[32m+    }
[0m[32m+    if max_chars == 0 {
[0m[32m+        return String::new();
[0m[32m+    }
[0m     let suffix_len = length(suffix);
[31m-    if suffix_len >= max_chars { return suffix.chars().take(max_chars).collect(); }
[0m[31m-    let mut result: String = text.chars().take(max_chars - suffix_len).collect(); result.push_str(suffix); result
[0m[32m+    if suffix_len >= max_chars {
[0m[32m+        return suffix.chars().take(max_chars).collect();
[0m[32m+    }
[0m[32m+    let mut result: String = text.chars().take(max_chars - suffix_len).collect();
[0m[32m+    result.push_str(suffix);
[0m[32m+    result
[0m }
[31m-pub fn pad_start(text: &str, width: usize, fill: char) -> String { let missing = width.saturating_sub(length(text)); format!("{}{}", fill.to_string().repeat(missing), text) }
[0m[31m-pub fn pad_end(text: &str, width: usize, fill: char) -> String { let missing = width.saturating_sub(length(text)); format!("{}{}", text, fill.to_string().repeat(missing)) }
[0m[31m-pub fn capitalize(text: &str) -> String { let mut chars = text.chars(); chars.next().map(|c| c.to_uppercase().chain(chars).collect()).unwrap_or_default() }
[0m[32m+pub fn pad_start(text: &str, width: usize, fill: char) -> String {
[0m[32m+    let missing = width.saturating_sub(length(text));
[0m[32m+    format!("{}{}", fill.to_string().repeat(missing), text)
[0m[32m+}
[0m[32m+pub fn pad_end(text: &str, width: usize, fill: char) -> String {
[0m[32m+    let missing = width.saturating_sub(length(text));
[0m[32m+    format!("{}{}", text, fill.to_string().repeat(missing))
[0m[32m+}
[0m[32m+pub fn capitalize(text: &str) -> String {
[0m[32m+    let mut chars = text.chars();
[0m[32m+    chars
[0m[32m+        .next()
[0m[32m+        .map(|c| c.to_uppercase().chain(chars).collect())
[0m[32m+        .unwrap_or_default()
[0m[32m+}
[0m pub fn escape_html(text: &str) -> String {
     let mut result = String::with_capacity(text.len());
[31m-    for c in text.chars() { match c { '&' => result.push_str("&amp;"), '<' => result.push_str("&lt;"), '>' => result.push_str("&gt;"), '"' => result.push_str("&quot;"), '\'' => result.push_str("&#39;"), _ => result.push(c) } }
[0m[32m+    for c in text.chars() {
[0m[32m+        match c {
[0m[32m+            '&' => result.push_str("&amp;"),
[0m[32m+            '<' => result.push_str("&lt;"),
[0m[32m+            '>' => result.push_str("&gt;"),
[0m[32m+            '"' => result.push_str("&quot;"),
[0m[32m+            '\'' => result.push_str("&#39;"),
[0m[32m+            _ => result.push(c),
[0m[32m+        }
[0m[32m+    }
[0m     result
 }
 pub fn slugify(text: &str) -> String {
Diff in /data/data/com.termux/files/home/titan/crates/titan_stdlib/src/text.rs:30:
[31m-    let mut result = String::new(); let mut separator = false;
[0m[32m+    let mut result = String::new();
[0m[32m+    let mut separator = false;
[0m     for c in text.chars().flat_map(char::to_lowercase) {
[31m-        if c.is_alphanumeric() { if separator && !result.is_empty() { result.push('-'); } result.push(c); separator = false; }
[0m[31m-        else { separator = true; }
[0m[32m+        if c.is_alphanumeric() {
[0m[32m+            if separator && !result.is_empty() {
[0m[32m+                result.push('-');
[0m[32m+            }
[0m[32m+            result.push(c);
[0m[32m+            separator = false;
[0m[32m+        } else {
[0m[32m+            separator = true;
[0m[32m+        }
[0m     }
     result
 }
Diff in /data/data/com.termux/files/home/titan/crates/titan_stdlib/src/text.rs:37:
 pub fn levenshtein(a: &str, b: &str) -> usize {
[31m-    let b: Vec<char> = b.chars().collect(); let mut previous: Vec<usize> = (0..=b.len()).collect();
[0m[32m+    let b: Vec<char> = b.chars().collect();
[0m[32m+    let mut previous: Vec<usize> = (0..=b.len()).collect();
[0m     for (i, ac) in a.chars().enumerate() {
         let mut current = vec![i + 1; b.len() + 1];
[31m-        for (j, bc) in b.iter().enumerate() { current[j + 1] = (previous[j + 1] + 1).min(current[j] + 1).min(previous[j] + usize::from(ac != *bc)); }
[0m[32m+        for (j, bc) in b.iter().enumerate() {
[0m[32m+            current[j + 1] = (previous[j + 1] + 1)
[0m[32m+                .min(current[j] + 1)
[0m[32m+                .min(previous[j] + usize::from(ac != *bc));
[0m[32m+        }
[0m         previous = current;
     }
     previous[b.len()]
Diff in /data/data/com.termux/files/home/titan/crates/titan_stdlib/src/text.rs:45:
 }
 
[31m-#[cfg(test)] mod tests { use super::*; #[test] fn unicode_operations() { assert_eq!(length("año"), 3); assert_eq!(reverse("año"), "oña"); assert_eq!(truncate("abcdef", 4, "…"), "abc…"); } #[test] fn escaping_and_distance() { assert_eq!(escape_html("<a & b>"), "&lt;a &amp; b&gt;"); assert_eq!(levenshtein("kitten", "sitting"), 3); } }
[0m[32m+#[cfg(test)]
[0m[32m+mod tests {
[0m[32m+    use super::*;
[0m[32m+    #[test]
[0m[32m+    fn unicode_operations() {
[0m[32m+        assert_eq!(length("año"), 3);
[0m[32m+        assert_eq!(reverse("año"), "oña");
[0m[32m+        assert_eq!(truncate("abcdef", 4, "…"), "abc…");
[0m[32m+    }
[0m[32m+    #[test]
[0m[32m+    fn escaping_and_distance() {
[0m[32m+        assert_eq!(escape_html("<a & b>"), "&lt;a &amp; b&gt;");
[0m[32m+        assert_eq!(levenshtein("kitten", "sitting"), 3);
[0m[32m+    }
[0m[32m+}
[0m 
Diff in /data/data/com.termux/files/home/titan/crates/titan_stdlib/src/time.rs:2:
 
 use std::time::{Duration, Instant, SystemTime, UNIX_EPOCH};
 
[31m-pub fn unix_seconds() -> Result<u64, std::time::SystemTimeError> { Ok(SystemTime::now().duration_since(UNIX_EPOCH)?.as_secs()) }
[0m[31m-pub fn unix_millis() -> Result<u128, std::time::SystemTimeError> { Ok(SystemTime::now().duration_since(UNIX_EPOCH)?.as_millis()) }
[0m[31m-pub fn sleep(duration: Duration) { std::thread::sleep(duration); }
[0m[31m-pub fn milliseconds(value: u64) -> Duration { Duration::from_millis(value) }
[0m[31m-pub fn seconds(value: f64) -> Option<Duration> { if value.is_finite() && value >= 0.0 { Some(Duration::from_secs_f64(value)) } else { None } }
[0m[32m+pub fn unix_seconds() -> Result<u64, std::time::SystemTimeError> {
[0m[32m+    Ok(SystemTime::now().duration_since(UNIX_EPOCH)?.as_secs())
[0m[32m+}
[0m[32m+pub fn unix_millis() -> Result<u128, std::time::SystemTimeError> {
[0m[32m+    Ok(SystemTime::now().duration_since(UNIX_EPOCH)?.as_millis())
[0m[32m+}
[0m[32m+pub fn sleep(duration: Duration) {
[0m[32m+    std::thread::sleep(duration);
[0m[32m+}
[0m[32m+pub fn milliseconds(value: u64) -> Duration {
[0m[32m+    Duration::from_millis(value)
[0m[32m+}
[0m[32m+pub fn seconds(value: f64) -> Option<Duration> {
[0m[32m+    if value.is_finite() && value >= 0.0 {
[0m[32m+        Some(Duration::from_secs_f64(value))
[0m[32m+    } else {
[0m[32m+        None
[0m[32m+    }
[0m[32m+}
[0m 
[31m-#[derive(Debug, Clone)] pub struct Stopwatch { started: Instant, lap: Instant }
[0m[32m+#[derive(Debug, Clone)]
[0m[32m+pub struct Stopwatch {
[0m[32m+    started: Instant,
[0m[32m+    lap: Instant,
[0m[32m+}
[0m impl Stopwatch {
[31m-    pub fn start() -> Self { let now = Instant::now(); Self { started: now, lap: now } }
[0m[31m-    pub fn elapsed(&self) -> Duration { self.started.elapsed() }
[0m[31m-    pub fn lap(&mut self) -> Duration { let elapsed = self.lap.elapsed(); self.lap = Instant::now(); elapsed }
[0m[31m-    pub fn reset(&mut self) { let now = Instant::now(); self.started = now; self.lap = now; }
[0m[32m+    pub fn start() -> Self {
[0m[32m+        let now = Instant::now();
[0m[32m+        Self {
[0m[32m+            started: now,
[0m[32m+            lap: now,
[0m[32m+        }
[0m[32m+    }
[0m[32m+    pub fn elapsed(&self) -> Duration {
[0m[32m+        self.started.elapsed()
[0m[32m+    }
[0m[32m+    pub fn lap(&mut self) -> Duration {
[0m[32m+        let elapsed = self.lap.elapsed();
[0m[32m+        self.lap = Instant::now();
[0m[32m+        elapsed
[0m[32m+    }
[0m[32m+    pub fn reset(&mut self) {
[0m[32m+        let now = Instant::now();
[0m[32m+        self.started = now;
[0m[32m+        self.lap = now;
[0m[32m+    }
[0m }
 
[31m-#[derive(Debug, Clone)] pub struct Deadline(Instant);
[0m[31m-impl Deadline { pub fn after(duration: Duration) -> Self { Self(Instant::now() + duration) } pub fn expired(&self) -> bool { Instant::now() >= self.0 } pub fn remaining(&self) -> Duration { self.0.saturating_duration_since(Instant::now()) } }
[0m[32m+#[derive(Debug, Clone)]
[0m[32m+pub struct Deadline(Instant);
[0m[32m+impl Deadline {
[0m[32m+    pub fn after(duration: Duration) -> Self {
[0m[32m+        Self(Instant::now() + duration)
[0m[32m+    }
[0m[32m+    pub fn expired(&self) -> bool {
[0m[32m+        Instant::now() >= self.0
[0m[32m+    }
[0m[32m+    pub fn remaining(&self) -> Duration {
[0m[32m+        self.0.saturating_duration_since(Instant::now())
[0m[32m+    }
[0m[32m+}
[0m 
[31m-#[cfg(test)] mod tests { use super::*; #[test] fn validates_seconds() { assert!(seconds(1.5).is_some()); assert!(seconds(-1.0).is_none()); assert!(seconds(f64::NAN).is_none()); } }
[0m[32m+#[cfg(test)]
[0m[32m+mod tests {
[0m[32m+    use super::*;
[0m[32m+    #[test]
[0m[32m+    fn validates_seconds() {
[0m[32m+        assert!(seconds(1.5).is_some());
[0m[32m+        assert!(seconds(-1.0).is_none());
[0m[32m+        assert!(seconds(f64::NAN).is_none());
[0m[32m+    }
[0m[32m+}
[0m 
Diff in /data/data/com.termux/files/home/titan/crates/titan_typechecker/src/lib.rs:6:
 
 #[derive(Debug, Clone, PartialEq, Eq)]
 pub enum Type {
[31m-    Int, Float, Bool, String, Char, Nil, Unit, Never,
[0m[31m-    Array(Box<Type>), Tuple(Vec<Type>), Named(String), Function(Vec<Type>, Box<Type>),
[0m[32m+    Int,
[0m[32m+    Float,
[0m[32m+    Bool,
[0m[32m+    String,
[0m[32m+    Char,
[0m[32m+    Nil,
[0m[32m+    Unit,
[0m[32m+    Never,
[0m[32m+    Array(Box<Type>),
[0m[32m+    Tuple(Vec<Type>),
[0m[32m+    Named(String),
[0m[32m+    Function(Vec<Type>, Box<Type>),
[0m     Unknown,
 }
 
Diff in /data/data/com.termux/files/home/titan/crates/titan_typechecker/src/lib.rs:14:
 impl std::fmt::Display for Type {
[31m-    fn fmt(&self, f: &mut std::fmt::Formatter<'_>) -> std::fmt::Result { write!(f, "{:?}", self) }
[0m[32m+    fn fmt(&self, f: &mut std::fmt::Formatter<'_>) -> std::fmt::Result {
[0m[32m+        write!(f, "{:?}", self)
[0m[32m+    }
[0m }
 
 #[derive(Error, Debug, Clone, PartialEq)]
Diff in /data/data/com.termux/files/home/titan/crates/titan_typechecker/src/lib.rs:26:
     #[error("function expected {expected} arguments, found {found}")]
     Arity { expected: usize, found: usize },
     #[error("invalid operands for {operator}: {left} and {right}")]
[31m-    InvalidOperands { operator: String, left: Type, right: Type },
[0m[32m+    InvalidOperands {
[0m[32m+        operator: String,
[0m[32m+        left: Type,
[0m[32m+        right: Type,
[0m[32m+    },
[0m     #[error("missing field '{field}' in struct '{structure}'")]
     MissingField { structure: String, field: String },
     #[error("unknown field '{field}' in struct '{structure}'")]
Diff in /data/data/com.termux/files/home/titan/crates/titan_typechecker/src/lib.rs:40:
 }
 
 #[derive(Clone)]
[31m-struct FunctionSig { params: Vec<Type>, result: Type }
[0m[32m+struct FunctionSig {
[0m[32m+    params: Vec<Type>,
[0m[32m+    result: Type,
[0m[32m+}
[0m 
 pub struct TypeEnv {
     scopes: Vec<HashMap<String, Type>>,
Diff in /data/data/com.termux/files/home/titan/crates/titan_typechecker/src/lib.rs:55:
 impl TypeEnv {
     pub fn new() -> Self {
         let mut functions = HashMap::new();
[31m-        functions.insert("print".into(), FunctionSig { params: vec![Type::Unknown], result: Type::Nil });
[0m[31m-        functions.insert("println".into(), FunctionSig { params: vec![Type::Unknown], result: Type::Nil });
[0m[31m-        functions.insert("len".into(), FunctionSig { params: vec![Type::Unknown], result: Type::Int });
[0m[31m-        functions.insert("map".into(), FunctionSig { params: vec![Type::Unknown, Type::Unknown], result: Type::Array(Box::new(Type::Unknown)) });
[0m[31m-        functions.insert("filter".into(), FunctionSig { params: vec![Type::Unknown, Type::Unknown], result: Type::Array(Box::new(Type::Unknown)) });
[0m[31m-        functions.insert("fold".into(), FunctionSig { params: vec![Type::Unknown, Type::Unknown, Type::Unknown], result: Type::Unknown });
[0m[32m+        functions.insert(
[0m[32m+            "print".into(),
[0m[32m+            FunctionSig {
[0m[32m+                params: vec![Type::Unknown],
[0m[32m+                result: Type::Nil,
[0m[32m+            },
[0m[32m+        );
[0m[32m+        functions.insert(
[0m[32m+            "println".into(),
[0m[32m+            FunctionSig {
[0m[32m+                params: vec![Type::Unknown],
[0m[32m+                result: Type::Nil,
[0m[32m+            },
[0m[32m+        );
[0m[32m+        functions.insert(
[0m[32m+            "len".into(),
[0m[32m+            FunctionSig {
[0m[32m+                params: vec![Type::Unknown],
[0m[32m+                result: Type::Int,
[0m[32m+            },
[0m[32m+        );
[0m[32m+        functions.insert(
[0m[32m+            "map".into(),
[0m[32m+            FunctionSig {
[0m[32m+                params: vec![Type::Unknown, Type::Unknown],
[0m[32m+                result: Type::Array(Box::new(Type::Unknown)),
[0m[32m+            },
[0m[32m+        );
[0m[32m+        functions.insert(
[0m[32m+            "filter".into(),
[0m[32m+            FunctionSig {
[0m[32m+                params: vec![Type::Unknown, Type::Unknown],
[0m[32m+                result: Type::Array(Box::new(Type::Unknown)),
[0m[32m+            },
[0m[32m+        );
[0m[32m+        functions.insert(
[0m[32m+            "fold".into(),
[0m[32m+            FunctionSig {
[0m[32m+                params: vec![Type::Unknown, Type::Unknown, Type::Unknown],
[0m[32m+                result: Type::Unknown,
[0m[32m+            },
[0m[32m+        );
[0m         let enum_variants = HashMap::from([
[31m-            ("Option::None".into(), None), ("Option::Some".into(), Some(Type::Unknown)),
[0m[31m-            ("Result::Ok".into(), Some(Type::Unknown)), ("Result::Err".into(), Some(Type::Unknown)),
[0m[32m+            ("Option::None".into(), None),
[0m[32m+            ("Option::Some".into(), Some(Type::Unknown)),
[0m[32m+            ("Result::Ok".into(), Some(Type::Unknown)),
[0m[32m+            ("Result::Err".into(), Some(Type::Unknown)),
[0m         ]);
[31m-        Self { scopes: vec![HashMap::new()], functions, structs: HashMap::new(), enum_variants, errors: Vec::new(), return_type: Type::Unknown, loop_depth: 0 }
[0m[32m+        Self {
[0m[32m+            scopes: vec![HashMap::new()],
[0m[32m+            functions,
[0m[32m+            structs: HashMap::new(),
[0m[32m+            enum_variants,
[0m[32m+            errors: Vec::new(),
[0m[32m+            return_type: Type::Unknown,
[0m[32m+            loop_depth: 0,
[0m[32m+        }
[0m     }
 
     pub fn check_program(&mut self, program: &Program) -> Result<(), Vec<TypeError>> {
Diff in /data/data/com.termux/files/home/titan/crates/titan_typechecker/src/lib.rs:72:
         self.errors.clear();
         self.collect_declarations(&program.items);
[31m-        for item in &program.items { self.check_item(item); }
[0m[31m-        if self.errors.is_empty() { Ok(()) } else { Err(std::mem::take(&mut self.errors)) }
[0m[32m+        for item in &program.items {
[0m[32m+            self.check_item(item);
[0m[32m+        }
[0m[32m+        if self.errors.is_empty() {
[0m[32m+            Ok(())
[0m[32m+        } else {
[0m[32m+            Err(std::mem::take(&mut self.errors))
[0m[32m+        }
[0m     }
 
     fn collect_declarations(&mut self, items: &[Item]) {
Diff in /data/data/com.termux/files/home/titan/crates/titan_typechecker/src/lib.rs:79:
         for item in items {
             match item {
                 Item::Function(function) => {
[31m-                    self.functions.insert(function.name.clone(), FunctionSig {
[0m[31m-                        params: function.params.iter().map(|p| p.type_ann.as_ref().map(type_from_ast).unwrap_or(Type::Unknown)).collect(),
[0m[31m-                        result: function.return_type.as_ref().map(type_from_ast).unwrap_or(Type::Unit),
[0m[31m-                    });
[0m[32m+                    self.functions.insert(
[0m[32m+                        function.name.clone(),
[0m[32m+                        FunctionSig {
[0m[32m+                            params: function
[0m[32m+                                .params
[0m[32m+                                .iter()
[0m[32m+                                .map(|p| {
[0m[32m+                                    p.type_ann
[0m[32m+                                        .as_ref()
[0m[32m+                                        .map(type_from_ast)
[0m[32m+                                        .unwrap_or(Type::Unknown)
[0m[32m+                                })
[0m[32m+                                .collect(),
[0m[32m+                            result: function
[0m[32m+                                .return_type
[0m[32m+                                .as_ref()
[0m[32m+                                .map(type_from_ast)
[0m[32m+                                .unwrap_or(Type::Unit),
[0m[32m+                        },
[0m[32m+                    );
[0m                 }
                 Item::Struct(structure) => {
[31m-                    self.structs.insert(structure.name.clone(), structure.fields.iter().map(|f| (f.name.clone(), type_from_ast(&f.type_ann))).collect());
[0m[32m+                    self.structs.insert(
[0m[32m+                        structure.name.clone(),
[0m[32m+                        structure
[0m[32m+                            .fields
[0m[32m+                            .iter()
[0m[32m+                            .map(|f| (f.name.clone(), type_from_ast(&f.type_ann)))
[0m[32m+                            .collect(),
[0m[32m+                    );
[0m                 }
[31m-                Item::Enum(enumeration) => for variant in &enumeration.variants {
[0m[31m-                    self.enum_variants.insert(format!("{}::{}", enumeration.name, variant.name), variant.payload.as_ref().map(type_from_ast));
[0m[31m-                },
[0m[32m+                Item::Enum(enumeration) => {
[0m[32m+                    for variant in &enumeration.variants {
[0m[32m+                        self.enum_variants.insert(
[0m[32m+                            format!("{}::{}", enumeration.name, variant.name),
[0m[32m+                            variant.payload.as_ref().map(type_from_ast),
[0m[32m+                        );
[0m[32m+                    }
[0m[32m+                }
[0m                 Item::Module(module) => self.collect_declarations(&module.items),
[31m-                Item::Impl(block) => for method in &block.methods {
[0m[31m-                    self.functions.insert(method.name.clone(), FunctionSig {
[0m[31m-                        params: method.params.iter().map(|p| p.type_ann.as_ref().map(type_from_ast).unwrap_or(Type::Unknown)).collect(),
[0m[31m-                        result: method.return_type.as_ref().map(type_from_ast).unwrap_or(Type::Unit),
[0m[31m-                    });
[0m[31m-                },
[0m[32m+                Item::Impl(block) => {
[0m[32m+                    for method in &block.methods {
[0m[32m+                        self.functions.insert(
[0m[32m+                            method.name.clone(),
[0m[32m+                            FunctionSig {
[0m[32m+                                params: method
[0m[32m+                                    .params
[0m[32m+                                    .iter()
[0m[32m+                                    .map(|p| {
[0m[32m+                                        p.type_ann
[0m[32m+                                            .as_ref()
[0m[32m+                                            .map(type_from_ast)
[0m[32m+                                            .unwrap_or(Type::Unknown)
[0m[32m+                                    })
[0m[32m+                                    .collect(),
[0m[32m+                                result: method
[0m[32m+                                    .return_type
[0m[32m+                                    .as_ref()
[0m[32m+                                    .map(type_from_ast)
[0m[32m+                                    .unwrap_or(Type::Unit),
[0m[32m+                            },
[0m[32m+                        );
[0m[32m+                    }
[0m[32m+                }
[0m                 _ => {}
             }
         }
Diff in /data/data/com.termux/files/home/titan/crates/titan_typechecker/src/lib.rs:105:
     fn check_item(&mut self, item: &Item) {
         match item {
             Item::Function(function) => self.check_function(function),
[31m-            Item::Impl(block) => for method in &block.methods { self.check_function(method); },
[0m[31m-            Item::Module(module) => for item in &module.items { self.check_item(item); },
[0m[32m+            Item::Impl(block) => {
[0m[32m+                for method in &block.methods {
[0m[32m+                    self.check_function(method);
[0m[32m+                }
[0m[32m+            }
[0m[32m+            Item::Module(module) => {
[0m[32m+                for item in &module.items {
[0m[32m+                    self.check_item(item);
[0m[32m+                }
[0m[32m+            }
[0m             Item::Const(constant) => {
                 let found = self.check_expr(&constant.value);
[31m-                if let Some(expected_ast) = &constant.type_ann { self.require_compatible(&type_from_ast(expected_ast), &found); }
[0m[32m+                if let Some(expected_ast) = &constant.type_ann {
[0m[32m+                    self.require_compatible(&type_from_ast(expected_ast), &found);
[0m[32m+                }
[0m                 self.scopes[0].insert(constant.name.clone(), found);
             }
             _ => {}
Diff in /data/data/com.termux/files/home/titan/crates/titan_typechecker/src/lib.rs:119:
     fn check_function(&mut self, function: &FunctionDecl) {
         self.push_scope();
         for param in &function.params {
[31m-            self.define(param.name.clone(), param.type_ann.as_ref().map(type_from_ast).unwrap_or(Type::Unknown));
[0m[31m-            if let Some(default) = &param.default { self.check_expr(default); }
[0m[32m+            self.define(
[0m[32m+                param.name.clone(),
[0m[32m+                param
[0m[32m+                    .type_ann
[0m[32m+                    .as_ref()
[0m[32m+                    .map(type_from_ast)
[0m[32m+                    .unwrap_or(Type::Unknown),
[0m[32m+            );
[0m[32m+            if let Some(default) = &param.default {
[0m[32m+                self.check_expr(default);
[0m[32m+            }
[0m         }
[31m-        let old_return = std::mem::replace(&mut self.return_type, function.return_type.as_ref().map(type_from_ast).unwrap_or(Type::Unit));
[0m[32m+        let old_return = std::mem::replace(
[0m[32m+            &mut self.return_type,
[0m[32m+            function
[0m[32m+                .return_type
[0m[32m+                .as_ref()
[0m[32m+                .map(type_from_ast)
[0m[32m+                .unwrap_or(Type::Unit),
[0m[32m+        );
[0m         if let Some(body) = &function.body {
             let body_type = self.check_block(body);
[31m-            if body.final_expr.is_some() && self.return_type != Type::Unit { self.require_compatible(&self.return_type.clone(), &body_type); }
[0m[32m+            if body.final_expr.is_some() && self.return_type != Type::Unit {
[0m[32m+                self.require_compatible(&self.return_type.clone(), &body_type);
[0m[32m+            }
[0m         }
         self.return_type = old_return;
         self.pop_scope();
Diff in /data/data/com.termux/files/home/titan/crates/titan_typechecker/src/lib.rs:135:
         self.push_scope();
         for stmt in &block.stmts {
             match stmt {
[31m-                Stmt::Let { name, type_ann, value, .. } => {
[0m[32m+                Stmt::Let {
[0m[32m+                    name,
[0m[32m+                    type_ann,
[0m[32m+                    value,
[0m[32m+                    ..
[0m[32m+                } => {
[0m                     let found = self.check_expr(value);
[31m-                    let ty = type_ann.as_ref().map(type_from_ast).unwrap_or_else(|| found.clone());
[0m[32m+                    let ty = type_ann
[0m[32m+                        .as_ref()
[0m[32m+                        .map(type_from_ast)
[0m[32m+                        .unwrap_or_else(|| found.clone());
[0m                     self.require_compatible(&ty, &found);
                     self.define(name.clone(), ty);
                 }
Diff in /data/data/com.termux/files/home/titan/crates/titan_typechecker/src/lib.rs:144:
[31m-                Stmt::Assign { target, value, .. } => { let a = self.check_expr(target); let b = self.check_expr(value); self.require_compatible(&a, &b); }
[0m[31m-                Stmt::Expr(expr) => { self.check_expr(expr); }
[0m[32m+                Stmt::Assign { target, value, .. } => {
[0m[32m+                    let a = self.check_expr(target);
[0m[32m+                    let b = self.check_expr(value);
[0m[32m+                    self.require_compatible(&a, &b);
[0m[32m+                }
[0m[32m+                Stmt::Expr(expr) => {
[0m[32m+                    self.check_expr(expr);
[0m[32m+                }
[0m                 Stmt::Item(item) => self.check_item(item),
             }
         }
Diff in /data/data/com.termux/files/home/titan/crates/titan_typechecker/src/lib.rs:149:
[31m-        let result = block.final_expr.as_ref().map(|e| self.check_expr(e)).unwrap_or(Type::Unit);
[0m[32m+        let result = block
[0m[32m+            .final_expr
[0m[32m+            .as_ref()
[0m[32m+            .map(|e| self.check_expr(e))
[0m[32m+            .unwrap_or(Type::Unit);
[0m         self.pop_scope();
         result
     }
Diff in /data/data/com.termux/files/home/titan/crates/titan_typechecker/src/lib.rs:153:
 
     fn check_expr(&mut self, expr: &Expr) -> Type {
         match expr {
[31m-            Expr::Int { .. } => Type::Int, Expr::Float { .. } => Type::Float,
[0m[32m+            Expr::Int { .. } => Type::Int,
[0m[32m+            Expr::Float { .. } => Type::Float,
[0m             Expr::String { .. } | Expr::StringTemplate { .. } => Type::String,
[31m-            Expr::Char { .. } => Type::Char, Expr::Bool { .. } => Type::Bool,
[0m[32m+            Expr::Char { .. } => Type::Char,
[0m[32m+            Expr::Bool { .. } => Type::Bool,
[0m             Expr::Nil { .. } => Type::Nil,
[31m-            Expr::Ident { name, .. } => self.lookup(name)
[0m[31m-                .or_else(|| self.functions.get(name).map(|s| Type::Function(s.params.clone(), Box::new(s.result.clone()))))
[0m[31m-                .or_else(|| self.enum_variants.get(name).and_then(|payload| if payload.is_none() { name.split_once("::").map(|(e, _)| Type::Named(e.into())) } else { None }))
[0m[31m-                .unwrap_or_else(|| { self.errors.push(TypeError::UnknownVariable { name: name.clone() }); Type::Unknown }),
[0m[32m+            Expr::Ident { name, .. } => self
[0m[32m+                .lookup(name)
[0m[32m+                .or_else(|| {
[0m[32m+                    self.functions
[0m[32m+                        .get(name)
[0m[32m+                        .map(|s| Type::Function(s.params.clone(), Box::new(s.result.clone())))
[0m[32m+                })
[0m[32m+                .or_else(|| {
[0m[32m+                    self.enum_variants.get(name).and_then(|payload| {
[0m[32m+                        if payload.is_none() {
[0m[32m+                            name.split_once("::").map(|(e, _)| Type::Named(e.into()))
[0m[32m+                        } else {
[0m[32m+                            None
[0m[32m+                        }
[0m[32m+                    })
[0m[32m+                })
[0m[32m+                .unwrap_or_else(|| {
[0m[32m+                    self.errors
[0m[32m+                        .push(TypeError::UnknownVariable { name: name.clone() });
[0m[32m+                    Type::Unknown
[0m[32m+                }),
[0m             Expr::Array { elements, .. } => {
[31m-                let ty = elements.first().map(|e| self.check_expr(e)).unwrap_or(Type::Unknown);
[0m[31m-                for element in elements.iter().skip(1) { let found = self.check_expr(element); self.require_compatible(&ty, &found); }
[0m[32m+                let ty = elements
[0m[32m+                    .first()
[0m[32m+                    .map(|e| self.check_expr(e))
[0m[32m+                    .unwrap_or(Type::Unknown);
[0m[32m+                for element in elements.iter().skip(1) {
[0m[32m+                    let found = self.check_expr(element);
[0m[32m+                    self.require_compatible(&ty, &found);
[0m[32m+                }
[0m                 Type::Array(Box::new(ty))
             }
[31m-            Expr::Tuple { elements, .. } => Type::Tuple(elements.iter().map(|e| self.check_expr(e)).collect()),
[0m[32m+            Expr::Tuple { elements, .. } => {
[0m[32m+                Type::Tuple(elements.iter().map(|e| self.check_expr(e)).collect())
[0m[32m+            }
[0m             Expr::StructLit { name, fields, .. } => {
                 if let Some(expected_fields) = self.structs.get(name).cloned() {
                     let supplied: HashSet<_> = fields.iter().map(|(n, _)| n.as_str()).collect();
Diff in /data/data/com.termux/files/home/titan/crates/titan_typechecker/src/lib.rs:173:
                     for (field, expected) in &expected_fields {
[31m-                        if !supplied.contains(field.as_str()) { self.errors.push(TypeError::MissingField { structure: name.clone(), field: field.clone() }); }
[0m[31m-                        if let Some((_, value)) = fields.iter().find(|(n, _)| n == field) { let found = self.check_expr(value); self.require_compatible(expected, &found); }
[0m[32m+                        if !supplied.contains(field.as_str()) {
[0m[32m+                            self.errors.push(TypeError::MissingField {
[0m[32m+                                structure: name.clone(),
[0m[32m+                                field: field.clone(),
[0m[32m+                            });
[0m[32m+                        }
[0m[32m+                        if let Some((_, value)) = fields.iter().find(|(n, _)| n == field) {
[0m[32m+                            let found = self.check_expr(value);
[0m[32m+                            self.require_compatible(expected, &found);
[0m[32m+                        }
[0m                     }
[31m-                    for (field, value) in fields { if !expected_fields.contains_key(field) { self.errors.push(TypeError::UnknownField { structure: name.clone(), field: field.clone() }); } self.check_expr(value); }
[0m[31m-                } else { self.errors.push(TypeError::UnknownVariable { name: name.clone() }); }
[0m[32m+                    for (field, value) in fields {
[0m[32m+                        if !expected_fields.contains_key(field) {
[0m[32m+                            self.errors.push(TypeError::UnknownField {
[0m[32m+                                structure: name.clone(),
[0m[32m+                                field: field.clone(),
[0m[32m+                            });
[0m[32m+                        }
[0m[32m+                        self.check_expr(value);
[0m[32m+                    }
[0m[32m+                } else {
[0m[32m+                    self.errors
[0m[32m+                        .push(TypeError::UnknownVariable { name: name.clone() });
[0m[32m+                }
[0m                 Type::Named(name.clone())
             }
[31m-            Expr::Binary { left, op, right, .. } => {
[0m[31m-                let left = self.check_expr(left); let right = self.check_expr(right);
[0m[32m+            Expr::Binary {
[0m[32m+                left, op, right, ..
[0m[32m+            } => {
[0m[32m+                let left = self.check_expr(left);
[0m[32m+                let right = self.check_expr(right);
[0m                 self.check_binary(*op, left, right)
             }
             Expr::Range { start, end, .. } => {
Diff in /data/data/com.termux/files/home/titan/crates/titan_typechecker/src/lib.rs:186:
[31m-                let a = self.check_expr(start); let b = self.check_expr(end);
[0m[31m-                self.require_compatible(&Type::Int, &a); self.require_compatible(&Type::Int, &b);
[0m[32m+                let a = self.check_expr(start);
[0m[32m+                let b = self.check_expr(end);
[0m[32m+                self.require_compatible(&Type::Int, &a);
[0m[32m+                self.require_compatible(&Type::Int, &b);
[0m                 Type::Array(Box::new(Type::Int))
             }
             Expr::Unary { op, expr, .. } => {
Diff in /data/data/com.termux/files/home/titan/crates/titan_typechecker/src/lib.rs:191:
                 let ty = self.check_expr(expr);
[31m-                match op { UnaryOp::Not => { self.require_compatible(&Type::Bool, &ty); Type::Bool }, UnaryOp::Neg | UnaryOp::BitNot => ty, _ => ty }
[0m[32m+                match op {
[0m[32m+                    UnaryOp::Not => {
[0m[32m+                        self.require_compatible(&Type::Bool, &ty);
[0m[32m+                        Type::Bool
[0m[32m+                    }
[0m[32m+                    UnaryOp::Neg | UnaryOp::BitNot => ty,
[0m[32m+                    _ => ty,
[0m[32m+                }
[0m             }
             Expr::Call { callee, args, .. } => self.check_call(callee, args),
[31m-            Expr::MethodCall { receiver, method, args, .. } => {
[0m[31m-                let receiver_type = self.check_expr(receiver); for arg in args { self.check_expr(arg); }
[0m[32m+            Expr::MethodCall {
[0m[32m+                receiver,
[0m[32m+                method,
[0m[32m+                args,
[0m[32m+                ..
[0m[32m+            } => {
[0m[32m+                let receiver_type = self.check_expr(receiver);
[0m[32m+                for arg in args {
[0m[32m+                    self.check_expr(arg);
[0m[32m+                }
[0m                 match (method.as_str(), args.len(), receiver_type) {
                     ("len", 0, _) => Type::Int,
[31m-                    ("map", 1, Type::Array(_)) | ("filter", 1, Type::Array(_)) => Type::Array(Box::new(Type::Unknown)),
[0m[32m+                    ("map", 1, Type::Array(_)) | ("filter", 1, Type::Array(_)) => {
[0m[32m+                        Type::Array(Box::new(Type::Unknown))
[0m[32m+                    }
[0m                     ("fold", 2, Type::Array(_)) => Type::Unknown,
                     _ => Type::Unknown,
                 }
Diff in /data/data/com.termux/files/home/titan/crates/titan_typechecker/src/lib.rs:203:
             }
             Expr::Index { target, index, .. } => {
[31m-                let target = self.check_expr(target); let index = self.check_expr(index);
[0m[32m+                let target = self.check_expr(target);
[0m[32m+                let index = self.check_expr(index);
[0m                 match target {
[31m-                    Type::Array(inner) => { self.require_compatible(&Type::Int, &index); *inner }
[0m[31m-                    Type::String => { self.require_compatible(&Type::Int, &index); Type::Char }
[0m[31m-                    Type::Named(name) if name == "bytes" => { self.require_compatible(&Type::Int, &index); Type::Int }
[0m[31m-                    Type::Named(name) if name == "map" => { self.require_compatible(&Type::String, &index); Type::Unknown }
[0m[32m+                    Type::Array(inner) => {
[0m[32m+                        self.require_compatible(&Type::Int, &index);
[0m[32m+                        *inner
[0m[32m+                    }
[0m[32m+                    Type::String => {
[0m[32m+                        self.require_compatible(&Type::Int, &index);
[0m[32m+                        Type::Char
[0m[32m+                    }
[0m[32m+                    Type::Named(name) if name == "bytes" => {
[0m[32m+                        self.require_compatible(&Type::Int, &index);
[0m[32m+                        Type::Int
[0m[32m+                    }
[0m[32m+                    Type::Named(name) if name == "map" => {
[0m[32m+                        self.require_compatible(&Type::String, &index);
[0m[32m+                        Type::Unknown
[0m[32m+                    }
[0m                     Type::Unknown => Type::Unknown,
                     _ => Type::Unknown,
                 }
Diff in /data/data/com.termux/files/home/titan/crates/titan_typechecker/src/lib.rs:214:
             }
[31m-            Expr::FieldAccess { target, field, .. } => {
[0m[31m-                match self.check_expr(target) {
[0m[31m-                    Type::Named(name) if name == "map" => Type::Unknown,
[0m[31m-                    Type::Named(name) => self.structs.get(&name).and_then(|s| s.get(field)).cloned().unwrap_or_else(|| { self.errors.push(TypeError::UnknownField { structure: name, field: field.clone() }); Type::Unknown }),
[0m[31m-                    _ => Type::Unknown,
[0m[32m+            Expr::FieldAccess { target, field, .. } => match self.check_expr(target) {
[0m[32m+                Type::Named(name) if name == "map" => Type::Unknown,
[0m[32m+                Type::Named(name) => self
[0m[32m+                    .structs
[0m[32m+                    .get(&name)
[0m[32m+                    .and_then(|s| s.get(field))
[0m[32m+                    .cloned()
[0m[32m+                    .unwrap_or_else(|| {
[0m[32m+                        self.errors.push(TypeError::UnknownField {
[0m[32m+                            structure: name,
[0m[32m+                            field: field.clone(),
[0m[32m+                        });
[0m[32m+                        Type::Unknown
[0m[32m+                    }),
[0m[32m+                _ => Type::Unknown,
[0m[32m+            },
[0m[32m+            Expr::If {
[0m[32m+                condition,
[0m[32m+                then_branch,
[0m[32m+                else_branch,
[0m[32m+                ..
[0m[32m+            } => {
[0m[32m+                let condition = self.check_expr(condition);
[0m[32m+                self.require_compatible(&Type::Bool, &condition);
[0m[32m+                let a = self.check_block(then_branch);
[0m[32m+                if let Some(other) = else_branch {
[0m[32m+                    let b = self.check_block(other);
[0m[32m+                    self.require_compatible(&a, &b);
[0m[32m+                    a
[0m[32m+                } else {
[0m[32m+                    Type::Unit
[0m                 }
             }
[31m-            Expr::If { condition, then_branch, else_branch, .. } => {
[0m[31m-                let condition = self.check_expr(condition); self.require_compatible(&Type::Bool, &condition);
[0m[31m-                let a = self.check_block(then_branch);
[0m[31m-                if let Some(other) = else_branch { let b = self.check_block(other); self.require_compatible(&a, &b); a } else { Type::Unit }
[0m[31m-            }
[0m[31m-            Expr::Match { scrutinee, arms, .. } => {
[0m[31m-                let subject = self.check_expr(scrutinee); let mut result = Type::Unknown; let mut wildcard = false; let mut bools = HashSet::new();
[0m[32m+            Expr::Match {
[0m[32m+                scrutinee, arms, ..
[0m[32m+            } => {
[0m[32m+                let subject = self.check_expr(scrutinee);
[0m[32m+                let mut result = Type::Unknown;
[0m[32m+                let mut wildcard = false;
[0m[32m+                let mut bools = HashSet::new();
[0m                 for arm in arms {
[31m-                    self.push_scope(); self.bind_pattern(&arm.pattern, &subject, &mut wildcard, &mut bools);
[0m[31m-                    if let Some(guard) = &arm.guard { let g = self.check_expr(guard); self.require_compatible(&Type::Bool, &g); }
[0m[31m-                    let found = self.check_block(&arm.body); if result == Type::Unknown { result = found; } else { self.require_compatible(&result, &found); }
[0m[32m+                    self.push_scope();
[0m[32m+                    self.bind_pattern(&arm.pattern, &subject, &mut wildcard, &mut bools);
[0m[32m+                    if let Some(guard) = &arm.guard {
[0m[32m+                        let g = self.check_expr(guard);
[0m[32m+                        self.require_compatible(&Type::Bool, &g);
[0m[32m+                    }
[0m[32m+                    let found = self.check_block(&arm.body);
[0m[32m+                    if result == Type::Unknown {
[0m[32m+                        result = found;
[0m[32m+                    } else {
[0m[32m+                        self.require_compatible(&result, &found);
[0m[32m+                    }
[0m                     self.pop_scope();
                 }
[31m-                if subject == Type::Bool && !wildcard && bools.len() < 2 { self.errors.push(TypeError::NonExhaustiveMatch); }
[0m[32m+                if subject == Type::Bool && !wildcard && bools.len() < 2 {
[0m[32m+                    self.errors.push(TypeError::NonExhaustiveMatch);
[0m[32m+                }
[0m                 result
             }
[31m-            Expr::For { pattern, iterator, body, .. } => {
[0m[31m-                let item = match self.check_expr(iterator) { Type::Array(inner) => *inner, _ => Type::Unknown };
[0m[31m-                self.push_scope(); let mut w = false; let mut b = HashSet::new(); self.bind_pattern(pattern, &item, &mut w, &mut b);
[0m[31m-                self.loop_depth += 1; self.check_block(body); self.loop_depth -= 1; self.pop_scope(); Type::Unit
[0m[32m+            Expr::For {
[0m[32m+                pattern,
[0m[32m+                iterator,
[0m[32m+                body,
[0m[32m+                ..
[0m[32m+            } => {
[0m[32m+                let item = match self.check_expr(iterator) {
[0m[32m+                    Type::Array(inner) => *inner,
[0m[32m+                    _ => Type::Unknown,
[0m[32m+                };
[0m[32m+                self.push_scope();
[0m[32m+                let mut w = false;
[0m[32m+                let mut b = HashSet::new();
[0m[32m+                self.bind_pattern(pattern, &item, &mut w, &mut b);
[0m[32m+                self.loop_depth += 1;
[0m[32m+                self.check_block(body);
[0m[32m+                self.loop_depth -= 1;
[0m[32m+                self.pop_scope();
[0m[32m+                Type::Unit
[0m             }
[31m-            Expr::While { condition, body, .. } => { let c = self.check_expr(condition); self.require_compatible(&Type::Bool, &c); self.loop_depth += 1; self.check_block(body); self.loop_depth -= 1; Type::Unit }
[0m[31m-            Expr::Loop { body, .. } => { self.loop_depth += 1; self.check_block(body); self.loop_depth -= 1; Type::Unit }
[0m[32m+            Expr::While {
[0m[32m+                condition, body, ..
[0m[32m+            } => {
[0m[32m+                let c = self.check_expr(condition);
[0m[32m+                self.require_compatible(&Type::Bool, &c);
[0m[32m+                self.loop_depth += 1;
[0m[32m+                self.check_block(body);
[0m[32m+                self.loop_depth -= 1;
[0m[32m+                Type::Unit
[0m[32m+            }
[0m[32m+            Expr::Loop { body, .. } => {
[0m[32m+                self.loop_depth += 1;
[0m[32m+                self.check_block(body);
[0m[32m+                self.loop_depth -= 1;
[0m[32m+                Type::Unit
[0m[32m+            }
[0m             Expr::Break { value, .. } => {
[31m-                if self.loop_depth == 0 { self.errors.push(TypeError::OutsideLoop); }
[0m[31m-                if let Some(value) = value { self.check_expr(value); }
[0m[32m+                if self.loop_depth == 0 {
[0m[32m+                    self.errors.push(TypeError::OutsideLoop);
[0m[32m+                }
[0m[32m+                if let Some(value) = value {
[0m[32m+                    self.check_expr(value);
[0m[32m+                }
[0m                 Type::Never
             }
[31m-            Expr::Continue { .. } => { if self.loop_depth == 0 { self.errors.push(TypeError::OutsideLoop); } Type::Never }
[0m[31m-            Expr::Return { value, .. } => { let found = value.as_ref().map(|v| self.check_expr(v)).unwrap_or(Type::Unit); self.require_compatible(&self.return_type.clone(), &found); Type::Never }
[0m[31m-            Expr::Let { name, type_ann, value, .. } => { let found = self.check_expr(value); let ty = type_ann.as_ref().map(type_from_ast).unwrap_or(found); self.define(name.clone(), ty.clone()); ty }
[0m[31m-            Expr::Assign { target, value, .. } => { let a = self.check_expr(target); let b = self.check_expr(value); self.require_compatible(&a, &b); a }
[0m[32m+            Expr::Continue { .. } => {
[0m[32m+                if self.loop_depth == 0 {
[0m[32m+                    self.errors.push(TypeError::OutsideLoop);
[0m[32m+                }
[0m[32m+                Type::Never
[0m[32m+            }
[0m[32m+            Expr::Return { value, .. } => {
[0m[32m+                let found = value
[0m[32m+                    .as_ref()
[0m[32m+                    .map(|v| self.check_expr(v))
[0m[32m+                    .unwrap_or(Type::Unit);
[0m[32m+                self.require_compatible(&self.return_type.clone(), &found);
[0m[32m+                Type::Never
[0m[32m+            }
[0m[32m+            Expr::Let {
[0m[32m+                name,
[0m[32m+                type_ann,
[0m[32m+                value,
[0m[32m+                ..
[0m[32m+            } => {
[0m[32m+                let found = self.check_expr(value);
[0m[32m+                let ty = type_ann.as_ref().map(type_from_ast).unwrap_or(found);
[0m[32m+                self.define(name.clone(), ty.clone());
[0m[32m+                ty
[0m[32m+            }
[0m[32m+            Expr::Assign { target, value, .. } => {
[0m[32m+                let a = self.check_expr(target);
[0m[32m+                let b = self.check_expr(value);
[0m[32m+                self.require_compatible(&a, &b);
[0m[32m+                a
[0m[32m+            }
[0m             Expr::Block(block) => self.check_block(block),
             Expr::Spawn { expr, .. } => self.check_expr(expr),
             Expr::Try { expr, .. } => match self.check_expr(expr) {
Diff in /data/data/com.termux/files/home/titan/crates/titan_typechecker/src/lib.rs:257:
                 Type::Named(name) if name == "Option" || name == "Result" => Type::Unknown,
                 Type::Unknown => Type::Unknown,
[31m-                _ => { self.errors.push(TypeError::InvalidTry); Type::Unknown }
[0m[32m+                _ => {
[0m[32m+                    self.errors.push(TypeError::InvalidTry);
[0m[32m+                    Type::Unknown
[0m[32m+                }
[0m             },
[31m-            Expr::Closure { params, return_type, body, .. } => {
[0m[31m-                self.push_scope(); let p: Vec<Type> = params.iter().map(|x| x.type_ann.as_ref().map(type_from_ast).unwrap_or(Type::Unknown)).collect();
[0m[31m-                for (param, ty) in params.iter().zip(&p) { self.define(param.name.clone(), ty.clone()); }
[0m[31m-                let actual = self.check_expr(body); let result = return_type.as_ref().map(type_from_ast).unwrap_or_else(|| actual.clone()); self.require_compatible(&result, &actual); self.pop_scope(); Type::Function(p, Box::new(result))
[0m[32m+            Expr::Closure {
[0m[32m+                params,
[0m[32m+                return_type,
[0m[32m+                body,
[0m[32m+                ..
[0m[32m+            } => {
[0m[32m+                self.push_scope();
[0m[32m+                let p: Vec<Type> = params
[0m[32m+                    .iter()
[0m[32m+                    .map(|x| {
[0m[32m+                        x.type_ann
[0m[32m+                            .as_ref()
[0m[32m+                            .map(type_from_ast)
[0m[32m+                            .unwrap_or(Type::Unknown)
[0m[32m+                    })
[0m[32m+                    .collect();
[0m[32m+                for (param, ty) in params.iter().zip(&p) {
[0m[32m+                    self.define(param.name.clone(), ty.clone());
[0m[32m+                }
[0m[32m+                let actual = self.check_expr(body);
[0m[32m+                let result = return_type
[0m[32m+                    .as_ref()
[0m[32m+                    .map(type_from_ast)
[0m[32m+                    .unwrap_or_else(|| actual.clone());
[0m[32m+                self.require_compatible(&result, &actual);
[0m[32m+                self.pop_scope();
[0m[32m+                Type::Function(p, Box::new(result))
[0m             }
         }
     }
Diff in /data/data/com.termux/files/home/titan/crates/titan_typechecker/src/lib.rs:268:
 
     fn check_call(&mut self, callee: &Expr, args: &[Expr]) -> Type {
[31m-        let name = if let Expr::Ident { name, .. } = callee { Some(name.clone()) } else { None };
[0m[32m+        let name = if let Expr::Ident { name, .. } = callee {
[0m[32m+            Some(name.clone())
[0m[32m+        } else {
[0m[32m+            None
[0m[32m+        };
[0m         if let Some(name) = &name {
             if let Some(signature) = titan_stdlib::native::lookup(name) {
[31m-                if args.len() != signature.params.len() { self.errors.push(TypeError::Arity { expected: signature.params.len(), found: args.len() }); }
[0m[32m+                if args.len() != signature.params.len() {
[0m[32m+                    self.errors.push(TypeError::Arity {
[0m[32m+                        expected: signature.params.len(),
[0m[32m+                        found: args.len(),
[0m[32m+                    });
[0m[32m+                }
[0m                 for (argument, expected) in args.iter().zip(signature.params) {
                     let found = self.check_expr(argument);
                     let expected = native_type(*expected);
Diff in /data/data/com.termux/files/home/titan/crates/titan_typechecker/src/lib.rs:277:
[31m-                    if !native_compatible(&expected, &found) { self.errors.push(TypeError::Mismatch { expected, found }); }
[0m[32m+                    if !native_compatible(&expected, &found) {
[0m[32m+                        self.errors.push(TypeError::Mismatch { expected, found });
[0m[32m+                    }
[0m                 }
[31m-                for argument in args.iter().skip(signature.params.len()) { self.check_expr(argument); }
[0m[32m+                for argument in args.iter().skip(signature.params.len()) {
[0m[32m+                    self.check_expr(argument);
[0m[32m+                }
[0m                 return native_type(signature.result);
             }
             if let Some(payload) = self.enum_variants.get(name).cloned() {
Diff in /data/data/com.termux/files/home/titan/crates/titan_typechecker/src/lib.rs:283:
                 let expected = usize::from(payload.is_some());
[31m-                if args.len() != expected { self.errors.push(TypeError::Arity { expected, found: args.len() }); }
[0m[31m-                if let (Some(expected), Some(argument)) = (payload, args.first()) { let found = self.check_expr(argument); self.require_compatible(&expected, &found); }
[0m[31m-                return Type::Named(name.split_once("::").map_or(name.as_str(), |(e, _)| e).into());
[0m[32m+                if args.len() != expected {
[0m[32m+                    self.errors.push(TypeError::Arity {
[0m[32m+                        expected,
[0m[32m+                        found: args.len(),
[0m[32m+                    });
[0m[32m+                }
[0m[32m+                if let (Some(expected), Some(argument)) = (payload, args.first()) {
[0m[32m+                    let found = self.check_expr(argument);
[0m[32m+                    self.require_compatible(&expected, &found);
[0m[32m+                }
[0m[32m+                return Type::Named(
[0m[32m+                    name.split_once("::")
[0m[32m+                        .map_or(name.as_str(), |(e, _)| e)
[0m[32m+                        .into(),
[0m[32m+                );
[0m             }
         }
         let ty = self.check_expr(callee);
Diff in /data/data/com.termux/files/home/titan/crates/titan_typechecker/src/lib.rs:290:
         match ty {
             Type::Function(params, result) => {
[31m-                if params.len() != args.len() && name.as_deref() != Some("print") && name.as_deref() != Some("println") { self.errors.push(TypeError::Arity { expected: params.len(), found: args.len() }); }
[0m[31m-                for (arg, expected) in args.iter().zip(&params) { let found = self.check_expr(arg); self.require_compatible(expected, &found); }
[0m[31m-                for arg in args.iter().skip(params.len()) { self.check_expr(arg); }
[0m[32m+                if params.len() != args.len()
[0m[32m+                    && name.as_deref() != Some("print")
[0m[32m+                    && name.as_deref() != Some("println")
[0m[32m+                {
[0m[32m+                    self.errors.push(TypeError::Arity {
[0m[32m+                        expected: params.len(),
[0m[32m+                        found: args.len(),
[0m[32m+                    });
[0m[32m+                }
[0m[32m+                for (arg, expected) in args.iter().zip(&params) {
[0m[32m+                    let found = self.check_expr(arg);
[0m[32m+                    self.require_compatible(expected, &found);
[0m[32m+                }
[0m[32m+                for arg in args.iter().skip(params.len()) {
[0m[32m+                    self.check_expr(arg);
[0m[32m+                }
[0m                 *result
             }
[31m-            Type::Unknown => { for arg in args { self.check_expr(arg); } Type::Unknown }
[0m[31m-            _ => { self.errors.push(TypeError::NotCallable { name: name.unwrap_or_else(|| "expression".into()) }); Type::Unknown }
[0m[32m+            Type::Unknown => {
[0m[32m+                for arg in args {
[0m[32m+                    self.check_expr(arg);
[0m[32m+                }
[0m[32m+                Type::Unknown
[0m[32m+            }
[0m[32m+            _ => {
[0m[32m+                self.errors.push(TypeError::NotCallable {
[0m[32m+                    name: name.unwrap_or_else(|| "expression".into()),
[0m[32m+                });
[0m[32m+                Type::Unknown
[0m[32m+            }
[0m         }
     }
 
Diff in /data/data/com.termux/files/home/titan/crates/titan_typechecker/src/lib.rs:302:
     fn check_binary(&mut self, op: BinaryOp, left: Type, right: Type) -> Type {
         use BinaryOp::*;
         match op {
[31m-            Eq | Neq => { self.require_compatible(&left, &right); Type::Bool }
[0m[31m-            Lt | Gt | Lte | Gte => { if !is_numeric(&left) || !compatible(&left, &right) { self.invalid(op, left, right); } Type::Bool }
[0m[31m-            LazyAnd | LazyOr => { self.require_compatible(&Type::Bool, &left); self.require_compatible(&Type::Bool, &right); Type::Bool }
[0m[32m+            Eq | Neq => {
[0m[32m+                self.require_compatible(&left, &right);
[0m[32m+                Type::Bool
[0m[32m+            }
[0m[32m+            Lt | Gt | Lte | Gte => {
[0m[32m+                if !is_numeric(&left) || !compatible(&left, &right) {
[0m[32m+                    self.invalid(op, left, right);
[0m[32m+                }
[0m[32m+                Type::Bool
[0m[32m+            }
[0m[32m+            LazyAnd | LazyOr => {
[0m[32m+                self.require_compatible(&Type::Bool, &left);
[0m[32m+                self.require_compatible(&Type::Bool, &right);
[0m[32m+                Type::Bool
[0m[32m+            }
[0m             Add if left == Type::String && right == Type::String => Type::String,
             Add | Sub | Mul | Div | Mod if is_numeric(&left) && compatible(&left, &right) => left,
             And | Or | Xor if left == Type::Int && right == Type::Int => Type::Int,
Diff in /data/data/com.termux/files/home/titan/crates/titan_typechecker/src/lib.rs:311:
[31m-            _ => { self.invalid(op, left, right); Type::Unknown }
[0m[32m+            _ => {
[0m[32m+                self.invalid(op, left, right);
[0m[32m+                Type::Unknown
[0m[32m+            }
[0m         }
     }
 
Diff in /data/data/com.termux/files/home/titan/crates/titan_typechecker/src/lib.rs:315:
[31m-    fn invalid(&mut self, op: BinaryOp, left: Type, right: Type) { self.errors.push(TypeError::InvalidOperands { operator: format!("{op:?}"), left, right }); }
[0m[31m-    fn require_compatible(&mut self, expected: &Type, found: &Type) { if !compatible(expected, found) { self.errors.push(TypeError::Mismatch { expected: expected.clone(), found: found.clone() }); } }
[0m[31m-    fn bind_pattern(&mut self, pattern: &Pattern, subject: &Type, wildcard: &mut bool, bools: &mut HashSet<bool>) {
[0m[32m+    fn invalid(&mut self, op: BinaryOp, left: Type, right: Type) {
[0m[32m+        self.errors.push(TypeError::InvalidOperands {
[0m[32m+            operator: format!("{op:?}"),
[0m[32m+            left,
[0m[32m+            right,
[0m[32m+        });
[0m[32m+    }
[0m[32m+    fn require_compatible(&mut self, expected: &Type, found: &Type) {
[0m[32m+        if !compatible(expected, found) {
[0m[32m+            self.errors.push(TypeError::Mismatch {
[0m[32m+                expected: expected.clone(),
[0m[32m+                found: found.clone(),
[0m[32m+            });
[0m[32m+        }
[0m[32m+    }
[0m[32m+    fn bind_pattern(
[0m[32m+        &mut self,
[0m[32m+        pattern: &Pattern,
[0m[32m+        subject: &Type,
[0m[32m+        wildcard: &mut bool,
[0m[32m+        bools: &mut HashSet<bool>,
[0m[32m+    ) {
[0m         match pattern {
             Pattern::Wildcard { .. } => *wildcard = true,
[31m-            Pattern::Ident { name, .. } => { self.define(name.clone(), subject.clone()); *wildcard = true; }
[0m[31m-            Pattern::Literal { value, .. } => { if let Expr::Bool { value, .. } = value.as_ref() { bools.insert(*value); } let found = self.check_expr(value); self.require_compatible(subject, &found); }
[0m[31m-            Pattern::Or { left, right, .. } => { self.bind_pattern(left, subject, wildcard, bools); self.bind_pattern(right, subject, wildcard, bools); }
[0m[31m-            Pattern::Enum { inner, .. } => if let Some(inner) = inner { self.bind_pattern(inner, &Type::Unknown, wildcard, bools); },
[0m[31m-            Pattern::Tuple { elements, .. } => for element in elements { self.bind_pattern(element, &Type::Unknown, wildcard, bools); },
[0m[31m-            Pattern::Struct { fields, .. } => for (_, pattern) in fields { self.bind_pattern(pattern, &Type::Unknown, wildcard, bools); },
[0m[32m+            Pattern::Ident { name, .. } => {
[0m[32m+                self.define(name.clone(), subject.clone());
[0m[32m+                *wildcard = true;
[0m[32m+            }
[0m[32m+            Pattern::Literal { value, .. } => {
[0m[32m+                if let Expr::Bool { value, .. } = value.as_ref() {
[0m[32m+                    bools.insert(*value);
[0m[32m+                }
[0m[32m+                let found = self.check_expr(value);
[0m[32m+                self.require_compatible(subject, &found);
[0m[32m+            }
[0m[32m+            Pattern::Or { left, right, .. } => {
[0m[32m+                self.bind_pattern(left, subject, wildcard, bools);
[0m[32m+                self.bind_pattern(right, subject, wildcard, bools);
[0m[32m+            }
[0m[32m+            Pattern::Enum { inner, .. } => {
[0m[32m+                if let Some(inner) = inner {
[0m[32m+                    self.bind_pattern(inner, &Type::Unknown, wildcard, bools);
[0m[32m+                }
[0m[32m+            }
[0m[32m+            Pattern::Tuple { elements, .. } => {
[0m[32m+                for element in elements {
[0m[32m+                    self.bind_pattern(element, &Type::Unknown, wildcard, bools);
[0m[32m+                }
[0m[32m+            }
[0m[32m+            Pattern::Struct { fields, .. } => {
[0m[32m+                for (_, pattern) in fields {
[0m[32m+                    self.bind_pattern(pattern, &Type::Unknown, wildcard, bools);
[0m[32m+                }
[0m[32m+            }
[0m         }
     }
[31m-    fn push_scope(&mut self) { self.scopes.push(HashMap::new()); }
[0m[31m-    fn pop_scope(&mut self) { self.scopes.pop(); }
[0m[31m-    fn define(&mut self, name: String, ty: Type) { self.scopes.last_mut().unwrap().insert(name, ty); }
[0m[31m-    fn lookup(&self, name: &str) -> Option<Type> { self.scopes.iter().rev().find_map(|s| s.get(name).cloned()) }
[0m[32m+    fn push_scope(&mut self) {
[0m[32m+        self.scopes.push(HashMap::new());
[0m[32m+    }
[0m[32m+    fn pop_scope(&mut self) {
[0m[32m+        self.scopes.pop();
[0m[32m+    }
[0m[32m+    fn define(&mut self, name: String, ty: Type) {
[0m[32m+        self.scopes.last_mut().unwrap().insert(name, ty);
[0m[32m+    }
[0m[32m+    fn lookup(&self, name: &str) -> Option<Type> {
[0m[32m+        self.scopes.iter().rev().find_map(|s| s.get(name).cloned())
[0m[32m+    }
[0m }
 
 fn type_from_ast(ty: &TypeExpr) -> Type {
Diff in /data/data/com.termux/files/home/titan/crates/titan_typechecker/src/lib.rs:335:
     match ty {
         TypeExpr::Named { name, generics } => match name.as_str() {
             "int" | "i32" | "i64" | "u64" | "usize" => Type::Int,
[31m-            "float" | "f32" | "f64" => Type::Float, "bool" => Type::Bool,
[0m[31m-            "string" | "str" => Type::String, "char" => Type::Char,
[0m[31m-            "Array" | "Vec" if !generics.is_empty() => Type::Array(Box::new(type_from_ast(&generics[0]))),
[0m[32m+            "float" | "f32" | "f64" => Type::Float,
[0m[32m+            "bool" => Type::Bool,
[0m[32m+            "string" | "str" => Type::String,
[0m[32m+            "char" => Type::Char,
[0m[32m+            "Array" | "Vec" if !generics.is_empty() => {
[0m[32m+                Type::Array(Box::new(type_from_ast(&generics[0])))
[0m[32m+            }
[0m             _ => Type::Named(name.clone()),
         },
[31m-        TypeExpr::Slice { inner } | TypeExpr::Array { inner, .. } => Type::Array(Box::new(type_from_ast(inner))),
[0m[32m+        TypeExpr::Slice { inner } | TypeExpr::Array { inner, .. } => {
[0m[32m+            Type::Array(Box::new(type_from_ast(inner)))
[0m[32m+        }
[0m         TypeExpr::Tuple { elements } => Type::Tuple(elements.iter().map(type_from_ast).collect()),
[31m-        TypeExpr::Function { params, return_type } => Type::Function(params.iter().map(type_from_ast).collect(), Box::new(type_from_ast(return_type))),
[0m[31m-        TypeExpr::Unit => Type::Unit, TypeExpr::Never => Type::Never, TypeExpr::Infer(_) => Type::Unknown,
[0m[32m+        TypeExpr::Function {
[0m[32m+            params,
[0m[32m+            return_type,
[0m[32m+        } => Type::Function(
[0m[32m+            params.iter().map(type_from_ast).collect(),
[0m[32m+            Box::new(type_from_ast(return_type)),
[0m[32m+        ),
[0m[32m+        TypeExpr::Unit => Type::Unit,
[0m[32m+        TypeExpr::Never => Type::Never,
[0m[32m+        TypeExpr::Infer(_) => Type::Unknown,
[0m         TypeExpr::Reference { inner, .. } => type_from_ast(inner),
     }
 }
Diff in /data/data/com.termux/files/home/titan/crates/titan_typechecker/src/lib.rs:350:
 fn native_type(ty: titan_stdlib::native::NativeType) -> Type {
     use titan_stdlib::native::NativeType;
     match ty {
[31m-        NativeType::Any => Type::Unknown, NativeType::Int => Type::Int,
[0m[31m-        NativeType::Float => Type::Float, NativeType::Bool => Type::Bool,
[0m[31m-        NativeType::String => Type::String, NativeType::Bytes => Type::Named("bytes".into()),
[0m[32m+        NativeType::Any => Type::Unknown,
[0m[32m+        NativeType::Int => Type::Int,
[0m[32m+        NativeType::Float => Type::Float,
[0m[32m+        NativeType::Bool => Type::Bool,
[0m[32m+        NativeType::String => Type::String,
[0m[32m+        NativeType::Bytes => Type::Named("bytes".into()),
[0m         NativeType::Array => Type::Array(Box::new(Type::Unknown)),
[31m-        NativeType::Map => Type::Named("map".into()), NativeType::Nil => Type::Nil,
[0m[32m+        NativeType::Map => Type::Named("map".into()),
[0m[32m+        NativeType::Nil => Type::Nil,
[0m     }
 }
 fn native_compatible(expected: &Type, found: &Type) -> bool {
Diff in /data/data/com.termux/files/home/titan/crates/titan_typechecker/src/lib.rs:361:
[31m-    if compatible(expected, found) || (expected == &Type::Float && found == &Type::Int) { return true; }
[0m[32m+    if compatible(expected, found) || (expected == &Type::Float && found == &Type::Int) {
[0m[32m+        return true;
[0m[32m+    }
[0m     match (expected, found) {
         (Type::Array(expected), Type::Array(found)) => native_compatible(expected, found),
[31m-        (Type::Array(expected), Type::Tuple(found)) => found.iter().all(|item| native_compatible(expected, item)),
[0m[32m+        (Type::Array(expected), Type::Tuple(found)) => {
[0m[32m+            found.iter().all(|item| native_compatible(expected, item))
[0m[32m+        }
[0m         _ => false,
     }
 }
Diff in /data/data/com.termux/files/home/titan/crates/titan_typechecker/src/lib.rs:368:
[31m-fn compatible(a: &Type, b: &Type) -> bool { a == b || matches!(a, Type::Unknown | Type::Never) || matches!(b, Type::Unknown | Type::Never) || (matches!(a, Type::Unit) && matches!(b, Type::Nil)) }
[0m[31m-fn is_numeric(ty: &Type) -> bool { matches!(ty, Type::Int | Type::Float | Type::Unknown) }
[0m[32m+fn compatible(a: &Type, b: &Type) -> bool {
[0m[32m+    a == b
[0m[32m+        || matches!(a, Type::Unknown | Type::Never)
[0m[32m+        || matches!(b, Type::Unknown | Type::Never)
[0m[32m+        || (matches!(a, Type::Unit) && matches!(b, Type::Nil))
[0m[32m+}
[0m[32m+fn is_numeric(ty: &Type) -> bool {
[0m[32m+    matches!(ty, Type::Int | Type::Float | Type::Unknown)
[0m[32m+}
[0m 
[31m-impl Default for TypeEnv { fn default() -> Self { Self::new() } }
[0m[32m+impl Default for TypeEnv {
[0m[32m+    fn default() -> Self {
[0m[32m+        Self::new()
[0m[32m+    }
[0m[32m+}
[0m 
 #[cfg(test)]
 mod tests {
Diff in /data/data/com.termux/files/home/titan/crates/titan_typechecker/src/lib.rs:377:
     use titan_parser::Parser;
 
     fn check(source: &str) -> Result<(), Vec<TypeError>> {
[31m-        let mut lexer = Lexer::new(source); let tokens = lexer.tokenize().0.to_vec();
[0m[31m-        let program = Parser::new(tokens).parse_program().unwrap(); TypeEnv::new().check_program(&program)
[0m[32m+        let mut lexer = Lexer::new(source);
[0m[32m+        let tokens = lexer.tokenize().0.to_vec();
[0m[32m+        let program = Parser::new(tokens).parse_program().unwrap();
[0m[32m+        TypeEnv::new().check_program(&program)
[0m     }
[31m-    #[test] fn accepts_recursive_typed_function() { assert!(check("fn fib(n: int) -> int { if n <= 1 { return n } fib(n-1) + fib(n-2) }").is_ok()); }
[0m[31m-    #[test] fn rejects_unknown_names() { assert!(check("fn main() { missing + 1 }").is_err()); }
[0m[31m-    #[test] fn rejects_wrong_return() { assert!(check("fn bad() -> int { return true }").is_err()); }
[0m[31m-    #[test] fn checks_registered_native_signatures() { assert!(check("fn main() { std::text::reverse(\"Titan\") }").is_ok()); assert!(check("fn main() { std::text::reverse(42) }").is_err()); }
[0m[31m-    #[test] fn generic_native_arrays_accept_concrete_elements() { assert!(check("fn main() { std::stats::mean([10, 20, 30, 40]) }").is_ok()); }
[0m[32m+    #[test]
[0m[32m+    fn accepts_recursive_typed_function() {
[0m[32m+        assert!(
[0m[32m+            check("fn fib(n: int) -> int { if n <= 1 { return n } fib(n-1) + fib(n-2) }").is_ok()
[0m[32m+        );
[0m[32m+    }
[0m[32m+    #[test]
[0m[32m+    fn rejects_unknown_names() {
[0m[32m+        assert!(check("fn main() { missing + 1 }").is_err());
[0m[32m+    }
[0m[32m+    #[test]
[0m[32m+    fn rejects_wrong_return() {
[0m[32m+        assert!(check("fn bad() -> int { return true }").is_err());
[0m[32m+    }
[0m[32m+    #[test]
[0m[32m+    fn checks_registered_native_signatures() {
[0m[32m+        assert!(check("fn main() { std::text::reverse(\"Titan\") }").is_ok());
[0m[32m+        assert!(check("fn main() { std::text::reverse(42) }").is_err());
[0m[32m+    }
[0m[32m+    #[test]
[0m[32m+    fn generic_native_arrays_accept_concrete_elements() {
[0m[32m+        assert!(check("fn main() { std::stats::mean([10, 20, 30, 40]) }").is_ok());
[0m[32m+    }
[0m }
 
Diff in /data/data/com.termux/files/home/titan/crates/titan_vm/src/lib.rs:8:
 
 #[derive(Debug, Clone, PartialEq)]
 pub enum Value {
[31m-    Int(i64), Float(f64), Bool(bool), Char(char), Str(String), Bytes(Vec<u8>), Nil,
[0m[31m-    Array(Vec<Value>), Tuple(Vec<Value>), Map(BTreeMap<String, Value>),
[0m[31m-    Struct { name: String, fields: BTreeMap<String, Value> },
[0m[31m-    Enum { name: String, variant: String, payload: Option<Box<Value>> },
[0m[31m-    Closure { function: usize, captures: Vec<Value> },
[0m[32m+    Int(i64),
[0m[32m+    Float(f64),
[0m[32m+    Bool(bool),
[0m[32m+    Char(char),
[0m[32m+    Str(String),
[0m[32m+    Bytes(Vec<u8>),
[0m[32m+    Nil,
[0m[32m+    Array(Vec<Value>),
[0m[32m+    Tuple(Vec<Value>),
[0m[32m+    Map(BTreeMap<String, Value>),
[0m[32m+    Struct {
[0m[32m+        name: String,
[0m[32m+        fields: BTreeMap<String, Value>,
[0m[32m+    },
[0m[32m+    Enum {
[0m[32m+        name: String,
[0m[32m+        variant: String,
[0m[32m+        payload: Option<Box<Value>>,
[0m[32m+    },
[0m[32m+    Closure {
[0m[32m+        function: usize,
[0m[32m+        captures: Vec<Value>,
[0m[32m+    },
[0m }
 
 pub fn val_to_string(value: &Value) -> String {
Diff in /data/data/com.termux/files/home/titan/crates/titan_vm/src/lib.rs:19:
     match value {
[31m-        Value::Int(v) => v.to_string(), Value::Float(v) => v.to_string(),
[0m[31m-        Value::Bool(v) => v.to_string(), Value::Char(v) => v.to_string(),
[0m[31m-        Value::Str(v) => v.clone(), Value::Bytes(v) => format!("bytes[{}]", v.len()), Value::Nil => "nil".into(),
[0m[31m-        Value::Array(values) => format!("[{}]", values.iter().map(val_to_string).collect::<Vec<_>>().join(", ")),
[0m[31m-        Value::Tuple(values) => format!("({})", values.iter().map(val_to_string).collect::<Vec<_>>().join(", ")),
[0m[31m-        Value::Map(values) => format!("{{{}}}", values.iter().map(|(k, v)| format!("{}: {}", k, val_to_string(v))).collect::<Vec<_>>().join(", ")),
[0m[31m-        Value::Struct { name, fields } => format!("{} {{ {} }}", name, fields.iter().map(|(k, v)| format!("{}: {}", k, val_to_string(v))).collect::<Vec<_>>().join(", ")),
[0m[31m-        Value::Enum { name, variant, payload } => match payload { Some(value) => format!("{}::{}({})", name, variant, val_to_string(value)), None => format!("{}::{}", name, variant) },
[0m[32m+        Value::Int(v) => v.to_string(),
[0m[32m+        Value::Float(v) => v.to_string(),
[0m[32m+        Value::Bool(v) => v.to_string(),
[0m[32m+        Value::Char(v) => v.to_string(),
[0m[32m+        Value::Str(v) => v.clone(),
[0m[32m+        Value::Bytes(v) => format!("bytes[{}]", v.len()),
[0m[32m+        Value::Nil => "nil".into(),
[0m[32m+        Value::Array(values) => format!(
[0m[32m+            "[{}]",
[0m[32m+            values
[0m[32m+                .iter()
[0m[32m+                .map(val_to_string)
[0m[32m+                .collect::<Vec<_>>()
[0m[32m+                .join(", ")
[0m[32m+        ),
[0m[32m+        Value::Tuple(values) => format!(
[0m[32m+            "({})",
[0m[32m+            values
[0m[32m+                .iter()
[0m[32m+                .map(val_to_string)
[0m[32m+                .collect::<Vec<_>>()
[0m[32m+                .join(", ")
[0m[32m+        ),
[0m[32m+        Value::Map(values) => format!(
[0m[32m+            "{{{}}}",
[0m[32m+            values
[0m[32m+                .iter()
[0m[32m+                .map(|(k, v)| format!("{}: {}", k, val_to_string(v)))
[0m[32m+                .collect::<Vec<_>>()
[0m[32m+                .join(", ")
[0m[32m+        ),
[0m[32m+        Value::Struct { name, fields } => format!(
[0m[32m+            "{} {{ {} }}",
[0m[32m+            name,
[0m[32m+            fields
[0m[32m+                .iter()
[0m[32m+                .map(|(k, v)| format!("{}: {}", k, val_to_string(v)))
[0m[32m+                .collect::<Vec<_>>()
[0m[32m+                .join(", ")
[0m[32m+        ),
[0m[32m+        Value::Enum {
[0m[32m+            name,
[0m[32m+            variant,
[0m[32m+            payload,
[0m[32m+        } => match payload {
[0m[32m+            Some(value) => format!("{}::{}({})", name, variant, val_to_string(value)),
[0m[32m+            None => format!("{}::{}", name, variant),
[0m[32m+        },
[0m         Value::Closure { function, .. } => format!("<closure:{function}>"),
     }
 }
Diff in /data/data/com.termux/files/home/titan/crates/titan_vm/src/lib.rs:38:
     #[error("invalid function index {0}")]
     InvalidFunction(usize),
     #[error("function '{function}' expected {expected} arguments, found {found}")]
[31m-    Arity { function: String, expected: usize, found: usize },
[0m[32m+    Arity {
[0m[32m+        function: String,
[0m[32m+        expected: usize,
[0m[32m+        found: usize,
[0m[32m+    },
[0m     #[error("type error: {0}")]
     Type(String),
     #[error("division by zero")]
Diff in /data/data/com.termux/files/home/titan/crates/titan_vm/src/lib.rs:56:
     #[error("native function '{function}' failed: {message}")]
     Native { function: String, message: String },
     #[error("native function '{function}' requires capability '{capability}'")]
[31m-    PermissionDenied { function: String, capability: String },
[0m[32m+    PermissionDenied {
[0m[32m+        function: String,
[0m[32m+        capability: String,
[0m[32m+    },
[0m }
 
 #[derive(Debug, Clone, Copy, PartialEq, Eq)]
Diff in /data/data/com.termux/files/home/titan/crates/titan_vm/src/lib.rs:67:
     pub environment: bool,
 }
 impl RuntimeCapabilities {
[31m-    pub const fn all() -> Self { Self { filesystem: true, process: true, network: true, environment: true } }
[0m[31m-    pub const fn sandboxed() -> Self { Self { filesystem: false, process: false, network: false, environment: false } }
[0m[32m+    pub const fn all() -> Self {
[0m[32m+        Self {
[0m[32m+            filesystem: true,
[0m[32m+            process: true,
[0m[32m+            network: true,
[0m[32m+            environment: true,
[0m[32m+        }
[0m[32m+    }
[0m[32m+    pub const fn sandboxed() -> Self {
[0m[32m+        Self {
[0m[32m+            filesystem: false,
[0m[32m+            process: false,
[0m[32m+            network: false,
[0m[32m+            environment: false,
[0m[32m+        }
[0m[32m+    }
[0m }
[31m-impl Default for RuntimeCapabilities { fn default() -> Self { Self::all() } }
[0m[32m+impl Default for RuntimeCapabilities {
[0m[32m+    fn default() -> Self {
[0m[32m+        Self::all()
[0m[32m+    }
[0m[32m+}
[0m 
 pub struct Vm {
     module: CompiledModule,
Diff in /data/data/com.termux/files/home/titan/crates/titan_vm/src/lib.rs:81:
 }
 
 impl Vm {
[31m-    pub fn new(module: CompiledModule) -> Self { Self { module, instruction_limit: 10_000_000, instructions: 0, max_call_depth: 4096, capabilities: RuntimeCapabilities::all() } }
[0m[31m-    pub fn sandboxed(module: CompiledModule) -> Self { Self { capabilities: RuntimeCapabilities::sandboxed(), ..Self::new(module) } }
[0m[31m-    pub fn with_instruction_limit(mut self, limit: usize) -> Self { self.instruction_limit = limit; self }
[0m[31m-    pub fn with_capabilities(mut self, capabilities: RuntimeCapabilities) -> Self { self.capabilities = capabilities; self }
[0m[32m+    pub fn new(module: CompiledModule) -> Self {
[0m[32m+        Self {
[0m[32m+            module,
[0m[32m+            instruction_limit: 10_000_000,
[0m[32m+            instructions: 0,
[0m[32m+            max_call_depth: 4096,
[0m[32m+            capabilities: RuntimeCapabilities::all(),
[0m[32m+        }
[0m[32m+    }
[0m[32m+    pub fn sandboxed(module: CompiledModule) -> Self {
[0m[32m+        Self {
[0m[32m+            capabilities: RuntimeCapabilities::sandboxed(),
[0m[32m+            ..Self::new(module)
[0m[32m+        }
[0m[32m+    }
[0m[32m+    pub fn with_instruction_limit(mut self, limit: usize) -> Self {
[0m[32m+        self.instruction_limit = limit;
[0m[32m+        self
[0m[32m+    }
[0m[32m+    pub fn with_capabilities(mut self, capabilities: RuntimeCapabilities) -> Self {
[0m[32m+        self.capabilities = capabilities;
[0m[32m+        self
[0m[32m+    }
[0m 
     pub fn run(&mut self) -> Result<Option<Value>, VmError> {
         self.instructions = 0;
Diff in /data/data/com.termux/files/home/titan/crates/titan_vm/src/lib.rs:92:
         Ok(Some(result))
     }
 
[31m-    fn execute(&mut self, function_id: usize, args: Vec<Value>, captures: Vec<Value>, depth: usize) -> Result<Value, VmError> {
[0m[31m-        if depth >= self.max_call_depth { return Err(VmError::CallDepth); }
[0m[31m-        let function = self.module.functions.get(function_id).cloned().ok_or(VmError::InvalidFunction(function_id))?;
[0m[31m-        if args.len() != function.arity { return Err(VmError::Arity { function: function.name, expected: function.arity, found: args.len() }); }
[0m[31m-        if captures.len() != function.captures { return Err(VmError::Type(format!("closure expected {} captures, found {}", function.captures, captures.len()))); }
[0m[32m+    fn execute(
[0m[32m+        &mut self,
[0m[32m+        function_id: usize,
[0m[32m+        args: Vec<Value>,
[0m[32m+        captures: Vec<Value>,
[0m[32m+        depth: usize,
[0m[32m+    ) -> Result<Value, VmError> {
[0m[32m+        if depth >= self.max_call_depth {
[0m[32m+            return Err(VmError::CallDepth);
[0m[32m+        }
[0m[32m+        let function = self
[0m[32m+            .module
[0m[32m+            .functions
[0m[32m+            .get(function_id)
[0m[32m+            .cloned()
[0m[32m+            .ok_or(VmError::InvalidFunction(function_id))?;
[0m[32m+        if args.len() != function.arity {
[0m[32m+            return Err(VmError::Arity {
[0m[32m+                function: function.name,
[0m[32m+                expected: function.arity,
[0m[32m+                found: args.len(),
[0m[32m+            });
[0m[32m+        }
[0m[32m+        if captures.len() != function.captures {
[0m[32m+            return Err(VmError::Type(format!(
[0m[32m+                "closure expected {} captures, found {}",
[0m[32m+                function.captures,
[0m[32m+                captures.len()
[0m[32m+            )));
[0m[32m+        }
[0m         let mut locals = vec![Value::Nil; function.locals.max(args.len() + captures.len())];
[31m-        for (slot, value) in locals.iter_mut().zip(captures.into_iter().chain(args)) { *slot = value; }
[0m[32m+        for (slot, value) in locals.iter_mut().zip(captures.into_iter().chain(args)) {
[0m[32m+            *slot = value;
[0m[32m+        }
[0m         let mut stack = Vec::with_capacity(function.max_stack);
         let mut ip = 0usize;
         while ip < function.code.len() {
Diff in /data/data/com.termux/files/home/titan/crates/titan_vm/src/lib.rs:105:
             self.instructions += 1;
[31m-            if self.instructions > self.instruction_limit { return Err(VmError::InstructionLimit); }
[0m[32m+            if self.instructions > self.instruction_limit {
[0m[32m+                return Err(VmError::InstructionLimit);
[0m[32m+            }
[0m             match function.code[ip].clone() {
[31m-                Op::PushInt(v) => stack.push(Value::Int(v)), Op::PushFloat(v) => stack.push(Value::Float(v)),
[0m[31m-                Op::PushBool(v) => stack.push(Value::Bool(v)), Op::PushChar(v) => stack.push(Value::Char(v)),
[0m[32m+                Op::PushInt(v) => stack.push(Value::Int(v)),
[0m[32m+                Op::PushFloat(v) => stack.push(Value::Float(v)),
[0m[32m+                Op::PushBool(v) => stack.push(Value::Bool(v)),
[0m[32m+                Op::PushChar(v) => stack.push(Value::Char(v)),
[0m                 Op::PushNil => stack.push(Value::Nil),
[31m-                Op::PushStr(index) => stack.push(Value::Str(self.module.string_table.get(index).cloned().unwrap_or_default())),
[0m[31m-                Op::PushLocal(index) => stack.push(locals.get(index).cloned().ok_or_else(|| VmError::InvalidLocal { function: function.name.clone(), index })?),
[0m[31m-                Op::StoreLocal(index) => { let value = pop(&mut stack, &function.name)?; let slot = locals.get_mut(index).ok_or_else(|| VmError::InvalidLocal { function: function.name.clone(), index })?; *slot = value; }
[0m[31m-                Op::Pop => { pop(&mut stack, &function.name)?; }
[0m[31m-                Op::Dup => { let value = stack.last().cloned().ok_or_else(|| VmError::StackUnderflow(function.name.clone()))?; stack.push(value); }
[0m[31m-                Op::Add => binary(&mut stack, &function.name, add)?, Op::Sub => binary(&mut stack, &function.name, sub)?,
[0m[31m-                Op::Mul => binary(&mut stack, &function.name, mul)?, Op::Div => binary(&mut stack, &function.name, div)?,
[0m[32m+                Op::PushStr(index) => stack.push(Value::Str(
[0m[32m+                    self.module
[0m[32m+                        .string_table
[0m[32m+                        .get(index)
[0m[32m+                        .cloned()
[0m[32m+                        .unwrap_or_default(),
[0m[32m+                )),
[0m[32m+                Op::PushLocal(index) => stack.push(locals.get(index).cloned().ok_or_else(
[0m[32m+                    || VmError::InvalidLocal {
[0m[32m+                        function: function.name.clone(),
[0m[32m+                        index,
[0m[32m+                    },
[0m[32m+                )?),
[0m[32m+                Op::StoreLocal(index) => {
[0m[32m+                    let value = pop(&mut stack, &function.name)?;
[0m[32m+                    let slot = locals.get_mut(index).ok_or_else(|| VmError::InvalidLocal {
[0m[32m+                        function: function.name.clone(),
[0m[32m+                        index,
[0m[32m+                    })?;
[0m[32m+                    *slot = value;
[0m[32m+                }
[0m[32m+                Op::Pop => {
[0m[32m+                    pop(&mut stack, &function.name)?;
[0m[32m+                }
[0m[32m+                Op::Dup => {
[0m[32m+                    let value = stack
[0m[32m+                        .last()
[0m[32m+                        .cloned()
[0m[32m+                        .ok_or_else(|| VmError::StackUnderflow(function.name.clone()))?;
[0m[32m+                    stack.push(value);
[0m[32m+                }
[0m[32m+                Op::Add => binary(&mut stack, &function.name, add)?,
[0m[32m+                Op::Sub => binary(&mut stack, &function.name, sub)?,
[0m[32m+                Op::Mul => binary(&mut stack, &function.name, mul)?,
[0m[32m+                Op::Div => binary(&mut stack, &function.name, div)?,
[0m                 Op::Mod => binary(&mut stack, &function.name, modulo)?,
[31m-                Op::Eq => compare(&mut stack, &function.name, |a, b| a == b)?, Op::Neq => compare(&mut stack, &function.name, |a, b| a != b)?,
[0m[31m-                Op::Lt => ordered(&mut stack, &function.name, |a, b| a < b)?, Op::Gt => ordered(&mut stack, &function.name, |a, b| a > b)?,
[0m[31m-                Op::Lte => ordered(&mut stack, &function.name, |a, b| a <= b)?, Op::Gte => ordered(&mut stack, &function.name, |a, b| a >= b)?,
[0m[32m+                Op::Eq => compare(&mut stack, &function.name, |a, b| a == b)?,
[0m[32m+                Op::Neq => compare(&mut stack, &function.name, |a, b| a != b)?,
[0m[32m+                Op::Lt => ordered(&mut stack, &function.name, |a, b| a < b)?,
[0m[32m+                Op::Gt => ordered(&mut stack, &function.name, |a, b| a > b)?,
[0m[32m+                Op::Lte => ordered(&mut stack, &function.name, |a, b| a <= b)?,
[0m[32m+                Op::Gte => ordered(&mut stack, &function.name, |a, b| a >= b)?,
[0m                 Op::BitAnd => integer_binary(&mut stack, &function.name, |a, b| a & b)?,
                 Op::BitOr => integer_binary(&mut stack, &function.name, |a, b| a | b)?,
                 Op::BitXor => integer_binary(&mut stack, &function.name, |a, b| a ^ b)?,
Diff in /data/data/com.termux/files/home/titan/crates/titan_vm/src/lib.rs:125:
[31m-                Op::Neg => { let value = pop(&mut stack, &function.name)?; stack.push(match value { Value::Int(v) => Value::Int(v.checked_neg().ok_or(VmError::Overflow)?), Value::Float(v) => Value::Float(-v), other => return Err(VmError::Type(format!("cannot negate {}", val_to_string(&other)))) }); }
[0m[31m-                Op::Not => { let value = pop(&mut stack, &function.name)?; stack.push(Value::Bool(!truthy(&value))); }
[0m[31m-                Op::BitNot => { let value = pop(&mut stack, &function.name)?; if let Value::Int(v) = value { stack.push(Value::Int(!v)); } else { return Err(VmError::Type("bitwise not requires int".into())); } }
[0m[31m-                Op::Jump(target) => { ip = target; continue; }
[0m[31m-                Op::JumpIfFalse(target) => { let condition = pop(&mut stack, &function.name)?; if !truthy(&condition) { ip = target; continue; } }
[0m[31m-                Op::Call { function: callee, argc } => {
[0m[32m+                Op::Neg => {
[0m[32m+                    let value = pop(&mut stack, &function.name)?;
[0m[32m+                    stack.push(match value {
[0m[32m+                        Value::Int(v) => Value::Int(v.checked_neg().ok_or(VmError::Overflow)?),
[0m[32m+                        Value::Float(v) => Value::Float(-v),
[0m[32m+                        other => {
[0m[32m+                            return Err(VmError::Type(format!(
[0m[32m+                                "cannot negate {}",
[0m[32m+                                val_to_string(&other)
[0m[32m+                            )))
[0m[32m+                        }
[0m[32m+                    });
[0m[32m+                }
[0m[32m+                Op::Not => {
[0m[32m+                    let value = pop(&mut stack, &function.name)?;
[0m[32m+                    stack.push(Value::Bool(!truthy(&value)));
[0m[32m+                }
[0m[32m+                Op::BitNot => {
[0m[32m+                    let value = pop(&mut stack, &function.name)?;
[0m[32m+                    if let Value::Int(v) = value {
[0m[32m+                        stack.push(Value::Int(!v));
[0m[32m+                    } else {
[0m[32m+                        return Err(VmError::Type("bitwise not requires int".into()));
[0m[32m+                    }
[0m[32m+                }
[0m[32m+                Op::Jump(target) => {
[0m[32m+                    ip = target;
[0m[32m+                    continue;
[0m[32m+                }
[0m[32m+                Op::JumpIfFalse(target) => {
[0m[32m+                    let condition = pop(&mut stack, &function.name)?;
[0m[32m+                    if !truthy(&condition) {
[0m[32m+                        ip = target;
[0m[32m+                        continue;
[0m[32m+                    }
[0m[32m+                }
[0m[32m+                Op::Call {
[0m[32m+                    function: callee,
[0m[32m+                    argc,
[0m[32m+                } => {
[0m                     let args = take_args(&mut stack, argc, &function.name)?;
[31m-                    if callee == usize::MAX { stack.push(make_range(args)?); }
[0m[31m-                    else { stack.push(self.execute(callee, args, Vec::new(), depth + 1)?); }
[0m[32m+                    if callee == usize::MAX {
[0m[32m+                        stack.push(make_range(args)?);
[0m[32m+                    } else {
[0m[32m+                        stack.push(self.execute(callee, args, Vec::new(), depth + 1)?);
[0m[32m+                    }
[0m                 }
[31m-                Op::MakeClosure { function: closure_function, captures } => {
[0m[31m-                    let captured = captures.into_iter().map(|slot| locals.get(slot).cloned().ok_or_else(|| VmError::InvalidLocal { function: function.name.clone(), index: slot })).collect::<Result<Vec<_>, _>>()?;
[0m[31m-                    stack.push(Value::Closure { function: closure_function, captures: captured });
[0m[32m+                Op::MakeClosure {
[0m[32m+                    function: closure_function,
[0m[32m+                    captures,
[0m[32m+                } => {
[0m[32m+                    let captured = captures
[0m[32m+                        .into_iter()
[0m[32m+                        .map(|slot| {
[0m[32m+                            locals
[0m[32m+                                .get(slot)
[0m[32m+                                .cloned()
[0m[32m+                                .ok_or_else(|| VmError::InvalidLocal {
[0m[32m+                                    function: function.name.clone(),
[0m[32m+                                    index: slot,
[0m[32m+                                })
[0m[32m+                        })
[0m[32m+                        .collect::<Result<Vec<_>, _>>()?;
[0m[32m+                    stack.push(Value::Closure {
[0m[32m+                        function: closure_function,
[0m[32m+                        captures: captured,
[0m[32m+                    });
[0m                 }
                 Op::CallValue(argc) => {
                     let args = take_args(&mut stack, argc, &function.name)?;
Diff in /data/data/com.termux/files/home/titan/crates/titan_vm/src/lib.rs:141:
                     let callable = pop(&mut stack, &function.name)?;
[31m-                    if let Value::Closure { function: closure_function, captures } = callable { stack.push(self.execute(closure_function, args, captures, depth + 1)?); }
[0m[31m-                    else { return Err(VmError::Type("attempted to call a non-function value".into())); }
[0m[32m+                    if let Value::Closure {
[0m[32m+                        function: closure_function,
[0m[32m+                        captures,
[0m[32m+                    } = callable
[0m[32m+                    {
[0m[32m+                        stack.push(self.execute(closure_function, args, captures, depth + 1)?);
[0m[32m+                    } else {
[0m[32m+                        return Err(VmError::Type(
[0m[32m+                            "attempted to call a non-function value".into(),
[0m[32m+                        ));
[0m[32m+                    }
[0m                 }
                 Op::ArrayMap => {
[31m-                    let callable = pop(&mut stack, &function.name)?; let values = array_value(pop(&mut stack, &function.name)?)?;
[0m[31m-                    let Value::Closure { function: closure_function, captures } = callable else { return Err(VmError::Type("map requires a function".into())); };
[0m[32m+                    let callable = pop(&mut stack, &function.name)?;
[0m[32m+                    let values = array_value(pop(&mut stack, &function.name)?)?;
[0m[32m+                    let Value::Closure {
[0m[32m+                        function: closure_function,
[0m[32m+                        captures,
[0m[32m+                    } = callable
[0m[32m+                    else {
[0m[32m+                        return Err(VmError::Type("map requires a function".into()));
[0m[32m+                    };
[0m                     let mut output = Vec::with_capacity(values.len());
[31m-                    for value in values { output.push(self.execute(closure_function, vec![value], captures.clone(), depth + 1)?); }
[0m[32m+                    for value in values {
[0m[32m+                        output.push(self.execute(
[0m[32m+                            closure_function,
[0m[32m+                            vec![value],
[0m[32m+                            captures.clone(),
[0m[32m+                            depth + 1,
[0m[32m+                        )?);
[0m[32m+                    }
[0m                     stack.push(Value::Array(output));
                 }
                 Op::ArrayFilter => {
Diff in /data/data/com.termux/files/home/titan/crates/titan_vm/src/lib.rs:153:
[31m-                    let callable = pop(&mut stack, &function.name)?; let values = array_value(pop(&mut stack, &function.name)?)?;
[0m[31m-                    let Value::Closure { function: closure_function, captures } = callable else { return Err(VmError::Type("filter requires a function".into())); };
[0m[32m+                    let callable = pop(&mut stack, &function.name)?;
[0m[32m+                    let values = array_value(pop(&mut stack, &function.name)?)?;
[0m[32m+                    let Value::Closure {
[0m[32m+                        function: closure_function,
[0m[32m+                        captures,
[0m[32m+                    } = callable
[0m[32m+                    else {
[0m[32m+                        return Err(VmError::Type("filter requires a function".into()));
[0m[32m+                    };
[0m                     let mut output = Vec::new();
[31m-                    for value in values { let keep = self.execute(closure_function, vec![value.clone()], captures.clone(), depth + 1)?; if keep == Value::Bool(true) { output.push(value); } else if keep != Value::Bool(false) { return Err(VmError::Type("filter predicate must return bool".into())); } }
[0m[32m+                    for value in values {
[0m[32m+                        let keep = self.execute(
[0m[32m+                            closure_function,
[0m[32m+                            vec![value.clone()],
[0m[32m+                            captures.clone(),
[0m[32m+                            depth + 1,
[0m[32m+                        )?;
[0m[32m+                        if keep == Value::Bool(true) {
[0m[32m+                            output.push(value);
[0m[32m+                        } else if keep != Value::Bool(false) {
[0m[32m+                            return Err(VmError::Type("filter predicate must return bool".into()));
[0m[32m+                        }
[0m[32m+                    }
[0m                     stack.push(Value::Array(output));
                 }
                 Op::ArrayFold => {
Diff in /data/data/com.termux/files/home/titan/crates/titan_vm/src/lib.rs:160:
[31m-                    let callable = pop(&mut stack, &function.name)?; let mut accumulator = pop(&mut stack, &function.name)?; let values = array_value(pop(&mut stack, &function.name)?)?;
[0m[31m-                    let Value::Closure { function: closure_function, captures } = callable else { return Err(VmError::Type("fold requires a function".into())); };
[0m[31m-                    for value in values { accumulator = self.execute(closure_function, vec![accumulator, value], captures.clone(), depth + 1)?; }
[0m[32m+                    let callable = pop(&mut stack, &function.name)?;
[0m[32m+                    let mut accumulator = pop(&mut stack, &function.name)?;
[0m[32m+                    let values = array_value(pop(&mut stack, &function.name)?)?;
[0m[32m+                    let Value::Closure {
[0m[32m+                        function: closure_function,
[0m[32m+                        captures,
[0m[32m+                    } = callable
[0m[32m+                    else {
[0m[32m+                        return Err(VmError::Type("fold requires a function".into()));
[0m[32m+                    };
[0m[32m+                    for value in values {
[0m[32m+                        accumulator = self.execute(
[0m[32m+                            closure_function,
[0m[32m+                            vec![accumulator, value],
[0m[32m+                            captures.clone(),
[0m[32m+                            depth + 1,
[0m[32m+                        )?;
[0m[32m+                    }
[0m                     stack.push(accumulator);
                 }
                 Op::Try => {
Diff in /data/data/com.termux/files/home/titan/crates/titan_vm/src/lib.rs:166:
                     let value = pop(&mut stack, &function.name)?;
                     match value {
[31m-                        Value::Enum { name, variant, payload: Some(payload) } if (name == "Result" && variant == "Ok") || (name == "Option" && variant == "Some") => stack.push(*payload),
[0m[31m-                        Value::Enum { name, variant, payload } if (name == "Result" && variant == "Err") || (name == "Option" && variant == "None") => return Ok(Value::Enum { name, variant, payload }),
[0m[31m-                        _ => return Err(VmError::Type("operator ? requires Result or Option".into())),
[0m[32m+                        Value::Enum {
[0m[32m+                            name,
[0m[32m+                            variant,
[0m[32m+                            payload: Some(payload),
[0m[32m+                        } if (name == "Result" && variant == "Ok")
[0m[32m+                            || (name == "Option" && variant == "Some") =>
[0m[32m+                        {
[0m[32m+                            stack.push(*payload)
[0m[32m+                        }
[0m[32m+                        Value::Enum {
[0m[32m+                            name,
[0m[32m+                            variant,
[0m[32m+                            payload,
[0m[32m+                        } if (name == "Result" && variant == "Err")
[0m[32m+                            || (name == "Option" && variant == "None") =>
[0m[32m+                        {
[0m[32m+                            return Ok(Value::Enum {
[0m[32m+                                name,
[0m[32m+                                variant,
[0m[32m+                                payload,
[0m[32m+                            })
[0m[32m+                        }
[0m[32m+                        _ => {
[0m[32m+                            return Err(VmError::Type(
[0m[32m+                                "operator ? requires Result or Option".into(),
[0m[32m+                            ))
[0m[32m+                        }
[0m                     }
                 }
                 Op::CallNative { name, argc } => {
Diff in /data/data/com.termux/files/home/titan/crates/titan_vm/src/lib.rs:177:
                 Op::Ret => return Ok(stack.pop().unwrap_or(Value::Nil)),
                 Op::Print(argc) => {
                     let args = take_args(&mut stack, argc, &function.name)?;
[31m-                    println!("{}", args.iter().map(val_to_string).collect::<Vec<_>>().join(" "));
[0m[32m+                    println!(
[0m[32m+                        "{}",
[0m[32m+                        args.iter().map(val_to_string).collect::<Vec<_>>().join(" ")
[0m[32m+                    );
[0m                     stack.push(Value::Nil);
                 }
                 Op::Len => {
Diff in /data/data/com.termux/files/home/titan/crates/titan_vm/src/lib.rs:184:
                     let value = pop(&mut stack, &function.name)?;
[31m-                    let length = match value { Value::Array(v) | Value::Tuple(v) => v.len(), Value::Str(v) => v.chars().count(), Value::Bytes(v) => v.len(), Value::Map(v) => v.len(), _ => return Err(VmError::Type("len requires an array, tuple, string, bytes, or map".into())) };
[0m[32m+                    let length = match value {
[0m[32m+                        Value::Array(v) | Value::Tuple(v) => v.len(),
[0m[32m+                        Value::Str(v) => v.chars().count(),
[0m[32m+                        Value::Bytes(v) => v.len(),
[0m[32m+                        Value::Map(v) => v.len(),
[0m[32m+                        _ => {
[0m[32m+                            return Err(VmError::Type(
[0m[32m+                                "len requires an array, tuple, string, bytes, or map".into(),
[0m[32m+                            ))
[0m[32m+                        }
[0m[32m+                    };
[0m                     stack.push(Value::Int(length as i64));
                 }
[31m-                Op::ToString => { let value = pop(&mut stack, &function.name)?; stack.push(Value::Str(val_to_string(&value))); }
[0m[31m-                Op::NewArray(count) => { let values = take_args(&mut stack, count, &function.name)?; stack.push(Value::Array(values)); }
[0m[31m-                Op::NewTuple(count) => { let values = take_args(&mut stack, count, &function.name)?; stack.push(Value::Tuple(values)); }
[0m[32m+                Op::ToString => {
[0m[32m+                    let value = pop(&mut stack, &function.name)?;
[0m[32m+                    stack.push(Value::Str(val_to_string(&value)));
[0m[32m+                }
[0m[32m+                Op::NewArray(count) => {
[0m[32m+                    let values = take_args(&mut stack, count, &function.name)?;
[0m[32m+                    stack.push(Value::Array(values));
[0m[32m+                }
[0m[32m+                Op::NewTuple(count) => {
[0m[32m+                    let values = take_args(&mut stack, count, &function.name)?;
[0m[32m+                    stack.push(Value::Tuple(values));
[0m[32m+                }
[0m                 Op::Index => {
[31m-                    let index_value = pop(&mut stack, &function.name)?; let target = pop(&mut stack, &function.name)?;
[0m[32m+                    let index_value = pop(&mut stack, &function.name)?;
[0m[32m+                    let target = pop(&mut stack, &function.name)?;
[0m                     let value = match (target, index_value) {
[31m-                        (Value::Map(values), Value::Str(key)) => values.get(&key).cloned().ok_or(VmError::UnknownField(key))?,
[0m[32m+                        (Value::Map(values), Value::Str(key)) => values
[0m[32m+                            .get(&key)
[0m[32m+                            .cloned()
[0m[32m+                            .ok_or(VmError::UnknownField(key))?,
[0m                         (target, Value::Int(index)) => {
[31m-                            let index = usize::try_from(index).map_err(|_| VmError::IndexOutOfBounds { index: usize::MAX, length: 0 })?;
[0m[32m+                            let index =
[0m[32m+                                usize::try_from(index).map_err(|_| VmError::IndexOutOfBounds {
[0m[32m+                                    index: usize::MAX,
[0m[32m+                                    length: 0,
[0m[32m+                                })?;
[0m                             match target {
[31m-                                Value::Array(v) | Value::Tuple(v) => v.get(index).cloned().ok_or(VmError::IndexOutOfBounds { index, length: v.len() })?,
[0m[31m-                                Value::Str(v) => v.chars().nth(index).map(Value::Char).ok_or(VmError::IndexOutOfBounds { index, length: v.chars().count() })?,
[0m[31m-                                Value::Bytes(v) => v.get(index).map(|value| Value::Int(i64::from(*value))).ok_or(VmError::IndexOutOfBounds { index, length: v.len() })?,
[0m[31m-                                _ => return Err(VmError::Type("value is not indexable by integer".into())),
[0m[32m+                                Value::Array(v) | Value::Tuple(v) => {
[0m[32m+                                    v.get(index).cloned().ok_or(VmError::IndexOutOfBounds {
[0m[32m+                                        index,
[0m[32m+                                        length: v.len(),
[0m[32m+                                    })?
[0m[32m+                                }
[0m[32m+                                Value::Str(v) => v.chars().nth(index).map(Value::Char).ok_or(
[0m[32m+                                    VmError::IndexOutOfBounds {
[0m[32m+                                        index,
[0m[32m+                                        length: v.chars().count(),
[0m[32m+                                    },
[0m[32m+                                )?,
[0m[32m+                                Value::Bytes(v) => v
[0m[32m+                                    .get(index)
[0m[32m+                                    .map(|value| Value::Int(i64::from(*value)))
[0m[32m+                                    .ok_or(VmError::IndexOutOfBounds {
[0m[32m+                                        index,
[0m[32m+                                        length: v.len(),
[0m[32m+                                    })?,
[0m[32m+                                _ => {
[0m[32m+                                    return Err(VmError::Type(
[0m[32m+                                        "value is not indexable by integer".into(),
[0m[32m+                                    ))
[0m[32m+                                }
[0m                             }
                         }
[31m-                        _ => return Err(VmError::Type("index must be int, or string for maps".into())),
[0m[31m-                    }; stack.push(value);
[0m[32m+                        _ => {
[0m[32m+                            return Err(VmError::Type(
[0m[32m+                                "index must be int, or string for maps".into(),
[0m[32m+                            ))
[0m[32m+                        }
[0m[32m+                    };
[0m[32m+                    stack.push(value);
[0m                 }
                 Op::NewStruct { name, fields } => {
                     let values = take_args(&mut stack, fields.len(), &function.name)?;
Diff in /data/data/com.termux/files/home/titan/crates/titan_vm/src/lib.rs:209:
[31m-                    stack.push(Value::Struct { name, fields: fields.into_iter().zip(values).collect() });
[0m[32m+                    stack.push(Value::Struct {
[0m[32m+                        name,
[0m[32m+                        fields: fields.into_iter().zip(values).collect(),
[0m[32m+                    });
[0m                 }
                 Op::GetField(field) => {
                     let value = pop(&mut stack, &function.name)?;
Diff in /data/data/com.termux/files/home/titan/crates/titan_vm/src/lib.rs:213:
                     match value {
[31m-                        Value::Struct { fields, .. } | Value::Map(fields) => stack.push(fields.get(&field).cloned().ok_or(VmError::UnknownField(field))?),
[0m[31m-                        _ => return Err(VmError::Type("field access requires a struct or map".into())),
[0m[32m+                        Value::Struct { fields, .. } | Value::Map(fields) => stack.push(
[0m[32m+                            fields
[0m[32m+                                .get(&field)
[0m[32m+                                .cloned()
[0m[32m+                                .ok_or(VmError::UnknownField(field))?,
[0m[32m+                        ),
[0m[32m+                        _ => {
[0m[32m+                            return Err(VmError::Type(
[0m[32m+                                "field access requires a struct or map".into(),
[0m[32m+                            ))
[0m[32m+                        }
[0m                     }
                 }
[31m-                Op::NewEnum { name, variant, has_payload } => {
[0m[31m-                    let payload = if has_payload { Some(Box::new(pop(&mut stack, &function.name)?)) } else { None };
[0m[31m-                    stack.push(Value::Enum { name, variant, payload });
[0m[32m+                Op::NewEnum {
[0m[32m+                    name,
[0m[32m+                    variant,
[0m[32m+                    has_payload,
[0m[32m+                } => {
[0m[32m+                    let payload = if has_payload {
[0m[32m+                        Some(Box::new(pop(&mut stack, &function.name)?))
[0m[32m+                    } else {
[0m[32m+                        None
[0m[32m+                    };
[0m[32m+                    stack.push(Value::Enum {
[0m[32m+                        name,
[0m[32m+                        variant,
[0m[32m+                        payload,
[0m[32m+                    });
[0m                 }
                 Op::EnumIs { name, variant } => {
                     let value = pop(&mut stack, &function.name)?;
Diff in /data/data/com.termux/files/home/titan/crates/titan_vm/src/lib.rs:225:
                 }
                 Op::EnumPayload => {
                     let value = pop(&mut stack, &function.name)?;
[31m-                    if let Value::Enum { payload: Some(value), .. } = value { stack.push(*value); }
[0m[31m-                    else { return Err(VmError::Type("enum variant has no payload".into())); }
[0m[32m+                    if let Value::Enum {
[0m[32m+                        payload: Some(value),
[0m[32m+                        ..
[0m[32m+                    } = value
[0m[32m+                    {
[0m[32m+                        stack.push(*value);
[0m[32m+                    } else {
[0m[32m+                        return Err(VmError::Type("enum variant has no payload".into()));
[0m[32m+                    }
[0m                 }
                 Op::Nop => {}
                 Op::Halt => return Ok(stack.pop().unwrap_or(Value::Nil)),
Diff in /data/data/com.termux/files/home/titan/crates/titan_vm/src/lib.rs:237:
     }
 }
 
[31m-fn array_value(value: Value) -> Result<Vec<Value>, VmError> { match value { Value::Array(values) | Value::Tuple(values) => Ok(values), _ => Err(VmError::Type("operation requires an array".into())) } }
[0m[31m-fn pop(stack: &mut Vec<Value>, function: &str) -> Result<Value, VmError> { stack.pop().ok_or_else(|| VmError::StackUnderflow(function.into())) }
[0m[32m+fn array_value(value: Value) -> Result<Vec<Value>, VmError> {
[0m[32m+    match value {
[0m[32m+        Value::Array(values) | Value::Tuple(values) => Ok(values),
[0m[32m+        _ => Err(VmError::Type("operation requires an array".into())),
[0m[32m+    }
[0m[32m+}
[0m[32m+fn pop(stack: &mut Vec<Value>, function: &str) -> Result<Value, VmError> {
[0m[32m+    stack
[0m[32m+        .pop()
[0m[32m+        .ok_or_else(|| VmError::StackUnderflow(function.into()))
[0m[32m+}
[0m fn take_args(stack: &mut Vec<Value>, count: usize, function: &str) -> Result<Vec<Value>, VmError> {
[31m-    if stack.len() < count { return Err(VmError::StackUnderflow(function.into())); }
[0m[32m+    if stack.len() < count {
[0m[32m+        return Err(VmError::StackUnderflow(function.into()));
[0m[32m+    }
[0m     Ok(stack.split_off(stack.len() - count))
 }
[31m-fn truthy(value: &Value) -> bool { !matches!(value, Value::Bool(false) | Value::Nil) }
[0m[31m-fn binary<F>(stack: &mut Vec<Value>, function: &str, operation: F) -> Result<(), VmError> where F: FnOnce(Value, Value) -> Result<Value, VmError> {
[0m[31m-    let right = pop(stack, function)?; let left = pop(stack, function)?; stack.push(operation(left, right)?); Ok(())
[0m[32m+fn truthy(value: &Value) -> bool {
[0m[32m+    !matches!(value, Value::Bool(false) | Value::Nil)
[0m }
[31m-fn compare<F>(stack: &mut Vec<Value>, function: &str, operation: F) -> Result<(), VmError> where F: FnOnce(&Value, &Value) -> bool {
[0m[31m-    let right = pop(stack, function)?; let left = pop(stack, function)?; stack.push(Value::Bool(operation(&left, &right))); Ok(())
[0m[32m+fn binary<F>(stack: &mut Vec<Value>, function: &str, operation: F) -> Result<(), VmError>
[0m[32m+where
[0m[32m+    F: FnOnce(Value, Value) -> Result<Value, VmError>,
[0m[32m+{
[0m[32m+    let right = pop(stack, function)?;
[0m[32m+    let left = pop(stack, function)?;
[0m[32m+    stack.push(operation(left, right)?);
[0m[32m+    Ok(())
[0m }
[31m-fn ordered<F>(stack: &mut Vec<Value>, function: &str, operation: F) -> Result<(), VmError> where F: FnOnce(f64, f64) -> bool {
[0m[31m-    let right = pop(stack, function)?; let left = pop(stack, function)?;
[0m[31m-    let (a, b) = match (left, right) { (Value::Int(a), Value::Int(b)) => (a as f64, b as f64), (Value::Float(a), Value::Float(b)) => (a, b), _ => return Err(VmError::Type("ordered comparison requires matching numbers".into())) };
[0m[31m-    stack.push(Value::Bool(operation(a, b))); Ok(())
[0m[32m+fn compare<F>(stack: &mut Vec<Value>, function: &str, operation: F) -> Result<(), VmError>
[0m[32m+where
[0m[32m+    F: FnOnce(&Value, &Value) -> bool,
[0m[32m+{
[0m[32m+    let right = pop(stack, function)?;
[0m[32m+    let left = pop(stack, function)?;
[0m[32m+    stack.push(Value::Bool(operation(&left, &right)));
[0m[32m+    Ok(())
[0m }
[31m-fn integer_binary<F>(stack: &mut Vec<Value>, function: &str, operation: F) -> Result<(), VmError> where F: FnOnce(i64, i64) -> i64 {
[0m[31m-    binary(stack, function, |a, b| match (a, b) { (Value::Int(a), Value::Int(b)) => Ok(Value::Int(operation(a, b))), _ => Err(VmError::Type("bitwise operation requires integers".into())) })
[0m[32m+fn ordered<F>(stack: &mut Vec<Value>, function: &str, operation: F) -> Result<(), VmError>
[0m[32m+where
[0m[32m+    F: FnOnce(f64, f64) -> bool,
[0m[32m+{
[0m[32m+    let right = pop(stack, function)?;
[0m[32m+    let left = pop(stack, function)?;
[0m[32m+    let (a, b) = match (left, right) {
[0m[32m+        (Value::Int(a), Value::Int(b)) => (a as f64, b as f64),
[0m[32m+        (Value::Float(a), Value::Float(b)) => (a, b),
[0m[32m+        _ => {
[0m[32m+            return Err(VmError::Type(
[0m[32m+                "ordered comparison requires matching numbers".into(),
[0m[32m+            ))
[0m[32m+        }
[0m[32m+    };
[0m[32m+    stack.push(Value::Bool(operation(a, b)));
[0m[32m+    Ok(())
[0m }
[31m-fn add(a: Value, b: Value) -> Result<Value, VmError> { match (a, b) { (Value::Int(a), Value::Int(b)) => Ok(Value::Int(a.checked_add(b).ok_or(VmError::Overflow)?)), (Value::Float(a), Value::Float(b)) => Ok(Value::Float(a + b)), (Value::Str(a), Value::Str(b)) => Ok(Value::Str(a + &b)), _ => Err(VmError::Type("addition requires matching numbers or strings".into())) } }
[0m[31m-fn sub(a: Value, b: Value) -> Result<Value, VmError> { match (a, b) { (Value::Int(a), Value::Int(b)) => Ok(Value::Int(a.checked_sub(b).ok_or(VmError::Overflow)?)), (Value::Float(a), Value::Float(b)) => Ok(Value::Float(a - b)), _ => Err(VmError::Type("subtraction requires matching numbers".into())) } }
[0m[31m-fn mul(a: Value, b: Value) -> Result<Value, VmError> { match (a, b) { (Value::Int(a), Value::Int(b)) => Ok(Value::Int(a.checked_mul(b).ok_or(VmError::Overflow)?)), (Value::Float(a), Value::Float(b)) => Ok(Value::Float(a * b)), _ => Err(VmError::Type("multiplication requires matching numbers".into())) } }
[0m[31m-fn div(a: Value, b: Value) -> Result<Value, VmError> { match (a, b) { (_, Value::Int(0)) => Err(VmError::DivisionByZero), (_, Value::Float(0.0)) => Err(VmError::DivisionByZero), (Value::Int(a), Value::Int(b)) => Ok(Value::Int(a.checked_div(b).ok_or(VmError::Overflow)?)), (Value::Float(a), Value::Float(b)) => Ok(Value::Float(a / b)), _ => Err(VmError::Type("division requires matching numbers".into())) } }
[0m[31m-fn modulo(a: Value, b: Value) -> Result<Value, VmError> { match (a, b) { (_, Value::Int(0)) => Err(VmError::DivisionByZero), (Value::Int(a), Value::Int(b)) => Ok(Value::Int(a.checked_rem(b).ok_or(VmError::Overflow)?)), _ => Err(VmError::Type("modulo requires integers".into())) } }
[0m[32m+fn integer_binary<F>(stack: &mut Vec<Value>, function: &str, operation: F) -> Result<(), VmError>
[0m[32m+where
[0m[32m+    F: FnOnce(i64, i64) -> i64,
[0m[32m+{
[0m[32m+    binary(stack, function, |a, b| match (a, b) {
[0m[32m+        (Value::Int(a), Value::Int(b)) => Ok(Value::Int(operation(a, b))),
[0m[32m+        _ => Err(VmError::Type("bitwise operation requires integers".into())),
[0m[32m+    })
[0m[32m+}
[0m[32m+fn add(a: Value, b: Value) -> Result<Value, VmError> {
[0m[32m+    match (a, b) {
[0m[32m+        (Value::Int(a), Value::Int(b)) => {
[0m[32m+            Ok(Value::Int(a.checked_add(b).ok_or(VmError::Overflow)?))
[0m[32m+        }
[0m[32m+        (Value::Float(a), Value::Float(b)) => Ok(Value::Float(a + b)),
[0m[32m+        (Value::Str(a), Value::Str(b)) => Ok(Value::Str(a + &b)),
[0m[32m+        _ => Err(VmError::Type(
[0m[32m+            "addition requires matching numbers or strings".into(),
[0m[32m+        )),
[0m[32m+    }
[0m[32m+}
[0m[32m+fn sub(a: Value, b: Value) -> Result<Value, VmError> {
[0m[32m+    match (a, b) {
[0m[32m+        (Value::Int(a), Value::Int(b)) => {
[0m[32m+            Ok(Value::Int(a.checked_sub(b).ok_or(VmError::Overflow)?))
[0m[32m+        }
[0m[32m+        (Value::Float(a), Value::Float(b)) => Ok(Value::Float(a - b)),
[0m[32m+        _ => Err(VmError::Type(
[0m[32m+            "subtraction requires matching numbers".into(),
[0m[32m+        )),
[0m[32m+    }
[0m[32m+}
[0m[32m+fn mul(a: Value, b: Value) -> Result<Value, VmError> {
[0m[32m+    match (a, b) {
[0m[32m+        (Value::Int(a), Value::Int(b)) => {
[0m[32m+            Ok(Value::Int(a.checked_mul(b).ok_or(VmError::Overflow)?))
[0m[32m+        }
[0m[32m+        (Value::Float(a), Value::Float(b)) => Ok(Value::Float(a * b)),
[0m[32m+        _ => Err(VmError::Type(
[0m[32m+            "multiplication requires matching numbers".into(),
[0m[32m+        )),
[0m[32m+    }
[0m[32m+}
[0m[32m+fn div(a: Value, b: Value) -> Result<Value, VmError> {
[0m[32m+    match (a, b) {
[0m[32m+        (_, Value::Int(0)) => Err(VmError::DivisionByZero),
[0m[32m+        (_, Value::Float(0.0)) => Err(VmError::DivisionByZero),
[0m[32m+        (Value::Int(a), Value::Int(b)) => {
[0m[32m+            Ok(Value::Int(a.checked_div(b).ok_or(VmError::Overflow)?))
[0m[32m+        }
[0m[32m+        (Value::Float(a), Value::Float(b)) => Ok(Value::Float(a / b)),
[0m[32m+        _ => Err(VmError::Type("division requires matching numbers".into())),
[0m[32m+    }
[0m[32m+}
[0m[32m+fn modulo(a: Value, b: Value) -> Result<Value, VmError> {
[0m[32m+    match (a, b) {
[0m[32m+        (_, Value::Int(0)) => Err(VmError::DivisionByZero),
[0m[32m+        (Value::Int(a), Value::Int(b)) => {
[0m[32m+            Ok(Value::Int(a.checked_rem(b).ok_or(VmError::Overflow)?))
[0m[32m+        }
[0m[32m+        _ => Err(VmError::Type("modulo requires integers".into())),
[0m[32m+    }
[0m[32m+}
[0m fn make_range(args: Vec<Value>) -> Result<Value, VmError> {
[31m-    let [Value::Int(start), Value::Int(end), Value::Bool(inclusive)] = args.as_slice() else { return Err(VmError::Type("range requires two integers".into())); };
[0m[31m-    let stop = if *inclusive { end.checked_add(1).ok_or(VmError::Overflow)? } else { *end };
[0m[32m+    let [Value::Int(start), Value::Int(end), Value::Bool(inclusive)] = args.as_slice() else {
[0m[32m+        return Err(VmError::Type("range requires two integers".into()));
[0m[32m+    };
[0m[32m+    let stop = if *inclusive {
[0m[32m+        end.checked_add(1).ok_or(VmError::Overflow)?
[0m[32m+    } else {
[0m[32m+        *end
[0m[32m+    };
[0m     let length = stop.saturating_sub(*start);
[31m-    if length > 1_000_000 { return Err(VmError::Type("range exceeds the one-million element safety limit".into())); }
[0m[31m-    let values = if start <= &stop { (*start..stop).map(Value::Int).collect() } else { Vec::new() };
[0m[32m+    if length > 1_000_000 {
[0m[32m+        return Err(VmError::Type(
[0m[32m+            "range exceeds the one-million element safety limit".into(),
[0m[32m+        ));
[0m[32m+    }
[0m[32m+    let values = if start <= &stop {
[0m[32m+        (*start..stop).map(Value::Int).collect()
[0m[32m+    } else {
[0m[32m+        Vec::new()
[0m[32m+    };
[0m     Ok(Value::Array(values))
 }
 
Diff in /data/data/com.termux/files/home/titan/crates/titan_vm/src/lib.rs:280:
     use titan_parser::Parser;
 
     fn run(source: &str) -> Result<Value, String> {
[31m-        let mut lexer = Lexer::new(source); let tokens = lexer.tokenize().0.to_vec();
[0m[31m-        let program = Parser::new(tokens).parse_program().map_err(|e| e.to_string())?;
[0m[31m-        let module = AstCompiler::new().compile_program(&program).map_err(|e| e.to_string())?;
[0m[31m-        Vm::new(module).run().map_err(|e| e.to_string()).map(|v| v.unwrap())
[0m[32m+        let mut lexer = Lexer::new(source);
[0m[32m+        let tokens = lexer.tokenize().0.to_vec();
[0m[32m+        let program = Parser::new(tokens)
[0m[32m+            .parse_program()
[0m[32m+            .map_err(|e| e.to_string())?;
[0m[32m+        let module = AstCompiler::new()
[0m[32m+            .compile_program(&program)
[0m[32m+            .map_err(|e| e.to_string())?;
[0m[32m+        Vm::new(module)
[0m[32m+            .run()
[0m[32m+            .map_err(|e| e.to_string())
[0m[32m+            .map(|v| v.unwrap())
[0m     }
[31m-    #[test] fn arithmetic_returns_value() { assert_eq!(run("fn main() { 40 + 2 }").unwrap(), Value::Int(42)); }
[0m[31m-    #[test] fn recursion_works() { assert_eq!(run("fn fact(n: int) -> int { if n <= 1 { return 1 } n * fact(n-1) } fn main() { fact(5) }").unwrap(), Value::Int(120)); }
[0m[31m-    #[test] fn loops_and_ranges_work() { assert_eq!(run("fn main() { let x = 0 for i in 0..5 { x += i } x }").unwrap(), Value::Int(10)); }
[0m[31m-    #[test] fn structs_work() { assert_eq!(run("struct Point { x: int, y: int } fn main() { let p = Point { x: 2, y: 3 } p.x + p.y }").unwrap(), Value::Int(5)); }
[0m[31m-    #[test] fn enum_matching_works() { assert_eq!(run("enum Maybe { None, Some(int) } fn main() { let x = Maybe::Some(7) match x { Maybe::Some(n) => n, Maybe::None => 0 } }").unwrap(), Value::Int(7)); }
[0m[31m-    #[test] fn native_text_and_encoding_work() { assert_eq!(run("fn main() { std::text::reverse(\"Titan\") }").unwrap(), Value::Str("natiT".into())); assert_eq!(run("fn main() { std::encoding::utf8_decode(std::encoding::base64_decode(\"VGl0YW4=\")) }").unwrap(), Value::Str("Titan".into())); }
[0m[31m-    #[test] fn native_json_maps_support_fields() { assert_eq!(run(r#"fn main() { std::json::parse("{\"answer\":42}").answer }"#).unwrap(), Value::Int(42)); }
[0m[31m-    #[test] fn interpolation_concatenates_every_segment() { assert_eq!(run("fn double(x: int) -> int { x * 2 } fn main() { let i = 3 \"value({i}) = {double(i)}!\" }").unwrap(), Value::Str("value(3) = 6!".into())); }
[0m[31m-    #[test] fn native_generic_arrays_accept_concrete_elements() { assert_eq!(run("fn main() { std::stats::mean([10, 20, 30, 40]) }").unwrap(), Value::Float(25.0)); }
[0m[31m-    #[test] fn closures_capture_lexical_values() { assert_eq!(run("fn main() { let base = 10 let add = |value: int| -> int value + base add(5) }").unwrap(), Value::Int(15)); }
[0m[31m-    #[test] fn named_functions_are_first_class() { assert_eq!(run("fn double(x: int) -> int { x * 2 } fn main() { let operation = double operation(21) }").unwrap(), Value::Int(42)); }
[0m[31m-    #[test] fn functional_array_pipeline_works() { assert_eq!(run("fn main() { [1, 2, 3, 4].map(|x: int| x * 2).filter(|x: int| x > 4).fold(0, |sum: int, x: int| sum + x) }").unwrap(), Value::Int(14)); }
[0m[31m-    #[test] fn try_unwraps_success_and_propagates_failure() {
[0m[32m+    #[test]
[0m[32m+    fn arithmetic_returns_value() {
[0m[32m+        assert_eq!(run("fn main() { 40 + 2 }").unwrap(), Value::Int(42));
[0m[32m+    }
[0m[32m+    #[test]
[0m[32m+    fn recursion_works() {
[0m[32m+        assert_eq!(run("fn fact(n: int) -> int { if n <= 1 { return 1 } n * fact(n-1) } fn main() { fact(5) }").unwrap(), Value::Int(120));
[0m[32m+    }
[0m[32m+    #[test]
[0m[32m+    fn loops_and_ranges_work() {
[0m[32m+        assert_eq!(
[0m[32m+            run("fn main() { let x = 0 for i in 0..5 { x += i } x }").unwrap(),
[0m[32m+            Value::Int(10)
[0m[32m+        );
[0m[32m+    }
[0m[32m+    #[test]
[0m[32m+    fn structs_work() {
[0m[32m+        assert_eq!(run("struct Point { x: int, y: int } fn main() { let p = Point { x: 2, y: 3 } p.x + p.y }").unwrap(), Value::Int(5));
[0m[32m+    }
[0m[32m+    #[test]
[0m[32m+    fn enum_matching_works() {
[0m[32m+        assert_eq!(run("enum Maybe { None, Some(int) } fn main() { let x = Maybe::Some(7) match x { Maybe::Some(n) => n, Maybe::None => 0 } }").unwrap(), Value::Int(7));
[0m[32m+    }
[0m[32m+    #[test]
[0m[32m+    fn native_text_and_encoding_work() {
[0m[32m+        assert_eq!(
[0m[32m+            run("fn main() { std::text::reverse(\"Titan\") }").unwrap(),
[0m[32m+            Value::Str("natiT".into())
[0m[32m+        );
[0m[32m+        assert_eq!(run("fn main() { std::encoding::utf8_decode(std::encoding::base64_decode(\"VGl0YW4=\")) }").unwrap(), Value::Str("Titan".into()));
[0m[32m+    }
[0m[32m+    #[test]
[0m[32m+    fn native_json_maps_support_fields() {
[0m[32m+        assert_eq!(
[0m[32m+            run(r#"fn main() { std::json::parse("{\"answer\":42}").answer }"#).unwrap(),
[0m[32m+            Value::Int(42)
[0m[32m+        );
[0m[32m+    }
[0m[32m+    #[test]
[0m[32m+    fn interpolation_concatenates_every_segment() {
[0m[32m+        assert_eq!(run("fn double(x: int) -> int { x * 2 } fn main() { let i = 3 \"value({i}) = {double(i)}!\" }").unwrap(), Value::Str("value(3) = 6!".into()));
[0m[32m+    }
[0m[32m+    #[test]
[0m[32m+    fn native_generic_arrays_accept_concrete_elements() {
[0m[32m+        assert_eq!(
[0m[32m+            run("fn main() { std::stats::mean([10, 20, 30, 40]) }").unwrap(),
[0m[32m+            Value::Float(25.0)
[0m[32m+        );
[0m[32m+    }
[0m[32m+    #[test]
[0m[32m+    fn closures_capture_lexical_values() {
[0m[32m+        assert_eq!(
[0m[32m+            run("fn main() { let base = 10 let add = |value: int| -> int value + base add(5) }")
[0m[32m+                .unwrap(),
[0m[32m+            Value::Int(15)
[0m[32m+        );
[0m[32m+    }
[0m[32m+    #[test]
[0m[32m+    fn named_functions_are_first_class() {
[0m[32m+        assert_eq!(run("fn double(x: int) -> int { x * 2 } fn main() { let operation = double operation(21) }").unwrap(), Value::Int(42));
[0m[32m+    }
[0m[32m+    #[test]
[0m[32m+    fn functional_array_pipeline_works() {
[0m[32m+        assert_eq!(run("fn main() { [1, 2, 3, 4].map(|x: int| x * 2).filter(|x: int| x > 4).fold(0, |sum: int, x: int| sum + x) }").unwrap(), Value::Int(14));
[0m[32m+    }
[0m[32m+    #[test]
[0m[32m+    fn try_unwraps_success_and_propagates_failure() {
[0m         assert_eq!(run("fn answer() -> Result { let value = Result::Ok(41)? Result::Ok(value + 1) } fn main() { match answer() { Result::Ok(value) => value, Result::Err(error) => 0 } }").unwrap(), Value::Int(42));
         assert_eq!(run("fn answer() -> Result { let value = Result::Err(\"no\")? Result::Ok(value) } fn main() { match answer() { Result::Ok(value) => 0, Result::Err(error) => 7 } }").unwrap(), Value::Int(7));
     }
Diff in /data/data/com.termux/files/home/titan/crates/titan_vm/src/lib.rs:304:
[31m-    #[test] fn sandbox_blocks_effectful_natives() {
[0m[31m-        let source = "fn main() { std::fs::read_text(\"secret\") }"; let mut lexer = Lexer::new(source); let tokens = lexer.tokenize().0.to_vec();
[0m[31m-        let program = Parser::new(tokens).parse_program().unwrap(); let module = AstCompiler::new().compile_program(&program).unwrap();
[0m[31m-        assert!(matches!(Vm::sandboxed(module).run(), Err(VmError::PermissionDenied { .. })));
[0m[32m+    #[test]
[0m[32m+    fn sandbox_blocks_effectful_natives() {
[0m[32m+        let source = "fn main() { std::fs::read_text(\"secret\") }";
[0m[32m+        let mut lexer = Lexer::new(source);
[0m[32m+        let tokens = lexer.tokenize().0.to_vec();
[0m[32m+        let program = Parser::new(tokens).parse_program().unwrap();
[0m[32m+        let module = AstCompiler::new().compile_program(&program).unwrap();
[0m[32m+        assert!(matches!(
[0m[32m+            Vm::sandboxed(module).run(),
[0m[32m+            Err(VmError::PermissionDenied { .. })
[0m[32m+        ));
[0m     }
[31m-    #[test] fn runtime_errors_are_reported() { assert!(run("fn main() { 1 / 0 }").is_err()); }
[0m[32m+    #[test]
[0m[32m+    fn runtime_errors_are_reported() {
[0m[32m+        assert!(run("fn main() { 1 / 0 }").is_err());
[0m[32m+    }
[0m }
 
Diff in /data/data/com.termux/files/home/titan/crates/titan_vm/src/native.rs:1:
[32m+use crate::{val_to_string, RuntimeCapabilities, Value, VmError};
[0m use std::collections::BTreeMap;
 use std::time::Duration;
 use titan_stdlib::{self as stdlib, native::Capability};
Diff in /data/data/com.termux/files/home/titan/crates/titan_vm/src/native.rs:4:
[31m-use crate::{RuntimeCapabilities, Value, VmError, val_to_string};
[0m 
[31m-pub fn invoke(name: &str, args: Vec<Value>, capabilities: RuntimeCapabilities) -> Result<Value, VmError> {
[0m[31m-    let signature = stdlib::native::lookup(name).ok_or_else(|| failure(name, "function is not registered"))?;
[0m[31m-    if args.len() != signature.params.len() { return Err(failure(name, &format!("expected {} arguments, found {}", signature.params.len(), args.len()))); }
[0m[32m+pub fn invoke(
[0m[32m+    name: &str,
[0m[32m+    args: Vec<Value>,
[0m[32m+    capabilities: RuntimeCapabilities,
[0m[32m+) -> Result<Value, VmError> {
[0m[32m+    let signature =
[0m[32m+        stdlib::native::lookup(name).ok_or_else(|| failure(name, "function is not registered"))?;
[0m[32m+    if args.len() != signature.params.len() {
[0m[32m+        return Err(failure(
[0m[32m+            name,
[0m[32m+            &format!(
[0m[32m+                "expected {} arguments, found {}",
[0m[32m+                signature.params.len(),
[0m[32m+                args.len()
[0m[32m+            ),
[0m[32m+        ));
[0m[32m+    }
[0m     require_capability(name, signature.capability, capabilities)?;
     dispatch(name, args).map_err(|message| failure(name, &message))
 }
Diff in /data/data/com.termux/files/home/titan/crates/titan_vm/src/native.rs:12:
 
 fn dispatch(name: &str, mut args: Vec<Value>) -> Result<Value, String> {
[31m-    macro_rules! take { () => { args.remove(0) }; }
[0m[31m-    macro_rules! string { () => { expect_string(take!())? }; }
[0m[31m-    macro_rules! bytes { () => { expect_bytes(take!())? }; }
[0m[31m-    macro_rules! int { () => { expect_int(take!())? }; }
[0m[31m-    macro_rules! float { () => { expect_float(take!())? }; }
[0m[31m-    macro_rules! array { () => { expect_array(take!())? }; }
[0m[32m+    macro_rules! take {
[0m[32m+        () => {
[0m[32m+            args.remove(0)
[0m[32m+        };
[0m[32m+    }
[0m[32m+    macro_rules! string {
[0m[32m+        () => {
[0m[32m+            expect_string(take!())?
[0m[32m+        };
[0m[32m+    }
[0m[32m+    macro_rules! bytes {
[0m[32m+        () => {
[0m[32m+            expect_bytes(take!())?
[0m[32m+        };
[0m[32m+    }
[0m[32m+    macro_rules! int {
[0m[32m+        () => {
[0m[32m+            expect_int(take!())?
[0m[32m+        };
[0m[32m+    }
[0m[32m+    macro_rules! float {
[0m[32m+        () => {
[0m[32m+            expect_float(take!())?
[0m[32m+        };
[0m[32m+    }
[0m[32m+    macro_rules! array {
[0m[32m+        () => {
[0m[32m+            expect_array(take!())?
[0m[32m+        };
[0m[32m+    }
[0m     Ok(match name {
         "std::text::length" => Value::Int(to_i64(stdlib::text::length(&string!()))?),
         "std::text::reverse" => Value::Str(stdlib::text::reverse(&string!())),
Diff in /data/data/com.termux/files/home/titan/crates/titan_vm/src/native.rs:26:
         "std::text::capitalize" => Value::Str(stdlib::text::capitalize(&string!())),
         "std::text::escape_html" => Value::Str(stdlib::text::escape_html(&string!())),
         "std::text::slugify" => Value::Str(stdlib::text::slugify(&string!())),
[31m-        "std::text::levenshtein" => { let a = string!(); let b = string!(); Value::Int(to_i64(stdlib::text::levenshtein(&a, &b))?) }
[0m[31m-        "std::text::contains" => { let text = string!(); Value::Bool(text.contains(&string!())) }
[0m[31m-        "std::text::starts_with" => { let text = string!(); Value::Bool(text.starts_with(&string!())) }
[0m[31m-        "std::text::ends_with" => { let text = string!(); Value::Bool(text.ends_with(&string!())) }
[0m[31m-        "std::text::replace" => { let text = string!(); let from = string!(); Value::Str(text.replace(&from, &string!())) }
[0m[31m-        "std::text::truncate" => { let text = string!(); let max = nonnegative(int!())?; Value::Str(stdlib::text::truncate(&text, max, &string!())) }
[0m[31m-        "std::text::words" => Value::Array(string!().split_whitespace().map(|v| Value::Str(v.into())).collect()),
[0m[31m-        "std::text::lines" => Value::Array(string!().lines().map(|v| Value::Str(v.into())).collect()),
[0m[32m+        "std::text::levenshtein" => {
[0m[32m+            let a = string!();
[0m[32m+            let b = string!();
[0m[32m+            Value::Int(to_i64(stdlib::text::levenshtein(&a, &b))?)
[0m[32m+        }
[0m[32m+        "std::text::contains" => {
[0m[32m+            let text = string!();
[0m[32m+            Value::Bool(text.contains(&string!()))
[0m[32m+        }
[0m[32m+        "std::text::starts_with" => {
[0m[32m+            let text = string!();
[0m[32m+            Value::Bool(text.starts_with(&string!()))
[0m[32m+        }
[0m[32m+        "std::text::ends_with" => {
[0m[32m+            let text = string!();
[0m[32m+            Value::Bool(text.ends_with(&string!()))
[0m[32m+        }
[0m[32m+        "std::text::replace" => {
[0m[32m+            let text = string!();
[0m[32m+            let from = string!();
[0m[32m+            Value::Str(text.replace(&from, &string!()))
[0m[32m+        }
[0m[32m+        "std::text::truncate" => {
[0m[32m+            let text = string!();
[0m[32m+            let max = nonnegative(int!())?;
[0m[32m+            Value::Str(stdlib::text::truncate(&text, max, &string!()))
[0m[32m+        }
[0m[32m+        "std::text::words" => Value::Array(
[0m[32m+            string!()
[0m[32m+                .split_whitespace()
[0m[32m+                .map(|v| Value::Str(v.into()))
[0m[32m+                .collect(),
[0m[32m+        ),
[0m[32m+        "std::text::lines" => {
[0m[32m+            Value::Array(string!().lines().map(|v| Value::Str(v.into())).collect())
[0m[32m+        }
[0m 
         "std::encoding::hex_encode" => Value::Str(stdlib::encoding::hex_encode(&bytes!())),
[31m-        "std::encoding::hex_decode" => Value::Bytes(stdlib::encoding::hex_decode(&string!()).map_err(error)?),
[0m[32m+        "std::encoding::hex_decode" => {
[0m[32m+            Value::Bytes(stdlib::encoding::hex_decode(&string!()).map_err(error)?)
[0m[32m+        }
[0m         "std::encoding::base64_encode" => Value::Str(stdlib::encoding::base64_encode(&bytes!())),
[31m-        "std::encoding::base64_decode" => Value::Bytes(stdlib::encoding::base64_decode(&string!()).map_err(error)?),
[0m[32m+        "std::encoding::base64_decode" => {
[0m[32m+            Value::Bytes(stdlib::encoding::base64_decode(&string!()).map_err(error)?)
[0m[32m+        }
[0m         "std::encoding::percent_encode" => Value::Str(stdlib::encoding::percent_encode(&string!())),
[31m-        "std::encoding::percent_decode" => Value::Str(stdlib::encoding::percent_decode(&string!()).map_err(error)?),
[0m[32m+        "std::encoding::percent_decode" => {
[0m[32m+            Value::Str(stdlib::encoding::percent_decode(&string!()).map_err(error)?)
[0m[32m+        }
[0m         "std::encoding::utf8_encode" => Value::Bytes(string!().into_bytes()),
         "std::encoding::utf8_decode" => Value::Str(String::from_utf8(bytes!()).map_err(error)?),
 
Diff in /data/data/com.termux/files/home/titan/crates/titan_vm/src/native.rs:47:
         "std::checksum::fnv1a64" => Value::Int(stdlib::checksum::fnv1a_64(&bytes!()) as i64),
         "std::checksum::crc32" => Value::Int(i64::from(stdlib::checksum::crc32(&bytes!()))),
[31m-        "std::checksum::constant_time_eq" => { let a = bytes!(); Value::Bool(stdlib::checksum::constant_time_eq(&a, &bytes!())) }
[0m[31m-        "std::bytes::from_array" => Value::Bytes(array!().into_iter().map(|value| { let value = expect_int(value)?; u8::try_from(value).map_err(|_| "byte values must be between 0 and 255".into()) }).collect::<Result<Vec<_>, String>>()?),
[0m[31m-        "std::bytes::to_array" => Value::Array(bytes!().into_iter().map(|value| Value::Int(i64::from(value))).collect()),
[0m[32m+        "std::checksum::constant_time_eq" => {
[0m[32m+            let a = bytes!();
[0m[32m+            Value::Bool(stdlib::checksum::constant_time_eq(&a, &bytes!()))
[0m[32m+        }
[0m[32m+        "std::bytes::from_array" => Value::Bytes(
[0m[32m+            array!()
[0m[32m+                .into_iter()
[0m[32m+                .map(|value| {
[0m[32m+                    let value = expect_int(value)?;
[0m[32m+                    u8::try_from(value).map_err(|_| "byte values must be between 0 and 255".into())
[0m[32m+                })
[0m[32m+                .collect::<Result<Vec<_>, String>>()?,
[0m[32m+        ),
[0m[32m+        "std::bytes::to_array" => Value::Array(
[0m[32m+            bytes!()
[0m[32m+                .into_iter()
[0m[32m+                .map(|value| Value::Int(i64::from(value)))
[0m[32m+                .collect(),
[0m[32m+        ),
[0m         "std::bytes::length" => Value::Int(to_i64(bytes!().len())?),
[31m-        "std::bytes::concat" => { let mut left = bytes!(); left.extend(bytes!()); Value::Bytes(left) }
[0m[31m-        "std::bytes::slice" => { let values = bytes!(); let start = nonnegative(int!())?; let end = nonnegative(int!())?; if start > end || end > values.len() { return Err("invalid byte slice bounds".into()); } Value::Bytes(values[start..end].to_vec()) }
[0m[31m-        "std::bytes::read_u32_le" => { let values = bytes!(); let offset = nonnegative(int!())?; let end = offset.checked_add(4).ok_or("byte offset overflow")?; let data: [u8; 4] = values.get(offset..end).ok_or("not enough bytes for u32")?.try_into().map_err(|_| "not enough bytes for u32")?; Value::Int(i64::from(u32::from_le_bytes(data))) }
[0m[31m-        "std::bytes::write_u32_le" => { let value = u32::try_from(int!()).map_err(|_| "u32 value out of range")?; Value::Bytes(value.to_le_bytes().to_vec()) }
[0m[32m+        "std::bytes::concat" => {
[0m[32m+            let mut left = bytes!();
[0m[32m+            left.extend(bytes!());
[0m[32m+            Value::Bytes(left)
[0m[32m+        }
[0m[32m+        "std::bytes::slice" => {
[0m[32m+            let values = bytes!();
[0m[32m+            let start = nonnegative(int!())?;
[0m[32m+            let end = nonnegative(int!())?;
[0m[32m+            if start > end || end > values.len() {
[0m[32m+                return Err("invalid byte slice bounds".into());
[0m[32m+            }
[0m[32m+            Value::Bytes(values[start..end].to_vec())
[0m[32m+        }
[0m[32m+        "std::bytes::read_u32_le" => {
[0m[32m+            let values = bytes!();
[0m[32m+            let offset = nonnegative(int!())?;
[0m[32m+            let end = offset.checked_add(4).ok_or("byte offset overflow")?;
[0m[32m+            let data: [u8; 4] = values
[0m[32m+                .get(offset..end)
[0m[32m+                .ok_or("not enough bytes for u32")?
[0m[32m+                .try_into()
[0m[32m+                .map_err(|_| "not enough bytes for u32")?;
[0m[32m+            Value::Int(i64::from(u32::from_le_bytes(data)))
[0m[32m+        }
[0m[32m+        "std::bytes::write_u32_le" => {
[0m[32m+            let value = u32::try_from(int!()).map_err(|_| "u32 value out of range")?;
[0m[32m+            Value::Bytes(value.to_le_bytes().to_vec())
[0m[32m+        }
[0m 
[31m-        "std::csv::parse" => Value::Array(stdlib::csv::parse(&string!()).map_err(error)?.into_iter().map(|row| Value::Array(row.into_iter().map(Value::Str).collect())).collect()),
[0m[31m-        "std::csv::serialize" => { let rows = array!().into_iter().map(expect_string_array).collect::<Result<Vec<_>, _>>()?; Value::Str(stdlib::csv::serialize(&rows)) }
[0m[32m+        "std::csv::parse" => Value::Array(
[0m[32m+            stdlib::csv::parse(&string!())
[0m[32m+                .map_err(error)?
[0m[32m+                .into_iter()
[0m[32m+                .map(|row| Value::Array(row.into_iter().map(Value::Str).collect()))
[0m[32m+                .collect(),
[0m[32m+        ),
[0m[32m+        "std::csv::serialize" => {
[0m[32m+            let rows = array!()
[0m[32m+                .into_iter()
[0m[32m+                .map(expect_string_array)
[0m[32m+                .collect::<Result<Vec<_>, _>>()?;
[0m[32m+            Value::Str(stdlib::csv::serialize(&rows))
[0m[32m+        }
[0m         "std::json::parse" => from_json(stdlib::json::parse(&string!()).map_err(error)?)?,
         "std::json::stringify" => Value::Str(stdlib::json::stringify(&to_json(take!())?)),
[31m-        "std::json::pretty" => Value::Str(stdlib::json::stringify_pretty(&to_json(take!())?).map_err(error)?),
[0m[31m-        "std::json::pointer" => { let value = to_json(take!())?; let pointer = string!(); value.pointer(&pointer).cloned().map(from_json).transpose()?.unwrap_or(Value::Nil) }
[0m[31m-        "std::json::merge" => { let mut target = to_json(take!())?; let patch = to_json(take!())?; stdlib::json::merge(&mut target, patch); from_json(target)? }
[0m[31m-        "std::json::flatten" => Value::Array(stdlib::json::flatten(&to_json(take!())?).into_iter().map(|(path, value)| Ok(Value::Tuple(vec![Value::Str(path), from_json(value)?]))).collect::<Result<Vec<_>, String>>()?),
[0m[32m+        "std::json::pretty" => {
[0m[32m+            Value::Str(stdlib::json::stringify_pretty(&to_json(take!())?).map_err(error)?)
[0m[32m+        }
[0m[32m+        "std::json::pointer" => {
[0m[32m+            let value = to_json(take!())?;
[0m[32m+            let pointer = string!();
[0m[32m+            value
[0m[32m+                .pointer(&pointer)
[0m[32m+                .cloned()
[0m[32m+                .map(from_json)
[0m[32m+                .transpose()?
[0m[32m+                .unwrap_or(Value::Nil)
[0m[32m+        }
[0m[32m+        "std::json::merge" => {
[0m[32m+            let mut target = to_json(take!())?;
[0m[32m+            let patch = to_json(take!())?;
[0m[32m+            stdlib::json::merge(&mut target, patch);
[0m[32m+            from_json(target)?
[0m[32m+        }
[0m[32m+        "std::json::flatten" => Value::Array(
[0m[32m+            stdlib::json::flatten(&to_json(take!())?)
[0m[32m+                .into_iter()
[0m[32m+                .map(|(path, value)| Ok(Value::Tuple(vec![Value::Str(path), from_json(value)?])))
[0m[32m+                .collect::<Result<Vec<_>, String>>()?,
[0m[32m+        ),
[0m 
         "std::collections::length" => Value::Int(to_i64(value_length(&take!())?)?),
[31m-        "std::collections::contains" => { let values = array!(); Value::Bool(values.contains(&take!())) }
[0m[31m-        "std::collections::reverse" => { let mut values = array!(); values.reverse(); Value::Array(values) }
[0m[31m-        "std::collections::deduplicate" => { let mut output = Vec::new(); for value in array!() { if !output.contains(&value) { output.push(value); } } Value::Array(output) }
[0m[31m-        "std::collections::join" => { let values = array!(); let separator = string!(); Value::Str(values.iter().map(val_to_string).collect::<Vec<_>>().join(&separator)) }
[0m[31m-        "std::collections::chunk" => { let values = array!(); let size = nonnegative(int!())?; if size == 0 { return Err("chunk size must be positive".into()); } Value::Array(values.chunks(size).map(|part| Value::Array(part.to_vec())).collect()) }
[0m[31m-        "std::map::keys" => Value::Array(expect_map(take!())?.into_keys().map(Value::Str).collect()),
[0m[32m+        "std::collections::contains" => {
[0m[32m+            let values = array!();
[0m[32m+            Value::Bool(values.contains(&take!()))
[0m[32m+        }
[0m[32m+        "std::collections::reverse" => {
[0m[32m+            let mut values = array!();
[0m[32m+            values.reverse();
[0m[32m+            Value::Array(values)
[0m[32m+        }
[0m[32m+        "std::collections::deduplicate" => {
[0m[32m+            let mut output = Vec::new();
[0m[32m+            for value in array!() {
[0m[32m+                if !output.contains(&value) {
[0m[32m+                    output.push(value);
[0m[32m+                }
[0m[32m+            }
[0m[32m+            Value::Array(output)
[0m[32m+        }
[0m[32m+        "std::collections::join" => {
[0m[32m+            let values = array!();
[0m[32m+            let separator = string!();
[0m[32m+            Value::Str(
[0m[32m+                values
[0m[32m+                    .iter()
[0m[32m+                    .map(val_to_string)
[0m[32m+                    .collect::<Vec<_>>()
[0m[32m+                    .join(&separator),
[0m[32m+            )
[0m[32m+        }
[0m[32m+        "std::collections::chunk" => {
[0m[32m+            let values = array!();
[0m[32m+            let size = nonnegative(int!())?;
[0m[32m+            if size == 0 {
[0m[32m+                return Err("chunk size must be positive".into());
[0m[32m+            }
[0m[32m+            Value::Array(
[0m[32m+                values
[0m[32m+                    .chunks(size)
[0m[32m+                    .map(|part| Value::Array(part.to_vec()))
[0m[32m+                    .collect(),
[0m[32m+            )
[0m[32m+        }
[0m[32m+        "std::map::keys" => {
[0m[32m+            Value::Array(expect_map(take!())?.into_keys().map(Value::Str).collect())
[0m[32m+        }
[0m         "std::map::values" => Value::Array(expect_map(take!())?.into_values().collect()),
[31m-        "std::map::contains" => { let values = expect_map(take!())?; Value::Bool(values.contains_key(&string!())) }
[0m[31m-        "std::map::get" => { let values = expect_map(take!())?; values.get(&string!()).cloned().unwrap_or(Value::Nil) }
[0m[31m-        "std::map::insert" => { let mut values = expect_map(take!())?; let key = string!(); values.insert(key, take!()); Value::Map(values) }
[0m[31m-        "std::map::remove" => { let mut values = expect_map(take!())?; values.remove(&string!()); Value::Map(values) }
[0m[32m+        "std::map::contains" => {
[0m[32m+            let values = expect_map(take!())?;
[0m[32m+            Value::Bool(values.contains_key(&string!()))
[0m[32m+        }
[0m[32m+        "std::map::get" => {
[0m[32m+            let values = expect_map(take!())?;
[0m[32m+            values.get(&string!()).cloned().unwrap_or(Value::Nil)
[0m[32m+        }
[0m[32m+        "std::map::insert" => {
[0m[32m+            let mut values = expect_map(take!())?;
[0m[32m+            let key = string!();
[0m[32m+            values.insert(key, take!());
[0m[32m+            Value::Map(values)
[0m[32m+        }
[0m[32m+        "std::map::remove" => {
[0m[32m+            let mut values = expect_map(take!())?;
[0m[32m+            values.remove(&string!());
[0m[32m+            Value::Map(values)
[0m[32m+        }
[0m 
         "std::math::sqrt" => checked_float(float!().sqrt(), "sqrt domain error")?,
[31m-        "std::math::pow" => { let base = float!(); checked_float(base.powf(float!()), "pow domain error")? }
[0m[31m-        "std::math::sin" => Value::Float(float!().sin()), "std::math::cos" => Value::Float(float!().cos()),
[0m[32m+        "std::math::pow" => {
[0m[32m+            let base = float!();
[0m[32m+            checked_float(base.powf(float!()), "pow domain error")?
[0m[32m+        }
[0m[32m+        "std::math::sin" => Value::Float(float!().sin()),
[0m[32m+        "std::math::cos" => Value::Float(float!().cos()),
[0m         "std::math::tan" => checked_float(float!().tan(), "tan produced a non-finite result")?,
         "std::math::ln" => checked_float(float!().ln(), "ln domain error")?,
[31m-        "std::math::abs" => Value::Float(float!().abs()), "std::math::floor" => Value::Float(float!().floor()),
[0m[31m-        "std::math::ceil" => Value::Float(float!().ceil()), "std::math::round" => Value::Float(float!().round()),
[0m[31m-        "std::stats::mean" => { let values = numbers(array!())?; if values.is_empty() { return Err("mean requires at least one number".into()); } Value::Float(values.iter().sum::<f64>() / values.len() as f64) }
[0m[31m-        "std::stats::median" => { let mut values = numbers(array!())?; Value::Float(stdlib::stats::median(&mut values).ok_or("median requires finite numbers")?) }
[0m[31m-        "std::stats::quantile" => { let mut values = numbers(array!())?; let q = float!(); Value::Float(stdlib::stats::quantile(&mut values, q).ok_or("invalid quantile or input")?) }
[0m[31m-        "std::stats::variance" => { let values = numbers(array!())?; let mut summary = stdlib::stats::Summary::new(); summary.extend(values); Value::Float(summary.variance_population().ok_or("variance requires numbers")?) }
[0m[31m-        "std::stats::stddev" => { let values = numbers(array!())?; let mut summary = stdlib::stats::Summary::new(); summary.extend(values); Value::Float(summary.standard_deviation().ok_or("standard deviation requires numbers")?) }
[0m[32m+        "std::math::abs" => Value::Float(float!().abs()),
[0m[32m+        "std::math::floor" => Value::Float(float!().floor()),
[0m[32m+        "std::math::ceil" => Value::Float(float!().ceil()),
[0m[32m+        "std::math::round" => Value::Float(float!().round()),
[0m[32m+        "std::stats::mean" => {
[0m[32m+            let values = numbers(array!())?;
[0m[32m+            if values.is_empty() {
[0m[32m+                return Err("mean requires at least one number".into());
[0m[32m+            }
[0m[32m+            Value::Float(values.iter().sum::<f64>() / values.len() as f64)
[0m[32m+        }
[0m[32m+        "std::stats::median" => {
[0m[32m+            let mut values = numbers(array!())?;
[0m[32m+            Value::Float(
[0m[32m+                stdlib::stats::median(&mut values).ok_or("median requires finite numbers")?,
[0m[32m+            )
[0m[32m+        }
[0m[32m+        "std::stats::quantile" => {
[0m[32m+            let mut values = numbers(array!())?;
[0m[32m+            let q = float!();
[0m[32m+            Value::Float(
[0m[32m+                stdlib::stats::quantile(&mut values, q).ok_or("invalid quantile or input")?,
[0m[32m+            )
[0m[32m+        }
[0m[32m+        "std::stats::variance" => {
[0m[32m+            let values = numbers(array!())?;
[0m[32m+            let mut summary = stdlib::stats::Summary::new();
[0m[32m+            summary.extend(values);
[0m[32m+            Value::Float(
[0m[32m+                summary
[0m[32m+                    .variance_population()
[0m[32m+                    .ok_or("variance requires numbers")?,
[0m[32m+            )
[0m[32m+        }
[0m[32m+        "std::stats::stddev" => {
[0m[32m+            let values = numbers(array!())?;
[0m[32m+            let mut summary = stdlib::stats::Summary::new();
[0m[32m+            summary.extend(values);
[0m[32m+            Value::Float(
[0m[32m+                summary
[0m[32m+                    .standard_deviation()
[0m[32m+                    .ok_or("standard deviation requires numbers")?,
[0m[32m+            )
[0m[32m+        }
[0m 
[31m-        "std::time::unix_seconds" => Value::Int(i64::try_from(stdlib::time::unix_seconds().map_err(error)?).map_err(error)?),
[0m[31m-        "std::time::unix_millis" => Value::Int(i64::try_from(stdlib::time::unix_millis().map_err(error)?).map_err(error)?),
[0m[31m-        "std::time::sleep_ms" => { stdlib::time::sleep(Duration::from_millis(u64::try_from(int!()).map_err(|_| "milliseconds must be nonnegative")?)); Value::Nil }
[0m[32m+        "std::time::unix_seconds" => {
[0m[32m+            Value::Int(i64::try_from(stdlib::time::unix_seconds().map_err(error)?).map_err(error)?)
[0m[32m+        }
[0m[32m+        "std::time::unix_millis" => {
[0m[32m+            Value::Int(i64::try_from(stdlib::time::unix_millis().map_err(error)?).map_err(error)?)
[0m[32m+        }
[0m[32m+        "std::time::sleep_ms" => {
[0m[32m+            stdlib::time::sleep(Duration::from_millis(
[0m[32m+                u64::try_from(int!()).map_err(|_| "milliseconds must be nonnegative")?,
[0m[32m+            ));
[0m[32m+            Value::Nil
[0m[32m+        }
[0m 
[31m-        "std::path::join" => Value::Str(stdlib::path::join(string!(), string!()).to_string_lossy().into()),
[0m[31m-        "std::path::normalize" => Value::Str(stdlib::path::normalize(string!()).to_string_lossy().into()),
[0m[32m+        "std::path::join" => Value::Str(
[0m[32m+            stdlib::path::join(string!(), string!())
[0m[32m+                .to_string_lossy()
[0m[32m+                .into(),
[0m[32m+        ),
[0m[32m+        "std::path::normalize" => {
[0m[32m+            Value::Str(stdlib::path::normalize(string!()).to_string_lossy().into())
[0m[32m+        }
[0m         "std::path::parent" => optional_path(stdlib::path::parent(string!())),
         "std::path::file_name" => optional_string(stdlib::path::file_name(string!())),
         "std::path::stem" => optional_string(stdlib::path::stem(string!())),
Diff in /data/data/com.termux/files/home/titan/crates/titan_vm/src/native.rs:102:
         "std::path::extension" => optional_string(stdlib::path::extension(string!())),
[31m-        "std::path::absolute" => Value::Str(stdlib::path::absolute(string!()).map_err(error)?.to_string_lossy().into()),
[0m[31m-        "std::path::canonical" => Value::Str(stdlib::path::canonical(string!()).map_err(error)?.to_string_lossy().into()),
[0m[32m+        "std::path::absolute" => Value::Str(
[0m[32m+            stdlib::path::absolute(string!())
[0m[32m+                .map_err(error)?
[0m[32m+                .to_string_lossy()
[0m[32m+                .into(),
[0m[32m+        ),
[0m[32m+        "std::path::canonical" => Value::Str(
[0m[32m+            stdlib::path::canonical(string!())
[0m[32m+                .map_err(error)?
[0m[32m+                .to_string_lossy()
[0m[32m+                .into(),
[0m[32m+        ),
[0m 
         "std::fs::read_text" => Value::Str(stdlib::io::read_file(string!()).map_err(error)?),
         "std::fs::read_bytes" => Value::Bytes(stdlib::io::read_bytes(string!()).map_err(error)?),
Diff in /data/data/com.termux/files/home/titan/crates/titan_vm/src/native.rs:108:
[31m-        "std::fs::write_text" => { let path = string!(); stdlib::io::write_file(path, &string!()).map_err(error)?; Value::Nil }
[0m[31m-        "std::fs::write_bytes" => { let path = string!(); stdlib::io::write_bytes(path, &bytes!()).map_err(error)?; Value::Nil }
[0m[31m-        "std::fs::atomic_write" => { let path = string!(); stdlib::io::atomic_write(path, &bytes!()).map_err(error)?; Value::Nil }
[0m[31m-        "std::fs::append" => { let path = string!(); stdlib::io::append(path, &bytes!()).map_err(error)?; Value::Nil }
[0m[31m-        "std::fs::exists" => Value::Bool(stdlib::io::exists(string!())), "std::fs::is_file" => Value::Bool(stdlib::io::is_file(string!())),
[0m[32m+        "std::fs::write_text" => {
[0m[32m+            let path = string!();
[0m[32m+            stdlib::io::write_file(path, &string!()).map_err(error)?;
[0m[32m+            Value::Nil
[0m[32m+        }
[0m[32m+        "std::fs::write_bytes" => {
[0m[32m+            let path = string!();
[0m[32m+            stdlib::io::write_bytes(path, &bytes!()).map_err(error)?;
[0m[32m+            Value::Nil
[0m[32m+        }
[0m[32m+        "std::fs::atomic_write" => {
[0m[32m+            let path = string!();
[0m[32m+            stdlib::io::atomic_write(path, &bytes!()).map_err(error)?;
[0m[32m+            Value::Nil
[0m[32m+        }
[0m[32m+        "std::fs::append" => {
[0m[32m+            let path = string!();
[0m[32m+            stdlib::io::append(path, &bytes!()).map_err(error)?;
[0m[32m+            Value::Nil
[0m[32m+        }
[0m[32m+        "std::fs::exists" => Value::Bool(stdlib::io::exists(string!())),
[0m[32m+        "std::fs::is_file" => Value::Bool(stdlib::io::is_file(string!())),
[0m         "std::fs::is_dir" => Value::Bool(stdlib::io::is_dir(string!())),
[31m-        "std::fs::create_dir" => { stdlib::io::create_dir(string!()).map_err(error)?; Value::Nil }
[0m[31m-        "std::fs::remove_file" => { stdlib::io::remove_file(string!()).map_err(error)?; Value::Nil }
[0m[31m-        "std::fs::remove_dir" => { stdlib::io::remove_dir(string!()).map_err(error)?; Value::Nil }
[0m[31m-        "std::fs::list_dir" => Value::Array(stdlib::io::list_dir(string!()).map_err(error)?.into_iter().map(|p| Value::Str(p.to_string_lossy().into())).collect()),
[0m[31m-        "std::fs::file_size" => Value::Int(i64::try_from(stdlib::io::file_size(string!()).map_err(error)?).map_err(error)?),
[0m[31m-        "std::fs::copy" => { let from = string!(); Value::Int(i64::try_from(stdlib::io::copy(from, string!()).map_err(error)?).map_err(error)?) }
[0m[31m-        "std::fs::rename" => { let from = string!(); stdlib::io::rename(from, string!()).map_err(error)?; Value::Nil }
[0m[32m+        "std::fs::create_dir" => {
[0m[32m+            stdlib::io::create_dir(string!()).map_err(error)?;
[0m[32m+            Value::Nil
[0m[32m+        }
[0m[32m+        "std::fs::remove_file" => {
[0m[32m+            stdlib::io::remove_file(string!()).map_err(error)?;
[0m[32m+            Value::Nil
[0m[32m+        }
[0m[32m+        "std::fs::remove_dir" => {
[0m[32m+            stdlib::io::remove_dir(string!()).map_err(error)?;
[0m[32m+            Value::Nil
[0m[32m+        }
[0m[32m+        "std::fs::list_dir" => Value::Array(
[0m[32m+            stdlib::io::list_dir(string!())
[0m[32m+                .map_err(error)?
[0m[32m+                .into_iter()
[0m[32m+                .map(|p| Value::Str(p.to_string_lossy().into()))
[0m[32m+                .collect(),
[0m[32m+        ),
[0m[32m+        "std::fs::file_size" => Value::Int(
[0m[32m+            i64::try_from(stdlib::io::file_size(string!()).map_err(error)?).map_err(error)?,
[0m[32m+        ),
[0m[32m+        "std::fs::copy" => {
[0m[32m+            let from = string!();
[0m[32m+            Value::Int(
[0m[32m+                i64::try_from(stdlib::io::copy(from, string!()).map_err(error)?).map_err(error)?,
[0m[32m+            )
[0m[32m+        }
[0m[32m+        "std::fs::rename" => {
[0m[32m+            let from = string!();
[0m[32m+            stdlib::io::rename(from, string!()).map_err(error)?;
[0m[32m+            Value::Nil
[0m[32m+        }
[0m 
[31m-        "std::process::run" => { let program = string!(); process_output(stdlib::process::CommandSpec::new(program).args(strings(array!())?).output().map_err(error)?) }
[0m[31m-        "std::process::run_timeout" => { let program = string!(); let arguments = strings(array!())?; let timeout = u64::try_from(int!()).map_err(|_| "timeout must be nonnegative")?; process_output(stdlib::process::CommandSpec::new(program).args(arguments).output_timeout(Duration::from_millis(timeout)).map_err(error)?) }
[0m[31m-        "std::env::get" => std::env::var(string!()).map(Value::Str).unwrap_or(Value::Nil),
[0m[32m+        "std::process::run" => {
[0m[32m+            let program = string!();
[0m[32m+            process_output(
[0m[32m+                stdlib::process::CommandSpec::new(program)
[0m[32m+                    .args(strings(array!())?)
[0m[32m+                    .output()
[0m[32m+                    .map_err(error)?,
[0m[32m+            )
[0m[32m+        }
[0m[32m+        "std::process::run_timeout" => {
[0m[32m+            let program = string!();
[0m[32m+            let arguments = strings(array!())?;
[0m[32m+            let timeout = u64::try_from(int!()).map_err(|_| "timeout must be nonnegative")?;
[0m[32m+            process_output(
[0m[32m+                stdlib::process::CommandSpec::new(program)
[0m[32m+                    .args(arguments)
[0m[32m+                    .output_timeout(Duration::from_millis(timeout))
[0m[32m+                    .map_err(error)?,
[0m[32m+            )
[0m[32m+        }
[0m[32m+        "std::env::get" => std::env::var(string!())
[0m[32m+            .map(Value::Str)
[0m[32m+            .unwrap_or(Value::Nil),
[0m         "std::env::args" => Value::Array(std::env::args().map(Value::Str).collect()),
[31m-        "std::env::current_dir" => Value::Str(std::env::current_dir().map_err(error)?.to_string_lossy().into()),
[0m[31m-        "std::net::http_get" => { let response = stdlib::net::http_get(&string!()).map_err(error)?; let mut map = BTreeMap::new(); map.insert("status".into(), Value::Int(i64::from(response.status))); map.insert("body".into(), Value::Bytes(response.body)); map.insert("headers".into(), Value::Array(response.headers.into_iter().map(|(k,v)| Value::Tuple(vec![Value::Str(k), Value::Str(v)])).collect())); Value::Map(map) }
[0m[31m-        "std::testing::assert" => { let condition = take!(); let Value::Bool(condition) = condition else { return Err("assert condition must be bool".into()); }; let message = string!(); if !condition { return Err(format!("assertion failed: {message}")); } Value::Nil }
[0m[31m-        "std::testing::assert_eq" => { let left = take!(); let right = take!(); let message = string!(); if left != right { return Err(format!("assertion failed: {message}; left={}, right={}", val_to_string(&left), val_to_string(&right))); } Value::Nil }
[0m[32m+        "std::env::current_dir" => Value::Str(
[0m[32m+            std::env::current_dir()
[0m[32m+                .map_err(error)?
[0m[32m+                .to_string_lossy()
[0m[32m+                .into(),
[0m[32m+        ),
[0m[32m+        "std::net::http_get" => {
[0m[32m+            let response = stdlib::net::http_get(&string!()).map_err(error)?;
[0m[32m+            let mut map = BTreeMap::new();
[0m[32m+            map.insert("status".into(), Value::Int(i64::from(response.status)));
[0m[32m+            map.insert("body".into(), Value::Bytes(response.body));
[0m[32m+            map.insert(
[0m[32m+                "headers".into(),
[0m[32m+                Value::Array(
[0m[32m+                    response
[0m[32m+                        .headers
[0m[32m+                        .into_iter()
[0m[32m+                        .map(|(k, v)| Value::Tuple(vec![Value::Str(k), Value::Str(v)]))
[0m[32m+                        .collect(),
[0m[32m+                ),
[0m[32m+            );
[0m[32m+            Value::Map(map)
[0m[32m+        }
[0m[32m+        "std::testing::assert" => {
[0m[32m+            let condition = take!();
[0m[32m+            let Value::Bool(condition) = condition else {
[0m[32m+                return Err("assert condition must be bool".into());
[0m[32m+            };
[0m[32m+            let message = string!();
[0m[32m+            if !condition {
[0m[32m+                return Err(format!("assertion failed: {message}"));
[0m[32m+            }
[0m[32m+            Value::Nil
[0m[32m+        }
[0m[32m+        "std::testing::assert_eq" => {
[0m[32m+            let left = take!();
[0m[32m+            let right = take!();
[0m[32m+            let message = string!();
[0m[32m+            if left != right {
[0m[32m+                return Err(format!(
[0m[32m+                    "assertion failed: {message}; left={}, right={}",
[0m[32m+                    val_to_string(&left),
[0m[32m+                    val_to_string(&right)
[0m[32m+                ));
[0m[32m+            }
[0m[32m+            Value::Nil
[0m[32m+        }
[0m         _ => return Err("registered function has no VM implementation".into()),
     })
 }
Diff in /data/data/com.termux/files/home/titan/crates/titan_vm/src/native.rs:133:
 
[31m-fn require_capability(name: &str, capability: Capability, caps: RuntimeCapabilities) -> Result<(), VmError> {
[0m[31m-    let allowed = match capability { Capability::None => true, Capability::Filesystem => caps.filesystem, Capability::Process => caps.process, Capability::Network => caps.network, Capability::Environment => caps.environment };
[0m[31m-    if allowed { Ok(()) } else { Err(VmError::PermissionDenied { function: name.into(), capability: format!("{capability:?}") }) }
[0m[32m+fn require_capability(
[0m[32m+    name: &str,
[0m[32m+    capability: Capability,
[0m[32m+    caps: RuntimeCapabilities,
[0m[32m+) -> Result<(), VmError> {
[0m[32m+    let allowed = match capability {
[0m[32m+        Capability::None => true,
[0m[32m+        Capability::Filesystem => caps.filesystem,
[0m[32m+        Capability::Process => caps.process,
[0m[32m+        Capability::Network => caps.network,
[0m[32m+        Capability::Environment => caps.environment,
[0m[32m+    };
[0m[32m+    if allowed {
[0m[32m+        Ok(())
[0m[32m+    } else {
[0m[32m+        Err(VmError::PermissionDenied {
[0m[32m+            function: name.into(),
[0m[32m+            capability: format!("{capability:?}"),
[0m[32m+        })
[0m[32m+    }
[0m }
[31m-fn failure(function: &str, message: &str) -> VmError { VmError::Native { function: function.into(), message: message.into() } }
[0m[31m-fn error(error: impl std::fmt::Display) -> String { error.to_string() }
[0m[31m-fn expect_string(value: Value) -> Result<String, String> { if let Value::Str(v) = value { Ok(v) } else { Err("expected string".into()) } }
[0m[31m-fn expect_bytes(value: Value) -> Result<Vec<u8>, String> { match value { Value::Bytes(v) => Ok(v), Value::Str(v) => Ok(v.into_bytes()), _ => Err("expected bytes or string".into()) } }
[0m[31m-fn expect_int(value: Value) -> Result<i64, String> { if let Value::Int(v) = value { Ok(v) } else { Err("expected int".into()) } }
[0m[31m-fn expect_float(value: Value) -> Result<f64, String> { match value { Value::Float(v) => Ok(v), Value::Int(v) => Ok(v as f64), _ => Err("expected number".into()) } }
[0m[31m-fn expect_array(value: Value) -> Result<Vec<Value>, String> { match value { Value::Array(v) | Value::Tuple(v) => Ok(v), _ => Err("expected array".into()) } }
[0m[31m-fn expect_map(value: Value) -> Result<BTreeMap<String, Value>, String> { if let Value::Map(values) = value { Ok(values) } else { Err("expected map".into()) } }
[0m[31m-fn expect_string_array(value: Value) -> Result<Vec<String>, String> { expect_array(value)?.into_iter().map(expect_string).collect() }
[0m[31m-fn strings(values: Vec<Value>) -> Result<Vec<String>, String> { values.into_iter().map(expect_string).collect() }
[0m[31m-fn numbers(values: Vec<Value>) -> Result<Vec<f64>, String> { values.into_iter().map(expect_float).collect() }
[0m[31m-fn nonnegative(value: i64) -> Result<usize, String> { usize::try_from(value).map_err(|_| "expected nonnegative integer".into()) }
[0m[31m-fn to_i64(value: usize) -> Result<i64, String> { i64::try_from(value).map_err(error) }
[0m[31m-fn checked_float(value: f64, message: &str) -> Result<Value, String> { if value.is_finite() { Ok(Value::Float(value)) } else { Err(message.into()) } }
[0m[31m-fn optional_string(value: Option<String>) -> Value { value.map(Value::Str).unwrap_or(Value::Nil) }
[0m[31m-fn optional_path(value: Option<std::path::PathBuf>) -> Value { value.map(|p| Value::Str(p.to_string_lossy().into())).unwrap_or(Value::Nil) }
[0m[31m-fn value_length(value: &Value) -> Result<usize, String> { match value { Value::Str(v) => Ok(v.chars().count()), Value::Bytes(v) => Ok(v.len()), Value::Array(v) | Value::Tuple(v) => Ok(v.len()), Value::Map(v) => Ok(v.len()), _ => Err("value has no length".into()) } }
[0m[31m-fn process_output(output: stdlib::process::ProcessOutput) -> Value { let mut map = BTreeMap::new(); map.insert("status".into(), output.status.map(|v| Value::Int(i64::from(v))).unwrap_or(Value::Nil)); map.insert("success".into(), Value::Bool(output.success)); map.insert("stdout".into(), Value::Bytes(output.stdout)); map.insert("stderr".into(), Value::Bytes(output.stderr)); map.insert("timed_out".into(), Value::Bool(output.timed_out)); Value::Map(map) }
[0m[32m+fn failure(function: &str, message: &str) -> VmError {
[0m[32m+    VmError::Native {
[0m[32m+        function: function.into(),
[0m[32m+        message: message.into(),
[0m[32m+    }
[0m[32m+}
[0m[32m+fn error(error: impl std::fmt::Display) -> String {
[0m[32m+    error.to_string()
[0m[32m+}
[0m[32m+fn expect_string(value: Value) -> Result<String, String> {
[0m[32m+    if let Value::Str(v) = value {
[0m[32m+        Ok(v)
[0m[32m+    } else {
[0m[32m+        Err("expected string".into())
[0m[32m+    }
[0m[32m+}
[0m[32m+fn expect_bytes(value: Value) -> Result<Vec<u8>, String> {
[0m[32m+    match value {
[0m[32m+        Value::Bytes(v) => Ok(v),
[0m[32m+        Value::Str(v) => Ok(v.into_bytes()),
[0m[32m+        _ => Err("expected bytes or string".into()),
[0m[32m+    }
[0m[32m+}
[0m[32m+fn expect_int(value: Value) -> Result<i64, String> {
[0m[32m+    if let Value::Int(v) = value {
[0m[32m+        Ok(v)
[0m[32m+    } else {
[0m[32m+        Err("expected int".into())
[0m[32m+    }
[0m[32m+}
[0m[32m+fn expect_float(value: Value) -> Result<f64, String> {
[0m[32m+    match value {
[0m[32m+        Value::Float(v) => Ok(v),
[0m[32m+        Value::Int(v) => Ok(v as f64),
[0m[32m+        _ => Err("expected number".into()),
[0m[32m+    }
[0m[32m+}
[0m[32m+fn expect_array(value: Value) -> Result<Vec<Value>, String> {
[0m[32m+    match value {
[0m[32m+        Value::Array(v) | Value::Tuple(v) => Ok(v),
[0m[32m+        _ => Err("expected array".into()),
[0m[32m+    }
[0m[32m+}
[0m[32m+fn expect_map(value: Value) -> Result<BTreeMap<String, Value>, String> {
[0m[32m+    if let Value::Map(values) = value {
[0m[32m+        Ok(values)
[0m[32m+    } else {
[0m[32m+        Err("expected map".into())
[0m[32m+    }
[0m[32m+}
[0m[32m+fn expect_string_array(value: Value) -> Result<Vec<String>, String> {
[0m[32m+    expect_array(value)?
[0m[32m+        .into_iter()
[0m[32m+        .map(expect_string)
[0m[32m+        .collect()
[0m[32m+}
[0m[32m+fn strings(values: Vec<Value>) -> Result<Vec<String>, String> {
[0m[32m+    values.into_iter().map(expect_string).collect()
[0m[32m+}
[0m[32m+fn numbers(values: Vec<Value>) -> Result<Vec<f64>, String> {
[0m[32m+    values.into_iter().map(expect_float).collect()
[0m[32m+}
[0m[32m+fn nonnegative(value: i64) -> Result<usize, String> {
[0m[32m+    usize::try_from(value).map_err(|_| "expected nonnegative integer".into())
[0m[32m+}
[0m[32m+fn to_i64(value: usize) -> Result<i64, String> {
[0m[32m+    i64::try_from(value).map_err(error)
[0m[32m+}
[0m[32m+fn checked_float(value: f64, message: &str) -> Result<Value, String> {
[0m[32m+    if value.is_finite() {
[0m[32m+        Ok(Value::Float(value))
[0m[32m+    } else {
[0m[32m+        Err(message.into())
[0m[32m+    }
[0m[32m+}
[0m[32m+fn optional_string(value: Option<String>) -> Value {
[0m[32m+    value.map(Value::Str).unwrap_or(Value::Nil)
[0m[32m+}
[0m[32m+fn optional_path(value: Option<std::path::PathBuf>) -> Value {
[0m[32m+    value
[0m[32m+        .map(|p| Value::Str(p.to_string_lossy().into()))
[0m[32m+        .unwrap_or(Value::Nil)
[0m[32m+}
[0m[32m+fn value_length(value: &Value) -> Result<usize, String> {
[0m[32m+    match value {
[0m[32m+        Value::Str(v) => Ok(v.chars().count()),
[0m[32m+        Value::Bytes(v) => Ok(v.len()),
[0m[32m+        Value::Array(v) | Value::Tuple(v) => Ok(v.len()),
[0m[32m+        Value::Map(v) => Ok(v.len()),
[0m[32m+        _ => Err("value has no length".into()),
[0m[32m+    }
[0m[32m+}
[0m[32m+fn process_output(output: stdlib::process::ProcessOutput) -> Value {
[0m[32m+    let mut map = BTreeMap::new();
[0m[32m+    map.insert(
[0m[32m+        "status".into(),
[0m[32m+        output
[0m[32m+            .status
[0m[32m+            .map(|v| Value::Int(i64::from(v)))
[0m[32m+            .unwrap_or(Value::Nil),
[0m[32m+    );
[0m[32m+    map.insert("success".into(), Value::Bool(output.success));
[0m[32m+    map.insert("stdout".into(), Value::Bytes(output.stdout));
[0m[32m+    map.insert("stderr".into(), Value::Bytes(output.stderr));
[0m[32m+    map.insert("timed_out".into(), Value::Bool(output.timed_out));
[0m[32m+    Value::Map(map)
[0m[32m+}
[0m 
 fn to_json(value: Value) -> Result<serde_json::Value, String> {
     Ok(match value {
Diff in /data/data/com.termux/files/home/titan/crates/titan_vm/src/native.rs:159:
[31m-        Value::Nil => serde_json::Value::Null, Value::Bool(v) => v.into(), Value::Int(v) => v.into(),
[0m[31m-        Value::Float(v) => serde_json::Number::from_f64(v).map(serde_json::Value::Number).ok_or("non-finite JSON number")?,
[0m[31m-        Value::Char(v) => v.to_string().into(), Value::Str(v) => v.into(),
[0m[31m-        Value::Bytes(v) => serde_json::Value::Array(v.into_iter().map(|x| serde_json::Value::from(u64::from(x))).collect()),
[0m[31m-        Value::Array(v) | Value::Tuple(v) => serde_json::Value::Array(v.into_iter().map(to_json).collect::<Result<_, _>>()?),
[0m[31m-        Value::Map(v) | Value::Struct { fields: v, .. } => serde_json::Value::Object(v.into_iter().map(|(k,v)| Ok((k, to_json(v)?))).collect::<Result<_, String>>()?),
[0m[31m-        Value::Enum { name, variant, payload } => { let mut map = serde_json::Map::new(); map.insert("type".into(), name.into()); map.insert("variant".into(), variant.into()); if let Some(value) = payload { map.insert("payload".into(), to_json(*value)?); } serde_json::Value::Object(map) }
[0m[32m+        Value::Nil => serde_json::Value::Null,
[0m[32m+        Value::Bool(v) => v.into(),
[0m[32m+        Value::Int(v) => v.into(),
[0m[32m+        Value::Float(v) => serde_json::Number::from_f64(v)
[0m[32m+            .map(serde_json::Value::Number)
[0m[32m+            .ok_or("non-finite JSON number")?,
[0m[32m+        Value::Char(v) => v.to_string().into(),
[0m[32m+        Value::Str(v) => v.into(),
[0m[32m+        Value::Bytes(v) => serde_json::Value::Array(
[0m[32m+            v.into_iter()
[0m[32m+                .map(|x| serde_json::Value::from(u64::from(x)))
[0m[32m+                .collect(),
[0m[32m+        ),
[0m[32m+        Value::Array(v) | Value::Tuple(v) => {
[0m[32m+            serde_json::Value::Array(v.into_iter().map(to_json).collect::<Result<_, _>>()?)
[0m[32m+        }
[0m[32m+        Value::Map(v) | Value::Struct { fields: v, .. } => serde_json::Value::Object(
[0m[32m+            v.into_iter()
[0m[32m+                .map(|(k, v)| Ok((k, to_json(v)?)))
[0m[32m+                .collect::<Result<_, String>>()?,
[0m[32m+        ),
[0m[32m+        Value::Enum {
[0m[32m+            name,
[0m[32m+            variant,
[0m[32m+            payload,
[0m[32m+        } => {
[0m[32m+            let mut map = serde_json::Map::new();
[0m[32m+            map.insert("type".into(), name.into());
[0m[32m+            map.insert("variant".into(), variant.into());
[0m[32m+            if let Some(value) = payload {
[0m[32m+                map.insert("payload".into(), to_json(*value)?);
[0m[32m+            }
[0m[32m+            serde_json::Value::Object(map)
[0m[32m+        }
[0m         Value::Closure { .. } => return Err("functions cannot be encoded as JSON".into()),
     })
 }
Diff in /data/data/com.termux/files/home/titan/crates/titan_vm/src/native.rs:169:
 fn from_json(value: serde_json::Value) -> Result<Value, String> {
     Ok(match value {
[31m-        serde_json::Value::Null => Value::Nil, serde_json::Value::Bool(v) => Value::Bool(v),
[0m[31m-        serde_json::Value::Number(v) => if let Some(i) = v.as_i64() { Value::Int(i) } else { Value::Float(v.as_f64().ok_or("invalid JSON number")?) },
[0m[32m+        serde_json::Value::Null => Value::Nil,
[0m[32m+        serde_json::Value::Bool(v) => Value::Bool(v),
[0m[32m+        serde_json::Value::Number(v) => {
[0m[32m+            if let Some(i) = v.as_i64() {
[0m[32m+                Value::Int(i)
[0m[32m+            } else {
[0m[32m+                Value::Float(v.as_f64().ok_or("invalid JSON number")?)
[0m[32m+            }
[0m[32m+        }
[0m         serde_json::Value::String(v) => Value::Str(v),
[31m-        serde_json::Value::Array(v) => Value::Array(v.into_iter().map(from_json).collect::<Result<_, _>>()?),
[0m[31m-        serde_json::Value::Object(v) => Value::Map(v.into_iter().map(|(k,v)| Ok((k, from_json(v)?))).collect::<Result<_, String>>()?),
[0m[32m+        serde_json::Value::Array(v) => {
[0m[32m+            Value::Array(v.into_iter().map(from_json).collect::<Result<_, _>>()?)
[0m[32m+        }
[0m[32m+        serde_json::Value::Object(v) => Value::Map(
[0m[32m+            v.into_iter()
[0m[32m+                .map(|(k, v)| Ok((k, from_json(v)?)))
[0m[32m+                .collect::<Result<_, String>>()?,
[0m[32m+        ),
[0m     })
 }
 
